[2026-07-28T11:51:15.240Z] INFO: Email configuration check {"hasHost":true,"host":"smtp.gmail.com","port":587,"hasUser":true,"hasPass":true,"hasFrom":true,"hasApiKey":false,"apiProvider":null,"bypassEmail":false}
[2026-07-28T11:51:15.254Z] INFO: Email service initialized successfully (SMTP) {"host":"smtp.gmail.com","port":587,"user":"santoshshimpankar.ukvalley@gmail.com"}
[2026-07-28T11:51:19.553Z] INFO: [WhatsApp] Twilio client initialized successfully
[2026-07-28T11:51:19.568Z] INFO: [Telegram] Bot token configured, service ready
[2026-07-28T11:51:21.085Z] INFO: Initializing cron jobs...
[2026-07-28T11:51:21.120Z] INFO: Job recharge-reminder scheduled: 0 9 * * *
[2026-07-28T11:51:21.135Z] INFO: Job inactive-sim-alert scheduled: 0 10 * * *
[2026-07-28T11:51:21.143Z] INFO: Job subscription-expiry-check scheduled: 0 8 * * *
[2026-07-28T11:51:21.147Z] INFO: Job data-cleanup scheduled: 0 2 * * 0
[2026-07-28T11:51:21.150Z] INFO: Job whatsapp-inactive-check scheduled: */5 * * * *
[2026-07-28T11:51:21.152Z] INFO: Job telegram-inactive-check scheduled: */5 * * * *
[2026-07-28T11:51:21.154Z] INFO: Job wifi-alert-check scheduled: */20 * * * *
[2026-07-28T11:51:21.156Z] INFO: Job wifi-metrics-cleanup scheduled: 0 3 * * 0
[2026-07-28T11:51:21.156Z] INFO: All cron jobs initialized
[2026-07-28T11:51:21.321Z] INFO: Email transporter verified successfully - emails will be sent
[2026-07-28T11:55:00.195Z] INFO: Starting WhatsApp inactive check job
[2026-07-28T11:55:00.591Z] INFO: [WhatsApp Cron] Processing inactive messages...
[2026-07-28T11:55:00.605Z] INFO: Starting Telegram inactive check job
[2026-07-28T11:55:00.607Z] INFO: [Telegram Cron] Processing inactive messages...
[2026-07-28T11:55:00.619Z] INFO: [WhatsApp Cron] Processed 0 messages, updated 0 SIMs
[2026-07-28T11:55:00.620Z] INFO: WhatsApp inactive check completed: 0 messages processed, 0 SIMs marked inactive
[2026-07-28T11:55:00.626Z] INFO: [Telegram Cron] Processed 0 messages, updated 0 SIMs
[2026-07-28T11:55:00.627Z] INFO: Telegram inactive check completed: 0 messages processed, 0 SIMs marked inactive
[2026-07-28T12:00:00.385Z] INFO: Starting WhatsApp inactive check job
[2026-07-28T12:00:00.793Z] INFO: [WhatsApp Cron] Processing inactive messages...
[2026-07-28T12:00:00.844Z] INFO: Starting Telegram inactive check job
[2026-07-28T12:00:00.847Z] INFO: [Telegram Cron] Processing inactive messages...
[2026-07-28T12:00:00.859Z] INFO: [WhatsApp Cron] Processed 0 messages, updated 0 SIMs
[2026-07-28T12:00:00.861Z] INFO: WhatsApp inactive check completed: 0 messages processed, 0 SIMs marked inactive
[2026-07-28T12:00:00.869Z] INFO: [Telegram Cron] Processed 0 messages, updated 0 SIMs
[2026-07-28T12:00:00.870Z] INFO: Telegram inactive check completed: 0 messages processed, 0 SIMs marked inactive
[2026-07-28T12:03:32.631Z] INFO: Audit log created: AUTH.USER_LOGIN {"logId":"6a689a9404a6fc2275409c16","performedBy":"69f8ad5bdbf168cbe61bcbc8","companyId":null}
[2026-07-28T12:04:08.493Z] INFO: Audit log created: AUTH.USER_LOGOUT {"logId":"6a689ab804a6fc2275409d3e","performedBy":"69f8ad5bdbf168cbe61bcbc8","companyId":null}
[2026-07-28T12:05:00.433Z] INFO: Starting WhatsApp inactive check job
[2026-07-28T12:05:00.445Z] INFO: [WhatsApp Cron] Processing inactive messages...
[2026-07-28T12:05:00.460Z] INFO: [WhatsApp Cron] Processed 0 messages, updated 0 SIMs
[2026-07-28T12:05:00.461Z] INFO: WhatsApp inactive check completed: 0 messages processed, 0 SIMs marked inactive
[2026-07-28T12:05:00.776Z] INFO: Starting Telegram inactive check job
[2026-07-28T12:05:00.777Z] INFO: [Telegram Cron] Processing inactive messages...
[2026-07-28T12:05:00.797Z] INFO: [Telegram Cron] Processed 0 messages, updated 0 SIMs
[2026-07-28T12:05:00.798Z] INFO: Telegram inactive check completed: 0 messages processed, 0 SIMs marked inactive
[2026-07-28T12:10:00.298Z] INFO: Starting WhatsApp inactive check job
[2026-07-28T12:10:00.367Z] INFO: [WhatsApp Cron] Processing inactive messages...
[2026-07-28T12:10:00.401Z] INFO: [WhatsApp Cron] Processed 0 messages, updated 0 SIMs
[2026-07-28T12:10:00.402Z] INFO: WhatsApp inactive check completed: 0 messages processed, 0 SIMs marked inactive
[2026-07-28T12:10:00.523Z] INFO: Starting Telegram inactive check job
[2026-07-28T12:10:00.525Z] INFO: [Telegram Cron] Processing inactive messages...
[2026-07-28T12:10:00.540Z] INFO: [Telegram Cron] Processed 0 messages, updated 0 SIMs
[2026-07-28T12:10:00.541Z] INFO: Telegram inactive check completed: 0 messages processed, 0 SIMs marked inactive
[2026-07-28T12:10:01.007Z] INFO: Starting WiFi alert check job
[2026-07-28T12:10:01.799Z] INFO: [WIFI ALERT] All checks completed {"checked":0,"skipped":3,"alertsCreated":0,"alertsUpdated":0,"alertsResolved":0,"emailsSent":0,"emailErrors":[],"errors":[],"offlineAlertsCreated":0,"wifiOffAlertsCreated":0,"disconnectedAlertsCreated":0,"notificationsCreated":0}
[2026-07-28T12:10:01.800Z] INFO: WiFi alert check job completed
[2026-07-28T12:15:00.610Z] INFO: Starting WhatsApp inactive check job
[2026-07-28T12:15:00.640Z] INFO: [WhatsApp Cron] Processing inactive messages...
[2026-07-28T12:15:00.658Z] INFO: Starting Telegram inactive check job
[2026-07-28T12:15:00.659Z] INFO: [Telegram Cron] Processing inactive messages...
[2026-07-28T12:15:00.680Z] INFO: [WhatsApp Cron] Processed 0 messages, updated 0 SIMs
[2026-07-28T12:15:00.681Z] INFO: WhatsApp inactive check completed: 0 messages processed, 0 SIMs marked inactive
[2026-07-28T12:15:00.689Z] INFO: [Telegram Cron] Processed 0 messages, updated 0 SIMs
[2026-07-28T12:15:00.689Z] INFO: Telegram inactive check completed: 0 messages processed, 0 SIMs marked inactive
[2026-07-28T12:20:00.615Z] INFO: Starting WhatsApp inactive check job
[2026-07-28T12:20:00.726Z] INFO: [WhatsApp Cron] Processing inactive messages...
[2026-07-28T12:20:00.740Z] INFO: Starting Telegram inactive check job
[2026-07-28T12:20:00.742Z] INFO: [Telegram Cron] Processing inactive messages...
[2026-07-28T12:20:00.753Z] INFO: [WhatsApp Cron] Processed 0 messages, updated 0 SIMs
[2026-07-28T12:20:00.754Z] INFO: WhatsApp inactive check completed: 0 messages processed, 0 SIMs marked inactive
[2026-07-28T12:20:00.757Z] INFO: [Telegram Cron] Processed 0 messages, updated 0 SIMs
[2026-07-28T12:20:00.758Z] INFO: Telegram inactive check completed: 0 messages processed, 0 SIMs marked inactive
[2026-07-28T12:25:00.086Z] INFO: Starting WhatsApp inactive check job
[2026-07-28T12:25:00.452Z] INFO: [WhatsApp Cron] Processing inactive messages...
[2026-07-28T12:25:00.489Z] INFO: Starting Telegram inactive check job
[2026-07-28T12:25:00.490Z] INFO: [Telegram Cron] Processing inactive messages...
[2026-07-28T12:25:00.509Z] INFO: [WhatsApp Cron] Processed 0 messages, updated 0 SIMs
[2026-07-28T12:25:00.510Z] INFO: WhatsApp inactive check completed: 0 messages processed, 0 SIMs marked inactive
[2026-07-28T12:25:00.513Z] INFO: [Telegram Cron] Processed 0 messages, updated 0 SIMs
[2026-07-28T12:25:00.514Z] INFO: Telegram inactive check completed: 0 messages processed, 0 SIMs marked inactive
[2026-07-28T12:28:48.423Z] INFO: Email configuration check {"hasHost":true,"host":"smtp.gmail.com","port":587,"hasUser":true,"hasPass":true,"hasFrom":true,"hasApiKey":false,"apiProvider":null,"bypassEmail":false}
[2026-07-28T12:28:48.477Z] INFO: Email service initialized successfully (SMTP) {"host":"smtp.gmail.com","port":587,"user":"santoshshimpankar.ukvalley@gmail.com"}
[2026-07-28T12:28:56.685Z] INFO: [WhatsApp] Twilio client initialized successfully
[2026-07-28T12:28:56.718Z] INFO: [Telegram] Bot token configured, service ready
[2026-07-28T12:28:58.583Z] INFO: Initializing cron jobs...
[2026-07-28T12:28:58.708Z] INFO: Job recharge-reminder scheduled: 0 9 * * *
[2026-07-28T12:28:58.710Z] INFO: Job inactive-sim-alert scheduled: 0 10 * * *
[2026-07-28T12:28:58.712Z] INFO: Job subscription-expiry-check scheduled: 0 8 * * *
[2026-07-28T12:28:58.713Z] INFO: Job data-cleanup scheduled: 0 2 * * 0
[2026-07-28T12:28:58.716Z] INFO: Job whatsapp-inactive-check scheduled: */5 * * * *
[2026-07-28T12:28:58.718Z] INFO: Job telegram-inactive-check scheduled: */5 * * * *
[2026-07-28T12:28:58.720Z] INFO: Job wifi-alert-check scheduled: */20 * * * *
[2026-07-28T12:28:58.721Z] INFO: Job wifi-metrics-cleanup scheduled: 0 3 * * 0
[2026-07-28T12:28:58.741Z] INFO: All cron jobs initialized
[2026-07-28T12:28:59.222Z] INFO: Email transporter verified successfully - emails will be sent
[2026-07-28T12:30:00.512Z] INFO: Starting WhatsApp inactive check job
[2026-07-28T12:30:00.572Z] INFO: [WhatsApp Cron] Processing inactive messages...
[2026-07-28T12:30:00.584Z] INFO: Starting Telegram inactive check job
[2026-07-28T12:30:00.586Z] INFO: [Telegram Cron] Processing inactive messages...
[2026-07-28T12:30:00.598Z] INFO: Starting WiFi alert check job
[2026-07-28T12:30:00.617Z] INFO: [WhatsApp Cron] Processed 0 messages, updated 0 SIMs
[2026-07-28T12:30:00.618Z] INFO: WhatsApp inactive check completed: 0 messages processed, 0 SIMs marked inactive
[2026-07-28T12:30:00.622Z] INFO: [Telegram Cron] Processed 0 messages, updated 0 SIMs
[2026-07-28T12:30:00.628Z] INFO: Telegram inactive check completed: 0 messages processed, 0 SIMs marked inactive
[2026-07-28T12:30:01.228Z] INFO: [WIFI ALERT] All checks completed {"checked":0,"skipped":3,"alertsCreated":0,"alertsUpdated":0,"alertsResolved":0,"emailsSent":0,"emailErrors":[],"errors":[],"offlineAlertsCreated":0,"wifiOffAlertsCreated":0,"disconnectedAlertsCreated":0,"notificationsCreated":0}
[2026-07-28T12:30:01.229Z] INFO: WiFi alert check job completed
[2026-07-28T12:35:00.460Z] INFO: Starting WhatsApp inactive check job
[2026-07-28T12:35:00.595Z] INFO: [WhatsApp Cron] Processing inactive messages...
[2026-07-28T12:35:00.656Z] INFO: Starting Telegram inactive check job
[2026-07-28T12:35:00.659Z] INFO: [Telegram Cron] Processing inactive messages...
[2026-07-28T12:35:00.671Z] INFO: [WhatsApp Cron] Processed 0 messages, updated 0 SIMs
[2026-07-28T12:35:00.672Z] INFO: WhatsApp inactive check completed: 0 messages processed, 0 SIMs marked inactive
[2026-07-28T12:35:00.677Z] INFO: [Telegram Cron] Processed 0 messages, updated 0 SIMs
[2026-07-28T12:35:00.677Z] INFO: Telegram inactive check completed: 0 messages processed, 0 SIMs marked inactive
[2026-07-28T12:40:00.120Z] INFO: Starting Telegram inactive check job
[2026-07-28T12:40:00.147Z] INFO: [Telegram Cron] Processing inactive messages...
[2026-07-28T12:40:00.194Z] INFO: [Telegram Cron] Processed 0 messages, updated 0 SIMs
[2026-07-28T12:40:00.195Z] INFO: Telegram inactive check completed: 0 messages processed, 0 SIMs marked inactive
[2026-07-28T12:40:00.865Z] INFO: Starting WhatsApp inactive check job
[2026-07-28T12:40:00.867Z] INFO: [WhatsApp Cron] Processing inactive messages...
[2026-07-28T12:40:00.886Z] INFO: [WhatsApp Cron] Processed 0 messages, updated 0 SIMs
[2026-07-28T12:40:00.887Z] INFO: WhatsApp inactive check completed: 0 messages processed, 0 SIMs marked inactive
[2026-07-28T12:45:00.207Z] INFO: Starting WhatsApp inactive check job
[2026-07-28T12:45:00.318Z] INFO: [WhatsApp Cron] Processing inactive messages...
[2026-07-28T12:45:00.328Z] INFO: Starting Telegram inactive check job
[2026-07-28T12:45:00.329Z] INFO: [Telegram Cron] Processing inactive messages...
[2026-07-28T12:45:00.373Z] INFO: [WhatsApp Cron] Processed 0 messages, updated 0 SIMs
[2026-07-28T12:45:00.374Z] INFO: WhatsApp inactive check completed: 0 messages processed, 0 SIMs marked inactive
[2026-07-28T12:45:00.376Z] INFO: [Telegram Cron] Processed 0 messages, updated 0 SIMs
[2026-07-28T12:45:00.377Z] INFO: Telegram inactive check completed: 0 messages processed, 0 SIMs marked inactive
[2026-07-28T12:50:00.256Z] INFO: Starting WhatsApp inactive check job
[2026-07-28T12:50:00.420Z] INFO: [WhatsApp Cron] Processing inactive messages...
[2026-07-28T12:50:00.922Z] INFO: Starting Telegram inactive check job
[2026-07-28T12:50:01.049Z] INFO: [Telegram Cron] Processing inactive messages...
[2026-07-28T12:50:01.250Z] INFO: [WhatsApp Cron] Processed 0 messages, updated 0 SIMs
[2026-07-28T12:50:01.275Z] INFO: WhatsApp inactive check completed: 0 messages processed, 0 SIMs marked inactive
[2026-07-28T12:50:01.360Z] INFO: [Telegram Cron] Processed 0 messages, updated 0 SIMs
[2026-07-28T12:50:01.414Z] INFO: Telegram inactive check completed: 0 messages processed, 0 SIMs marked inactive
[2026-07-28T12:55:00.692Z] INFO: Starting WhatsApp inactive check job
[2026-07-28T12:55:00.837Z] INFO: [WhatsApp Cron] Processing inactive messages...
[2026-07-28T12:55:00.890Z] INFO: Starting Telegram inactive check job
[2026-07-28T12:55:00.894Z] INFO: [Telegram Cron] Processing inactive messages...
[2026-07-28T12:55:00.903Z] INFO: [WhatsApp Cron] Processed 0 messages, updated 0 SIMs
[2026-07-28T12:55:00.904Z] INFO: WhatsApp inactive check completed: 0 messages processed, 0 SIMs marked inactive
[2026-07-28T12:55:00.915Z] INFO: [Telegram Cron] Processed 0 messages, updated 0 SIMs
[2026-07-28T12:55:00.916Z] INFO: Telegram inactive check completed: 0 messages processed, 0 SIMs marked inactive
[2026-07-28T13:00:00.716Z] INFO: Starting WhatsApp inactive check job
[2026-07-28T13:00:00.846Z] INFO: [WhatsApp Cron] Processing inactive messages...
[2026-07-28T13:00:00.876Z] INFO: Starting Telegram inactive check job
[2026-07-28T13:00:00.877Z] INFO: [Telegram Cron] Processing inactive messages...
[2026-07-28T13:00:00.893Z] INFO: [WhatsApp Cron] Processed 0 messages, updated 0 SIMs
[2026-07-28T13:00:00.894Z] INFO: WhatsApp inactive check completed: 0 messages processed, 0 SIMs marked inactive
[2026-07-28T13:00:00.896Z] INFO: [Telegram Cron] Processed 0 messages, updated 0 SIMs
[2026-07-28T13:00:00.896Z] INFO: Telegram inactive check completed: 0 messages processed, 0 SIMs marked inactive
[2026-07-28T13:05:00.774Z] INFO: Starting WhatsApp inactive check job
[2026-07-28T13:05:00.818Z] INFO: [WhatsApp Cron] Processing inactive messages...
[2026-07-28T13:05:00.854Z] INFO: Starting Telegram inactive check job
[2026-07-28T13:05:00.857Z] INFO: [Telegram Cron] Processing inactive messages...
[2026-07-28T13:05:00.868Z] INFO: [WhatsApp Cron] Processed 0 messages, updated 0 SIMs
[2026-07-28T13:05:00.873Z] INFO: WhatsApp inactive check completed: 0 messages processed, 0 SIMs marked inactive
[2026-07-28T13:05:00.882Z] INFO: [Telegram Cron] Processed 0 messages, updated 0 SIMs
[2026-07-28T13:05:00.895Z] INFO: Telegram inactive check completed: 0 messages processed, 0 SIMs marked inactive
[2026-07-28T13:10:00.650Z] INFO: Starting WhatsApp inactive check job
[2026-07-28T13:10:00.713Z] INFO: [WhatsApp Cron] Processing inactive messages...
[2026-07-28T13:10:00.745Z] INFO: Starting Telegram inactive check job
[2026-07-28T13:10:00.748Z] INFO: [Telegram Cron] Processing inactive messages...
[2026-07-28T13:10:00.751Z] INFO: Starting WiFi alert check job
[2026-07-28T13:10:00.787Z] INFO: [WhatsApp Cron] Processed 0 messages, updated 0 SIMs
[2026-07-28T13:10:00.793Z] INFO: WhatsApp inactive check completed: 0 messages processed, 0 SIMs marked inactive
[2026-07-28T13:10:00.795Z] INFO: [Telegram Cron] Processed 0 messages, updated 0 SIMs
[2026-07-28T13:10:00.798Z] INFO: Telegram inactive check completed: 0 messages processed, 0 SIMs marked inactive
[2026-07-28T13:10:01.297Z] INFO: [WIFI ALERT] All checks completed {"checked":0,"skipped":3,"alertsCreated":0,"alertsUpdated":0,"alertsResolved":0,"emailsSent":0,"emailErrors":[],"errors":[],"offlineAlertsCreated":0,"wifiOffAlertsCreated":0,"disconnectedAlertsCreated":0,"notificationsCreated":0}
[2026-07-28T13:10:01.298Z] INFO: WiFi alert check job completed
[2026-07-28T13:15:00.451Z] INFO: Starting WhatsApp inactive check job
[2026-07-28T13:15:00.475Z] INFO: [WhatsApp Cron] Processing inactive messages...
[2026-07-28T13:15:00.492Z] INFO: Starting Telegram inactive check job
[2026-07-28T13:15:00.496Z] INFO: [Telegram Cron] Processing inactive messages...
[2026-07-28T13:15:00.505Z] INFO: [WhatsApp Cron] Processed 0 messages, updated 0 SIMs
[2026-07-28T13:15:00.506Z] INFO: WhatsApp inactive check completed: 0 messages processed, 0 SIMs marked inactive
[2026-07-28T13:15:00.510Z] INFO: [Telegram Cron] Processed 0 messages, updated 0 SIMs
[2026-07-28T13:15:00.511Z] INFO: Telegram inactive check completed: 0 messages processed, 0 SIMs marked inactive
[2026-07-28T13:20:00.354Z] INFO: Starting WhatsApp inactive check job
[2026-07-28T13:20:00.366Z] INFO: [WhatsApp Cron] Processing inactive messages...
[2026-07-28T13:20:00.391Z] INFO: Starting Telegram inactive check job
[2026-07-28T13:20:00.392Z] INFO: [Telegram Cron] Processing inactive messages...
[2026-07-28T13:20:00.403Z] INFO: [WhatsApp Cron] Processed 0 messages, updated 0 SIMs
[2026-07-28T13:20:00.404Z] INFO: WhatsApp inactive check completed: 0 messages processed, 0 SIMs marked inactive
[2026-07-28T13:20:00.406Z] INFO: [Telegram Cron] Processed 0 messages, updated 0 SIMs
[2026-07-28T13:20:00.407Z] INFO: Telegram inactive check completed: 0 messages processed, 0 SIMs marked inactive
[2026-07-28T13:25:00.658Z] INFO: Starting WhatsApp inactive check job
[2026-07-28T13:25:00.889Z] INFO: [WhatsApp Cron] Processing inactive messages...
[2026-07-28T13:25:01.165Z] INFO: [WhatsApp Cron] Processed 0 messages, updated 0 SIMs
[2026-07-28T13:25:01.180Z] INFO: WhatsApp inactive check completed: 0 messages processed, 0 SIMs marked inactive
[2026-07-28T13:30:00.302Z] INFO: Starting WhatsApp inactive check job
[2026-07-28T13:30:00.708Z] INFO: [WhatsApp Cron] Processing inactive messages...
[2026-07-28T13:30:00.729Z] INFO: Starting Telegram inactive check job
[2026-07-28T13:30:00.734Z] INFO: [Telegram Cron] Processing inactive messages...
[2026-07-28T13:30:00.739Z] INFO: Starting WiFi alert check job
[2026-07-28T13:30:00.759Z] INFO: [WhatsApp Cron] Processed 0 messages, updated 0 SIMs
[2026-07-28T13:30:00.760Z] INFO: WhatsApp inactive check completed: 0 messages processed, 0 SIMs marked inactive
[2026-07-28T13:30:00.763Z] INFO: [Telegram Cron] Processed 0 messages, updated 0 SIMs
[2026-07-28T13:30:00.763Z] INFO: Telegram inactive check completed: 0 messages processed, 0 SIMs marked inactive
[2026-07-28T13:30:01.187Z] INFO: [WIFI ALERT] All checks completed {"checked":0,"skipped":3,"alertsCreated":0,"alertsUpdated":0,"alertsResolved":0,"emailsSent":0,"emailErrors":[],"errors":[],"offlineAlertsCreated":0,"wifiOffAlertsCreated":0,"disconnectedAlertsCreated":0,"notificationsCreated":0}
[2026-07-28T13:30:01.189Z] INFO: WiFi alert check job completed
[2026-07-28T17:53:05.753Z] INFO: Email configuration check {"hasHost":true,"host":"smtp.gmail.com","port":587,"hasUser":true,"hasPass":true,"hasFrom":true,"hasApiKey":false,"apiProvider":null,"bypassEmail":false}
[2026-07-28T17:53:05.775Z] INFO: Email service initialized successfully (SMTP) {"host":"smtp.gmail.com","port":587,"user":"santoshshimpankar.ukvalley@gmail.com"}
[2026-07-28T17:53:11.385Z] INFO: [WhatsApp] Twilio client initialized successfully
[2026-07-28T17:53:11.408Z] INFO: [Telegram] Bot token configured, service ready
[2026-07-28T17:53:14.288Z] INFO: Email transporter verified successfully - emails will be sent
[2026-07-28T17:53:16.170Z] INFO: Initializing cron jobs...
[2026-07-28T17:53:16.412Z] INFO: Job recharge-reminder scheduled: 0 9 * * *
[2026-07-28T17:53:16.416Z] INFO: Job inactive-sim-alert scheduled: 0 10 * * *
[2026-07-28T17:53:16.422Z] INFO: Job subscription-expiry-check scheduled: 0 8 * * *
[2026-07-28T17:53:16.427Z] INFO: Job data-cleanup scheduled: 0 2 * * 0
[2026-07-28T17:53:16.435Z] INFO: Job whatsapp-inactive-check scheduled: */5 * * * *
[2026-07-28T17:53:16.442Z] INFO: Job telegram-inactive-check scheduled: */5 * * * *
[2026-07-28T17:53:16.450Z] INFO: Job wifi-alert-check scheduled: */20 * * * *
[2026-07-28T17:53:16.456Z] INFO: Job wifi-metrics-cleanup scheduled: 0 3 * * 0
[2026-07-28T17:53:16.458Z] INFO: All cron jobs initialized
[2026-07-28T17:54:30.660Z] INFO: Audit log created: AUTH.USER_LOGIN {"logId":"6a68ecd657a7f9d46e05420d","performedBy":"69f8b601247c51deb2aa1753","companyId":"69f8b601247c51deb2aa1751"}
[2026-07-28T17:55:00.128Z] INFO: Starting WhatsApp inactive check job
[2026-07-28T17:55:00.135Z] INFO: [WhatsApp Cron] Processing inactive messages...
[2026-07-28T17:55:00.147Z] INFO: Starting Telegram inactive check job
[2026-07-28T17:55:00.154Z] INFO: [Telegram Cron] Processing inactive messages...
[2026-07-28T17:55:00.220Z] INFO: [WhatsApp Cron] Processed 0 messages, updated 0 SIMs
[2026-07-28T17:55:00.223Z] INFO: WhatsApp inactive check completed: 0 messages processed, 0 SIMs marked inactive
[2026-07-28T17:55:00.533Z] INFO: [Telegram Cron] Processed 0 messages, updated 0 SIMs
[2026-07-28T17:55:00.536Z] INFO: Telegram inactive check completed: 0 messages processed, 0 SIMs marked inactive
[2026-07-28T18:00:00.410Z] INFO: Starting WhatsApp inactive check job
[2026-07-28T18:00:00.802Z] INFO: [WhatsApp Cron] Processing inactive messages...
[2026-07-28T18:00:00.808Z] INFO: Starting Telegram inactive check job
[2026-07-28T18:00:00.809Z] INFO: [Telegram Cron] Processing inactive messages...
[2026-07-28T18:00:00.885Z] INFO: [WhatsApp Cron] Processed 0 messages, updated 0 SIMs
[2026-07-28T18:00:00.887Z] INFO: WhatsApp inactive check completed: 0 messages processed, 0 SIMs marked inactive
[2026-07-28T18:00:01.176Z] INFO: [Telegram Cron] Processed 0 messages, updated 0 SIMs
[2026-07-28T18:00:01.177Z] INFO: Telegram inactive check completed: 0 messages processed, 0 SIMs marked inactive
[2026-07-28T18:05:00.759Z] INFO: Starting WhatsApp inactive check job
[2026-07-28T18:05:00.780Z] INFO: [WhatsApp Cron] Processing inactive messages...
[2026-07-28T18:05:00.785Z] INFO: Starting Telegram inactive check job
[2026-07-28T18:05:00.786Z] INFO: [Telegram Cron] Processing inactive messages...
[2026-07-28T18:05:00.882Z] INFO: [WhatsApp Cron] Processed 0 messages, updated 0 SIMs
[2026-07-28T18:05:00.883Z] INFO: WhatsApp inactive check completed: 0 messages processed, 0 SIMs marked inactive
[2026-07-28T18:05:00.885Z] INFO: [Telegram Cron] Processed 0 messages, updated 0 SIMs
[2026-07-28T18:05:00.892Z] INFO: Telegram inactive check completed: 0 messages processed, 0 SIMs marked inactive
[2026-07-28T18:09:18.773Z] INFO: Email configuration check {"hasHost":true,"host":"smtp.gmail.com","port":587,"hasUser":true,"hasPass":true,"hasFrom":true,"hasApiKey":false,"apiProvider":null,"bypassEmail":false}
[2026-07-28T18:09:18.786Z] INFO: Email service initialized successfully (SMTP) {"host":"smtp.gmail.com","port":587,"user":"santoshshimpankar.ukvalley@gmail.com"}
[2026-07-28T18:09:23.070Z] INFO: Email configuration check {"hasHost":true,"host":"smtp.gmail.com","port":587,"hasUser":true,"hasPass":true,"hasFrom":true,"hasApiKey":false,"apiProvider":null,"bypassEmail":false}
[2026-07-28T18:09:23.076Z] INFO: Email service initialized successfully (SMTP) {"host":"smtp.gmail.com","port":587,"user":"santoshshimpankar.ukvalley@gmail.com"}
[2026-07-28T18:09:24.714Z] INFO: [WhatsApp] Twilio client initialized successfully
[2026-07-28T18:09:24.728Z] INFO: [Telegram] Bot token configured, service ready
[2026-07-28T18:09:27.518Z] INFO: Email transporter verified successfully - emails will be sent
[2026-07-28T18:09:29.674Z] INFO: Initializing cron jobs...
[2026-07-28T18:09:29.777Z] INFO: Job recharge-reminder scheduled: 0 9 * * *
[2026-07-28T18:09:29.780Z] INFO: Job inactive-sim-alert scheduled: 0 10 * * *
[2026-07-28T18:09:29.782Z] INFO: Job subscription-expiry-check scheduled: 0 8 * * *
[2026-07-28T18:09:29.783Z] INFO: Job data-cleanup scheduled: 0 2 * * 0
[2026-07-28T18:09:29.786Z] INFO: Job whatsapp-inactive-check scheduled: */5 * * * *
[2026-07-28T18:09:29.788Z] INFO: Job telegram-inactive-check scheduled: */5 * * * *
[2026-07-28T18:09:29.789Z] INFO: Job wifi-alert-check scheduled: */20 * * * *
[2026-07-28T18:09:29.791Z] INFO: Job wifi-metrics-cleanup scheduled: 0 3 * * 0
[2026-07-28T18:09:29.792Z] INFO: All cron jobs initialized
[2026-07-28T18:09:39.165Z] INFO: Email configuration check {"hasHost":true,"host":"smtp.gmail.com","port":587,"hasUser":true,"hasPass":true,"hasFrom":true,"hasApiKey":false,"apiProvider":null,"bypassEmail":false}
[2026-07-28T18:09:39.172Z] INFO: Email service initialized successfully (SMTP) {"host":"smtp.gmail.com","port":587,"user":"santoshshimpankar.ukvalley@gmail.com"}
[2026-07-28T18:09:39.992Z] INFO: [WhatsApp] Twilio client initialized successfully
[2026-07-28T18:09:40.014Z] INFO: [Telegram] Bot token configured, service ready
[2026-07-28T18:09:41.916Z] INFO: Initializing cron jobs...
[2026-07-28T18:09:41.946Z] INFO: Job recharge-reminder scheduled: 0 9 * * *
[2026-07-28T18:09:41.948Z] INFO: Job inactive-sim-alert scheduled: 0 10 * * *
[2026-07-28T18:09:41.949Z] INFO: Job subscription-expiry-check scheduled: 0 8 * * *
[2026-07-28T18:09:41.951Z] INFO: Job data-cleanup scheduled: 0 2 * * 0
[2026-07-28T18:09:41.953Z] INFO: Job whatsapp-inactive-check scheduled: */5 * * * *
[2026-07-28T18:09:41.954Z] INFO: Job telegram-inactive-check scheduled: */5 * * * *
[2026-07-28T18:09:41.956Z] INFO: Job wifi-alert-check scheduled: */20 * * * *
[2026-07-28T18:09:41.957Z] INFO: Job wifi-metrics-cleanup scheduled: 0 3 * * 0
[2026-07-28T18:09:41.958Z] INFO: All cron jobs initialized
[2026-07-28T18:09:42.388Z] INFO: Email transporter verified successfully - emails will be sent
[2026-07-28T18:09:56.703Z] INFO: Email configuration check {"hasHost":true,"host":"smtp.gmail.com","port":587,"hasUser":true,"hasPass":true,"hasFrom":true,"hasApiKey":false,"apiProvider":null,"bypassEmail":false}
[2026-07-28T18:09:56.711Z] INFO: Email service initialized successfully (SMTP) {"host":"smtp.gmail.com","port":587,"user":"santoshshimpankar.ukvalley@gmail.com"}
[2026-07-28T18:09:57.627Z] INFO: [WhatsApp] Twilio client initialized successfully
[2026-07-28T18:09:57.640Z] INFO: [Telegram] Bot token configured, service ready
[2026-07-28T18:10:00.096Z] INFO: Email transporter verified successfully - emails will be sent
[2026-07-28T18:10:01.889Z] INFO: Initializing cron jobs...
[2026-07-28T18:10:01.916Z] INFO: Job recharge-reminder scheduled: 0 9 * * *
[2026-07-28T18:10:01.918Z] INFO: Job inactive-sim-alert scheduled: 0 10 * * *
[2026-07-28T18:10:01.919Z] INFO: Job subscription-expiry-check scheduled: 0 8 * * *
[2026-07-28T18:10:01.921Z] INFO: Job data-cleanup scheduled: 0 2 * * 0
[2026-07-28T18:10:01.923Z] INFO: Job whatsapp-inactive-check scheduled: */5 * * * *
[2026-07-28T18:10:01.925Z] INFO: Job telegram-inactive-check scheduled: */5 * * * *
[2026-07-28T18:10:01.926Z] INFO: Job wifi-alert-check scheduled: */20 * * * *
[2026-07-28T18:10:01.927Z] INFO: Job wifi-metrics-cleanup scheduled: 0 3 * * 0
[2026-07-28T18:10:01.928Z] INFO: All cron jobs initialized
[2026-07-28T18:13:41.410Z] INFO: Email configuration check {"hasHost":true,"host":"smtp.gmail.com","port":587,"hasUser":true,"hasPass":true,"hasFrom":true,"hasApiKey":false,"apiProvider":null,"bypassEmail":false}
[2026-07-28T18:13:41.436Z] INFO: Email service initialized successfully (SMTP) {"host":"smtp.gmail.com","port":587,"user":"santoshshimpankar.ukvalley@gmail.com"}
[2026-07-28T18:13:43.300Z] INFO: [WhatsApp] Twilio client initialized successfully
[2026-07-28T18:13:43.319Z] INFO: [Telegram] Bot token configured, service ready
[2026-07-28T18:13:45.938Z] INFO: Email transporter verified successfully - emails will be sent
[2026-07-28T18:13:47.394Z] INFO: Initializing cron jobs...
[2026-07-28T18:13:47.419Z] INFO: Job recharge-reminder scheduled: 0 9 * * *
[2026-07-28T18:13:47.421Z] INFO: Job inactive-sim-alert scheduled: 0 10 * * *
[2026-07-28T18:13:47.423Z] INFO: Job subscription-expiry-check scheduled: 0 8 * * *
[2026-07-28T18:13:47.424Z] INFO: Job data-cleanup scheduled: 0 2 * * 0
[2026-07-28T18:13:47.426Z] INFO: Job whatsapp-inactive-check scheduled: */5 * * * *
[2026-07-28T18:13:47.428Z] INFO: Job telegram-inactive-check scheduled: */5 * * * *
[2026-07-28T18:13:47.429Z] INFO: Job wifi-alert-check scheduled: */20 * * * *
[2026-07-28T18:13:47.431Z] INFO: Job wifi-metrics-cleanup scheduled: 0 3 * * 0
[2026-07-28T18:13:47.432Z] INFO: All cron jobs initialized
[2026-07-28T18:13:50.565Z] INFO: Email configuration check {"hasHost":true,"host":"smtp.gmail.com","port":587,"hasUser":true,"hasPass":true,"hasFrom":true,"hasApiKey":false,"apiProvider":null,"bypassEmail":false}
[2026-07-28T18:13:50.573Z] INFO: Email service initialized successfully (SMTP) {"host":"smtp.gmail.com","port":587,"user":"santoshshimpankar.ukvalley@gmail.com"}
[2026-07-28T18:13:51.450Z] INFO: [WhatsApp] Twilio client initialized successfully
[2026-07-28T18:13:51.464Z] INFO: [Telegram] Bot token configured, service ready
[2026-07-28T18:13:54.010Z] INFO: Email transporter verified successfully - emails will be sent
[2026-07-28T18:13:55.786Z] INFO: Initializing cron jobs...
[2026-07-28T18:13:55.827Z] INFO: Job recharge-reminder scheduled: 0 9 * * *
[2026-07-28T18:13:55.829Z] INFO: Job inactive-sim-alert scheduled: 0 10 * * *
[2026-07-28T18:13:55.830Z] INFO: Job subscription-expiry-check scheduled: 0 8 * * *
[2026-07-28T18:13:55.832Z] INFO: Job data-cleanup scheduled: 0 2 * * 0
[2026-07-28T18:13:55.835Z] INFO: Job whatsapp-inactive-check scheduled: */5 * * * *
[2026-07-28T18:13:55.838Z] INFO: Job telegram-inactive-check scheduled: */5 * * * *
[2026-07-28T18:13:55.841Z] INFO: Job wifi-alert-check scheduled: */20 * * * *
[2026-07-28T18:13:55.844Z] INFO: Job wifi-metrics-cleanup scheduled: 0 3 * * 0
[2026-07-28T18:13:55.846Z] INFO: All cron jobs initialized
[2026-07-28T18:14:09.666Z] INFO: Email configuration check {"hasHost":true,"host":"smtp.gmail.com","port":587,"hasUser":true,"hasPass":true,"hasFrom":true,"hasApiKey":false,"apiProvider":null,"bypassEmail":false}
[2026-07-28T18:14:09.671Z] INFO: Email service initialized successfully (SMTP) {"host":"smtp.gmail.com","port":587,"user":"santoshshimpankar.ukvalley@gmail.com"}
[2026-07-28T18:14:10.499Z] INFO: [WhatsApp] Twilio client initialized successfully
[2026-07-28T18:14:10.516Z] INFO: [Telegram] Bot token configured, service ready
[2026-07-28T18:14:12.910Z] INFO: Email transporter verified successfully - emails will be sent
[2026-07-28T18:14:14.787Z] INFO: Initializing cron jobs...
[2026-07-28T18:14:14.813Z] INFO: Job recharge-reminder scheduled: 0 9 * * *
[2026-07-28T18:14:14.815Z] INFO: Job inactive-sim-alert scheduled: 0 10 * * *
[2026-07-28T18:14:14.816Z] INFO: Job subscription-expiry-check scheduled: 0 8 * * *
[2026-07-28T18:14:14.818Z] INFO: Job data-cleanup scheduled: 0 2 * * 0
[2026-07-28T18:14:14.820Z] INFO: Job whatsapp-inactive-check scheduled: */5 * * * *
[2026-07-28T18:14:14.821Z] INFO: Job telegram-inactive-check scheduled: */5 * * * *
[2026-07-28T18:14:14.823Z] INFO: Job wifi-alert-check scheduled: */20 * * * *
[2026-07-28T18:14:14.824Z] INFO: Job wifi-metrics-cleanup scheduled: 0 3 * * 0
[2026-07-28T18:14:14.824Z] INFO: All cron jobs initialized
[2026-07-28T18:14:24.403Z] INFO: Email configuration check {"hasHost":true,"host":"smtp.gmail.com","port":587,"hasUser":true,"hasPass":true,"hasFrom":true,"hasApiKey":false,"apiProvider":null,"bypassEmail":false}
[2026-07-28T18:14:24.410Z] INFO: Email service initialized successfully (SMTP) {"host":"smtp.gmail.com","port":587,"user":"santoshshimpankar.ukvalley@gmail.com"}
[2026-07-28T18:14:25.223Z] INFO: [WhatsApp] Twilio client initialized successfully
[2026-07-28T18:14:25.254Z] INFO: [Telegram] Bot token configured, service ready
[2026-07-28T18:14:27.936Z] INFO: Email transporter verified successfully - emails will be sent
[2026-07-28T18:14:29.620Z] INFO: Initializing cron jobs...
[2026-07-28T18:14:29.648Z] INFO: Job recharge-reminder scheduled: 0 9 * * *
[2026-07-28T18:14:29.649Z] INFO: Job inactive-sim-alert scheduled: 0 10 * * *
[2026-07-28T18:14:29.651Z] INFO: Job subscription-expiry-check scheduled: 0 8 * * *
[2026-07-28T18:14:29.652Z] INFO: Job data-cleanup scheduled: 0 2 * * 0
[2026-07-28T18:14:29.654Z] INFO: Job whatsapp-inactive-check scheduled: */5 * * * *
[2026-07-28T18:14:29.656Z] INFO: Job telegram-inactive-check scheduled: */5 * * * *
[2026-07-28T18:14:29.657Z] INFO: Job wifi-alert-check scheduled: */20 * * * *
[2026-07-28T18:14:29.659Z] INFO: Job wifi-metrics-cleanup scheduled: 0 3 * * 0
[2026-07-28T18:14:29.659Z] INFO: All cron jobs initialized
[2026-07-28T18:14:35.994Z] INFO: Email configuration check {"hasHost":true,"host":"smtp.gmail.com","port":587,"hasUser":true,"hasPass":true,"hasFrom":true,"hasApiKey":false,"apiProvider":null,"bypassEmail":false}
[2026-07-28T18:14:36.000Z] INFO: Email service initialized successfully (SMTP) {"host":"smtp.gmail.com","port":587,"user":"santoshshimpankar.ukvalley@gmail.com"}
[2026-07-28T18:14:37.089Z] INFO: [WhatsApp] Twilio client initialized successfully
[2026-07-28T18:14:37.103Z] INFO: [Telegram] Bot token configured, service ready
[2026-07-28T18:14:39.611Z] INFO: Email transporter verified successfully - emails will be sent
[2026-07-28T18:14:41.466Z] INFO: Initializing cron jobs...
[2026-07-28T18:14:41.493Z] INFO: Job recharge-reminder scheduled: 0 9 * * *
[2026-07-28T18:14:41.495Z] INFO: Job inactive-sim-alert scheduled: 0 10 * * *
[2026-07-28T18:14:41.497Z] INFO: Job subscription-expiry-check scheduled: 0 8 * * *
[2026-07-28T18:14:41.498Z] INFO: Job data-cleanup scheduled: 0 2 * * 0
[2026-07-28T18:14:41.501Z] INFO: Job whatsapp-inactive-check scheduled: */5 * * * *
[2026-07-28T18:14:41.503Z] INFO: Job telegram-inactive-check scheduled: */5 * * * *
[2026-07-28T18:14:41.505Z] INFO: Job wifi-alert-check scheduled: */20 * * * *
[2026-07-28T18:14:41.508Z] INFO: Job wifi-metrics-cleanup scheduled: 0 3 * * 0
[2026-07-28T18:14:41.508Z] INFO: All cron jobs initialized
[2026-07-28T18:15:00.707Z] INFO: Starting WhatsApp inactive check job
[2026-07-28T18:15:00.709Z] INFO: [WhatsApp Cron] Processing inactive messages...
[2026-07-28T18:15:00.712Z] INFO: Starting Telegram inactive check job
[2026-07-28T18:15:00.713Z] INFO: [Telegram Cron] Processing inactive messages...
[2026-07-28T18:15:00.803Z] INFO: [Telegram Cron] Processed 0 messages, updated 0 SIMs
[2026-07-28T18:15:00.804Z] INFO: Telegram inactive check completed: 0 messages processed, 0 SIMs marked inactive
[2026-07-28T18:15:00.805Z] INFO: [WhatsApp Cron] Processed 0 messages, updated 0 SIMs
[2026-07-28T18:15:00.806Z] INFO: WhatsApp inactive check completed: 0 messages processed, 0 SIMs marked inactive
[2026-07-28T18:19:36.439Z] INFO: Email configuration check {"hasHost":true,"host":"smtp.gmail.com","port":587,"hasUser":true,"hasPass":true,"hasFrom":true,"hasApiKey":false,"apiProvider":null,"bypassEmail":false}
[2026-07-28T18:19:36.464Z] INFO: Email service initialized successfully (SMTP) {"host":"smtp.gmail.com","port":587,"user":"santoshshimpankar.ukvalley@gmail.com"}
[2026-07-28T18:19:38.723Z] INFO: [WhatsApp] Twilio client initialized successfully
[2026-07-28T18:19:38.740Z] INFO: [Telegram] Bot token configured, service ready
[2026-07-28T18:19:42.208Z] INFO: Email transporter verified successfully - emails will be sent
[2026-07-28T18:19:43.590Z] INFO: Initializing cron jobs...
[2026-07-28T18:19:43.628Z] INFO: Job recharge-reminder scheduled: 0 9 * * *
[2026-07-28T18:19:43.630Z] INFO: Job inactive-sim-alert scheduled: 0 10 * * *
[2026-07-28T18:19:43.631Z] INFO: Job subscription-expiry-check scheduled: 0 8 * * *
[2026-07-28T18:19:43.633Z] INFO: Job data-cleanup scheduled: 0 2 * * 0
[2026-07-28T18:19:43.636Z] INFO: Job whatsapp-inactive-check scheduled: */5 * * * *
[2026-07-28T18:19:43.637Z] INFO: Job telegram-inactive-check scheduled: */5 * * * *
[2026-07-28T18:19:43.639Z] INFO: Job wifi-alert-check scheduled: */20 * * * *
[2026-07-28T18:19:43.640Z] INFO: Job wifi-metrics-cleanup scheduled: 0 3 * * 0
[2026-07-28T18:19:43.640Z] INFO: All cron jobs initialized
[2026-07-28T18:20:00.803Z] INFO: Starting WhatsApp inactive check job
[2026-07-28T18:20:00.806Z] INFO: [WhatsApp Cron] Processing inactive messages...
[2026-07-28T18:20:00.812Z] INFO: Starting Telegram inactive check job
[2026-07-28T18:20:00.813Z] INFO: [Telegram Cron] Processing inactive messages...
[2026-07-28T18:20:00.848Z] INFO: [WhatsApp Cron] Processed 0 messages, updated 0 SIMs
[2026-07-28T18:20:00.850Z] INFO: WhatsApp inactive check completed: 0 messages processed, 0 SIMs marked inactive
[2026-07-28T18:20:00.851Z] INFO: [Telegram Cron] Processed 0 messages, updated 0 SIMs
[2026-07-28T18:20:00.852Z] INFO: Telegram inactive check completed: 0 messages processed, 0 SIMs marked inactive
[2026-07-29T04:30:33.093Z] INFO: Email configuration check {"hasHost":true,"host":"smtp.gmail.com","port":587,"hasUser":true,"hasPass":true,"hasFrom":true,"hasApiKey":false,"apiProvider":null,"bypassEmail":false}
[2026-07-29T04:30:33.128Z] INFO: Email service initialized successfully (SMTP) {"host":"smtp.gmail.com","port":587,"user":"santoshshimpankar.ukvalley@gmail.com"}
[2026-07-29T04:30:40.795Z] INFO: [WhatsApp] Twilio client initialized successfully
[2026-07-29T04:30:40.823Z] INFO: [Telegram] Bot token configured, service ready
[2026-07-29T04:30:42.351Z] INFO: Initializing cron jobs...
[2026-07-29T04:30:42.499Z] INFO: Job recharge-reminder scheduled: 0 9 * * *
[2026-07-29T04:30:42.501Z] INFO: Job inactive-sim-alert scheduled: 0 10 * * *
[2026-07-29T04:30:42.503Z] INFO: Job subscription-expiry-check scheduled: 0 8 * * *
[2026-07-29T04:30:42.504Z] INFO: Job data-cleanup scheduled: 0 2 * * 0
[2026-07-29T04:30:42.507Z] INFO: Job whatsapp-inactive-check scheduled: */5 * * * *
[2026-07-29T04:30:42.510Z] INFO: Job telegram-inactive-check scheduled: */5 * * * *
[2026-07-29T04:30:42.511Z] INFO: Job wifi-alert-check scheduled: */20 * * * *
[2026-07-29T04:30:42.513Z] INFO: Job wifi-metrics-cleanup scheduled: 0 3 * * 0
[2026-07-29T04:30:42.515Z] INFO: All cron jobs initialized
[2026-07-29T04:30:42.921Z] INFO: Email transporter verified successfully - emails will be sent
[2026-07-29T04:35:00.005Z] INFO: Starting WhatsApp inactive check job
[2026-07-29T04:35:00.119Z] INFO: [WhatsApp Cron] Processing inactive messages...
[2026-07-29T04:35:00.126Z] INFO: Starting Telegram inactive check job
[2026-07-29T04:35:00.127Z] INFO: [Telegram Cron] Processing inactive messages...
[2026-07-29T04:35:00.138Z] INFO: [WhatsApp Cron] Processed 0 messages, updated 0 SIMs
[2026-07-29T04:35:00.145Z] INFO: WhatsApp inactive check completed: 0 messages processed, 0 SIMs marked inactive
[2026-07-29T04:35:00.147Z] INFO: [Telegram Cron] Processed 0 messages, updated 0 SIMs
[2026-07-29T04:35:00.147Z] INFO: Telegram inactive check completed: 0 messages processed, 0 SIMs marked inactive
[2026-07-29T04:38:39.563Z] INFO: Audit log created: AUTH.USER_LOGIN {"logId":"6a6983cf5bd1eba2c29190e3","performedBy":"69f8ad5bdbf168cbe61bcbc8","companyId":null}
[2026-07-29T04:40:00.844Z] INFO: Starting WhatsApp inactive check job
[2026-07-29T04:40:00.847Z] INFO: [WhatsApp Cron] Processing inactive messages...
[2026-07-29T04:40:00.853Z] INFO: Starting Telegram inactive check job
[2026-07-29T04:40:00.854Z] INFO: [Telegram Cron] Processing inactive messages...
[2026-07-29T04:40:00.865Z] INFO: [WhatsApp Cron] Processed 0 messages, updated 0 SIMs
[2026-07-29T04:40:00.867Z] INFO: WhatsApp inactive check completed: 0 messages processed, 0 SIMs marked inactive
[2026-07-29T04:40:00.871Z] INFO: [Telegram Cron] Processed 0 messages, updated 0 SIMs
[2026-07-29T04:40:00.872Z] INFO: Telegram inactive check completed: 0 messages processed, 0 SIMs marked inactive
[2026-07-29T04:45:00.561Z] INFO: Starting WhatsApp inactive check job
[2026-07-29T04:45:00.963Z] INFO: [WhatsApp Cron] Processing inactive messages...
[2026-07-29T04:45:00.969Z] INFO: Starting Telegram inactive check job
[2026-07-29T04:45:00.971Z] INFO: [Telegram Cron] Processing inactive messages...
[2026-07-29T04:45:00.980Z] INFO: [WhatsApp Cron] Processed 0 messages, updated 0 SIMs
[2026-07-29T04:45:00.981Z] INFO: WhatsApp inactive check completed: 0 messages processed, 0 SIMs marked inactive
[2026-07-29T04:45:00.986Z] INFO: [Telegram Cron] Processed 0 messages, updated 0 SIMs
[2026-07-29T04:45:00.987Z] INFO: Telegram inactive check completed: 0 messages processed, 0 SIMs marked inactive
[2026-07-29T04:50:00.946Z] INFO: Starting WhatsApp inactive check job
[2026-07-29T04:50:00.971Z] INFO: [WhatsApp Cron] Processing inactive messages...
[2026-07-29T04:50:00.975Z] INFO: Starting Telegram inactive check job
[2026-07-29T04:50:00.976Z] INFO: [Telegram Cron] Processing inactive messages...
[2026-07-29T04:50:00.984Z] INFO: Starting WiFi alert check job
[2026-07-29T04:50:01.008Z] INFO: [WhatsApp Cron] Processed 0 messages, updated 0 SIMs
[2026-07-29T04:50:01.009Z] INFO: WhatsApp inactive check completed: 0 messages processed, 0 SIMs marked inactive
[2026-07-29T04:50:01.011Z] INFO: [Telegram Cron] Processed 0 messages, updated 0 SIMs
[2026-07-29T04:50:01.013Z] INFO: Telegram inactive check completed: 0 messages processed, 0 SIMs marked inactive
[2026-07-29T04:50:01.496Z] INFO: [WIFI ALERT] All checks completed {"checked":0,"skipped":3,"alertsCreated":0,"alertsUpdated":0,"alertsResolved":0,"emailsSent":0,"emailErrors":[],"errors":[],"offlineAlertsCreated":0,"wifiOffAlertsCreated":0,"disconnectedAlertsCreated":0,"notificationsCreated":0}
[2026-07-29T04:50:01.528Z] INFO: WiFi alert check job completed
[2026-07-29T04:54:11.265Z] INFO: Email configuration check {"hasHost":true,"host":"smtp.gmail.com","port":587,"hasUser":true,"hasPass":true,"hasFrom":true,"hasApiKey":false,"apiProvider":null,"bypassEmail":false}
[2026-07-29T04:54:11.289Z] INFO: Email service initialized successfully (SMTP) {"host":"smtp.gmail.com","port":587,"user":"santoshshimpankar.ukvalley@gmail.com"}
[2026-07-29T04:54:13.807Z] INFO: [WhatsApp] Twilio client initialized successfully
[2026-07-29T04:54:13.818Z] INFO: [Telegram] Bot token configured, service ready
[2026-07-29T04:54:14.918Z] INFO: Initializing cron jobs...
[2026-07-29T04:54:15.008Z] INFO: Job recharge-reminder scheduled: 0 9 * * *
[2026-07-29T04:54:15.009Z] INFO: Job inactive-sim-alert scheduled: 0 10 * * *
[2026-07-29T04:54:15.010Z] INFO: Job subscription-expiry-check scheduled: 0 8 * * *
[2026-07-29T04:54:15.012Z] INFO: Job data-cleanup scheduled: 0 2 * * 0
[2026-07-29T04:54:15.015Z] INFO: Job whatsapp-inactive-check scheduled: */5 * * * *
[2026-07-29T04:54:15.017Z] INFO: Job telegram-inactive-check scheduled: */5 * * * *
[2026-07-29T04:54:15.018Z] INFO: Job wifi-alert-check scheduled: */20 * * * *
[2026-07-29T04:54:15.019Z] INFO: Job wifi-metrics-cleanup scheduled: 0 3 * * 0
[2026-07-29T04:54:15.020Z] INFO: All cron jobs initialized
[2026-07-29T04:54:15.548Z] INFO: Email transporter verified successfully - emails will be sent
[2026-07-29T04:54:53.208Z] INFO: Email configuration check {"hasHost":true,"host":"smtp.gmail.com","port":587,"hasUser":true,"hasPass":true,"hasFrom":true,"hasApiKey":false,"apiProvider":null,"bypassEmail":false}
[2026-07-29T04:54:53.218Z] INFO: Email service initialized successfully (SMTP) {"host":"smtp.gmail.com","port":587,"user":"santoshshimpankar.ukvalley@gmail.com"}
[2026-07-29T04:54:54.013Z] INFO: [WhatsApp] Twilio client initialized successfully
[2026-07-29T04:54:54.026Z] INFO: [Telegram] Bot token configured, service ready
[2026-07-29T04:54:55.057Z] INFO: Initializing cron jobs...
[2026-07-29T04:54:55.084Z] INFO: Job recharge-reminder scheduled: 0 9 * * *
[2026-07-29T04:54:55.086Z] INFO: Job inactive-sim-alert scheduled: 0 10 * * *
[2026-07-29T04:54:55.087Z] INFO: Job subscription-expiry-check scheduled: 0 8 * * *
[2026-07-29T04:54:55.088Z] INFO: Job data-cleanup scheduled: 0 2 * * 0
[2026-07-29T04:54:55.091Z] INFO: Job whatsapp-inactive-check scheduled: */5 * * * *
[2026-07-29T04:54:55.093Z] INFO: Job telegram-inactive-check scheduled: */5 * * * *
[2026-07-29T04:54:55.095Z] INFO: Job wifi-alert-check scheduled: */20 * * * *
[2026-07-29T04:54:55.097Z] INFO: Job wifi-metrics-cleanup scheduled: 0 3 * * 0
[2026-07-29T04:54:55.097Z] INFO: All cron jobs initialized
[2026-07-29T04:54:55.706Z] INFO: Email transporter verified successfully - emails will be sent
[2026-07-29T04:55:00.122Z] INFO: Starting WhatsApp inactive check job
[2026-07-29T04:55:00.124Z] INFO: [WhatsApp Cron] Processing inactive messages...
[2026-07-29T04:55:00.139Z] INFO: Starting Telegram inactive check job
[2026-07-29T04:55:00.142Z] INFO: [Telegram Cron] Processing inactive messages...
[2026-07-29T04:55:00.147Z] INFO: [WhatsApp Cron] Processed 0 messages, updated 0 SIMs
[2026-07-29T04:55:00.148Z] INFO: WhatsApp inactive check completed: 0 messages processed, 0 SIMs marked inactive
[2026-07-29T04:55:00.156Z] INFO: [Telegram Cron] Processed 0 messages, updated 0 SIMs
[2026-07-29T04:55:00.157Z] INFO: Telegram inactive check completed: 0 messages processed, 0 SIMs marked inactive
[2026-07-29T04:55:19.784Z] INFO: Email configuration check {"hasHost":true,"host":"smtp.gmail.com","port":587,"hasUser":true,"hasPass":true,"hasFrom":true,"hasApiKey":false,"apiProvider":null,"bypassEmail":false}
[2026-07-29T04:55:19.794Z] INFO: Email service initialized successfully (SMTP) {"host":"smtp.gmail.com","port":587,"user":"santoshshimpankar.ukvalley@gmail.com"}
[2026-07-29T04:55:20.590Z] INFO: [WhatsApp] Twilio client initialized successfully
[2026-07-29T04:55:20.602Z] INFO: [Telegram] Bot token configured, service ready
[2026-07-29T04:55:21.532Z] INFO: Initializing cron jobs...
[2026-07-29T04:55:21.557Z] INFO: Job recharge-reminder scheduled: 0 9 * * *
[2026-07-29T04:55:21.558Z] INFO: Job inactive-sim-alert scheduled: 0 10 * * *
[2026-07-29T04:55:21.559Z] INFO: Job subscription-expiry-check scheduled: 0 8 * * *
[2026-07-29T04:55:21.561Z] INFO: Job data-cleanup scheduled: 0 2 * * 0
[2026-07-29T04:55:21.564Z] INFO: Job whatsapp-inactive-check scheduled: */5 * * * *
[2026-07-29T04:55:21.565Z] INFO: Job telegram-inactive-check scheduled: */5 * * * *
[2026-07-29T04:55:21.567Z] INFO: Job wifi-alert-check scheduled: */20 * * * *
[2026-07-29T04:55:21.568Z] INFO: Job wifi-metrics-cleanup scheduled: 0 3 * * 0
[2026-07-29T04:55:21.569Z] INFO: All cron jobs initialized
[2026-07-29T04:55:22.349Z] INFO: Email transporter verified successfully - emails will be sent
[2026-07-29T04:55:42.073Z] INFO: Email configuration check {"hasHost":true,"host":"smtp.gmail.com","port":587,"hasUser":true,"hasPass":true,"hasFrom":true,"hasApiKey":false,"apiProvider":null,"bypassEmail":false}
[2026-07-29T04:55:42.082Z] INFO: Email service initialized successfully (SMTP) {"host":"smtp.gmail.com","port":587,"user":"santoshshimpankar.ukvalley@gmail.com"}
[2026-07-29T04:55:42.916Z] INFO: [WhatsApp] Twilio client initialized successfully
[2026-07-29T04:55:42.928Z] INFO: [Telegram] Bot token configured, service ready
[2026-07-29T04:55:43.989Z] INFO: Initializing cron jobs...
[2026-07-29T04:55:44.019Z] INFO: Job recharge-reminder scheduled: 0 9 * * *
[2026-07-29T04:55:44.020Z] INFO: Job inactive-sim-alert scheduled: 0 10 * * *
[2026-07-29T04:55:44.023Z] INFO: Job subscription-expiry-check scheduled: 0 8 * * *
[2026-07-29T04:55:44.024Z] INFO: Job data-cleanup scheduled: 0 2 * * 0
[2026-07-29T04:55:44.027Z] INFO: Job whatsapp-inactive-check scheduled: */5 * * * *
[2026-07-29T04:55:44.029Z] INFO: Job telegram-inactive-check scheduled: */5 * * * *
[2026-07-29T04:55:44.030Z] INFO: Job wifi-alert-check scheduled: */20 * * * *
[2026-07-29T04:55:44.032Z] INFO: Job wifi-metrics-cleanup scheduled: 0 3 * * 0
[2026-07-29T04:55:44.033Z] INFO: All cron jobs initialized
[2026-07-29T04:55:44.503Z] INFO: Email transporter verified successfully - emails will be sent
[2026-07-29T04:56:11.744Z] INFO: Email configuration check {"hasHost":true,"host":"smtp.gmail.com","port":587,"hasUser":true,"hasPass":true,"hasFrom":true,"hasApiKey":false,"apiProvider":null,"bypassEmail":false}
[2026-07-29T04:56:11.753Z] INFO: Email service initialized successfully (SMTP) {"host":"smtp.gmail.com","port":587,"user":"santoshshimpankar.ukvalley@gmail.com"}
[2026-07-29T04:56:12.732Z] INFO: [WhatsApp] Twilio client initialized successfully
[2026-07-29T04:56:12.780Z] INFO: [Telegram] Bot token configured, service ready
[2026-07-29T04:56:13.804Z] INFO: Initializing cron jobs...
[2026-07-29T04:56:13.834Z] INFO: Job recharge-reminder scheduled: 0 9 * * *
[2026-07-29T04:56:13.836Z] INFO: Job inactive-sim-alert scheduled: 0 10 * * *
[2026-07-29T04:56:13.838Z] INFO: Job subscription-expiry-check scheduled: 0 8 * * *
[2026-07-29T04:56:13.839Z] INFO: Job data-cleanup scheduled: 0 2 * * 0
[2026-07-29T04:56:13.842Z] INFO: Job whatsapp-inactive-check scheduled: */5 * * * *
[2026-07-29T04:56:13.843Z] INFO: Job telegram-inactive-check scheduled: */5 * * * *
[2026-07-29T04:56:13.845Z] INFO: Job wifi-alert-check scheduled: */20 * * * *
[2026-07-29T04:56:13.847Z] INFO: Job wifi-metrics-cleanup scheduled: 0 3 * * 0
[2026-07-29T04:56:13.848Z] INFO: All cron jobs initialized
[2026-07-29T04:56:14.368Z] INFO: Email transporter verified successfully - emails will be sent
[2026-07-29T04:56:24.605Z] INFO: Email configuration check {"hasHost":true,"host":"smtp.gmail.com","port":587,"hasUser":true,"hasPass":true,"hasFrom":true,"hasApiKey":false,"apiProvider":null,"bypassEmail":false}
[2026-07-29T04:56:24.614Z] INFO: Email service initialized successfully (SMTP) {"host":"smtp.gmail.com","port":587,"user":"santoshshimpankar.ukvalley@gmail.com"}
[2026-07-29T04:56:25.402Z] INFO: [WhatsApp] Twilio client initialized successfully
[2026-07-29T04:56:25.414Z] INFO: [Telegram] Bot token configured, service ready
[2026-07-29T04:56:26.693Z] INFO: Initializing cron jobs...
[2026-07-29T04:56:26.722Z] INFO: Job recharge-reminder scheduled: 0 9 * * *
[2026-07-29T04:56:26.724Z] INFO: Job inactive-sim-alert scheduled: 0 10 * * *
[2026-07-29T04:56:26.726Z] INFO: Job subscription-expiry-check scheduled: 0 8 * * *
[2026-07-29T04:56:26.728Z] INFO: Job data-cleanup scheduled: 0 2 * * 0
[2026-07-29T04:56:26.730Z] INFO: Job whatsapp-inactive-check scheduled: */5 * * * *
[2026-07-29T04:56:26.732Z] INFO: Job telegram-inactive-check scheduled: */5 * * * *
[2026-07-29T04:56:26.734Z] INFO: Job wifi-alert-check scheduled: */20 * * * *
[2026-07-29T04:56:26.736Z] INFO: Job wifi-metrics-cleanup scheduled: 0 3 * * 0
[2026-07-29T04:56:34.897Z] INFO: Email configuration check {"hasHost":true,"host":"smtp.gmail.com","port":587,"hasUser":true,"hasPass":true,"hasFrom":true,"hasApiKey":false,"apiProvider":null,"bypassEmail":false}
[2026-07-29T04:56:34.911Z] INFO: Email service initialized successfully (SMTP) {"host":"smtp.gmail.com","port":587,"user":"santoshshimpankar.ukvalley@gmail.com"}
[2026-07-29T04:56:35.729Z] INFO: [WhatsApp] Twilio client initialized successfully
[2026-07-29T04:56:35.741Z] INFO: [Telegram] Bot token configured, service ready
[2026-07-29T04:56:36.705Z] INFO: Initializing cron jobs...
[2026-07-29T04:56:36.732Z] INFO: Job recharge-reminder scheduled: 0 9 * * *
[2026-07-29T04:56:36.734Z] INFO: Job inactive-sim-alert scheduled: 0 10 * * *
[2026-07-29T04:56:36.736Z] INFO: Job subscription-expiry-check scheduled: 0 8 * * *
[2026-07-29T04:56:36.737Z] INFO: Job data-cleanup scheduled: 0 2 * * 0
[2026-07-29T04:56:36.739Z] INFO: Job whatsapp-inactive-check scheduled: */5 * * * *
[2026-07-29T04:56:36.741Z] INFO: Job telegram-inactive-check scheduled: */5 * * * *
[2026-07-29T04:56:36.743Z] INFO: Job wifi-alert-check scheduled: */20 * * * *
[2026-07-29T04:56:36.745Z] INFO: Job wifi-metrics-cleanup scheduled: 0 3 * * 0
[2026-07-29T04:56:36.747Z] INFO: Job report-delivery scheduled: * * * * *
[2026-07-29T04:56:36.748Z] INFO: All cron jobs initialized
[2026-07-29T04:56:37.373Z] INFO: Email transporter verified successfully - emails will be sent
[2026-07-29T04:56:47.091Z] INFO: Email configuration check {"hasHost":true,"host":"smtp.gmail.com","port":587,"hasUser":true,"hasPass":true,"hasFrom":true,"hasApiKey":false,"apiProvider":null,"bypassEmail":false}
[2026-07-29T04:56:47.104Z] INFO: Email service initialized successfully (SMTP) {"host":"smtp.gmail.com","port":587,"user":"santoshshimpankar.ukvalley@gmail.com"}
[2026-07-29T04:56:47.924Z] INFO: [WhatsApp] Twilio client initialized successfully
[2026-07-29T04:56:47.937Z] INFO: [Telegram] Bot token configured, service ready
[2026-07-29T04:56:50.391Z] INFO: Email configuration check {"hasHost":true,"host":"smtp.gmail.com","port":587,"hasUser":true,"hasPass":true,"hasFrom":true,"hasApiKey":false,"apiProvider":null,"bypassEmail":false}
[2026-07-29T04:56:50.404Z] INFO: Email service initialized successfully (SMTP) {"host":"smtp.gmail.com","port":587,"user":"santoshshimpankar.ukvalley@gmail.com"}
[2026-07-29T04:56:51.224Z] INFO: [WhatsApp] Twilio client initialized successfully
[2026-07-29T04:56:51.236Z] INFO: [Telegram] Bot token configured, service ready
[2026-07-29T04:56:52.254Z] INFO: Initializing cron jobs...
[2026-07-29T04:56:52.306Z] INFO: Job recharge-reminder scheduled: 0 9 * * *
[2026-07-29T04:56:52.309Z] INFO: Job inactive-sim-alert scheduled: 0 10 * * *
[2026-07-29T04:56:52.312Z] INFO: Job subscription-expiry-check scheduled: 0 8 * * *
[2026-07-29T04:56:52.317Z] INFO: Job data-cleanup scheduled: 0 2 * * 0
[2026-07-29T04:56:52.335Z] INFO: Job whatsapp-inactive-check scheduled: */5 * * * *
[2026-07-29T04:56:52.337Z] INFO: Job telegram-inactive-check scheduled: */5 * * * *
[2026-07-29T04:56:52.339Z] INFO: Job wifi-alert-check scheduled: */20 * * * *
[2026-07-29T04:56:52.342Z] INFO: Job wifi-metrics-cleanup scheduled: 0 3 * * 0
[2026-07-29T04:56:52.346Z] INFO: Job report-delivery scheduled: * * * * *
[2026-07-29T04:56:52.349Z] INFO: All cron jobs initialized
[2026-07-29T04:56:52.992Z] INFO: Email transporter verified successfully - emails will be sent
[2026-07-29T04:58:51.369Z] INFO: Email configuration check {"hasHost":false,"port":587,"hasUser":false,"hasPass":false,"hasFrom":false,"hasApiKey":false,"apiProvider":null,"bypassEmail":false}
[2026-07-29T04:58:51.371Z] WARN: Email configuration is incomplete. Email notifications will be disabled. {"hasHost":false,"hasUser":false,"hasPass":false,"hint":"Set EMAIL_API_KEY for Brevo/SendGrid (works on Render) or set BYPASS_EMAIL=true for testing"}
[2026-07-29T04:59:01.997Z] INFO: Email configuration check {"hasHost":false,"port":587,"hasUser":false,"hasPass":false,"hasFrom":false,"hasApiKey":false,"apiProvider":null,"bypassEmail":false}
[2026-07-29T04:59:01.999Z] WARN: Email configuration is incomplete. Email notifications will be disabled. {"hasHost":false,"hasUser":false,"hasPass":false,"hint":"Set EMAIL_API_KEY for Brevo/SendGrid (works on Render) or set BYPASS_EMAIL=true for testing"}
[2026-07-29T04:59:22.463Z] INFO: Email configuration check {"hasHost":false,"port":587,"hasUser":false,"hasPass":false,"hasFrom":false,"hasApiKey":false,"apiProvider":null,"bypassEmail":false}
[2026-07-29T04:59:22.466Z] WARN: Email configuration is incomplete. Email notifications will be disabled. {"hasHost":false,"hasUser":false,"hasPass":false,"hint":"Set EMAIL_API_KEY for Brevo/SendGrid (works on Render) or set BYPASS_EMAIL=true for testing"}
[2026-07-29T05:00:00.100Z] INFO: Starting WhatsApp inactive check job
[2026-07-29T05:00:00.103Z] INFO: [WhatsApp Cron] Processing inactive messages...
[2026-07-29T05:00:00.107Z] INFO: Starting Telegram inactive check job
[2026-07-29T05:00:00.110Z] INFO: [Telegram Cron] Processing inactive messages...
[2026-07-29T05:00:00.121Z] INFO: [WhatsApp Cron] Processed 0 messages, updated 0 SIMs
[2026-07-29T05:00:00.122Z] INFO: WhatsApp inactive check completed: 0 messages processed, 0 SIMs marked inactive
[2026-07-29T05:00:00.127Z] INFO: [Telegram Cron] Processed 0 messages, updated 0 SIMs
[2026-07-29T05:00:00.129Z] INFO: Telegram inactive check completed: 0 messages processed, 0 SIMs marked inactive
[2026-07-29T05:04:12.017Z] INFO: Email configuration check {"hasHost":true,"host":"smtp.gmail.com","port":587,"hasUser":true,"hasPass":true,"hasFrom":true,"hasApiKey":false,"apiProvider":null,"bypassEmail":false}
[2026-07-29T05:04:12.026Z] INFO: Email service initialized successfully (SMTP) {"host":"smtp.gmail.com","port":587,"user":"santoshshimpankar.ukvalley@gmail.com"}
[2026-07-29T05:04:12.852Z] INFO: [WhatsApp] Twilio client initialized successfully
[2026-07-29T05:04:12.862Z] INFO: [Telegram] Bot token configured, service ready
[2026-07-29T05:04:13.886Z] INFO: Initializing cron jobs...
[2026-07-29T05:04:13.909Z] INFO: Job recharge-reminder scheduled: 0 9 * * *
[2026-07-29T05:04:13.911Z] INFO: Job inactive-sim-alert scheduled: 0 10 * * *
[2026-07-29T05:04:13.913Z] INFO: Job subscription-expiry-check scheduled: 0 8 * * *
[2026-07-29T05:04:13.915Z] INFO: Job data-cleanup scheduled: 0 2 * * 0
[2026-07-29T05:04:13.918Z] INFO: Job whatsapp-inactive-check scheduled: */5 * * * *
[2026-07-29T05:04:13.920Z] INFO: Job telegram-inactive-check scheduled: */5 * * * *
[2026-07-29T05:04:13.922Z] INFO: Job wifi-alert-check scheduled: */20 * * * *
[2026-07-29T05:04:13.923Z] INFO: Job wifi-metrics-cleanup scheduled: 0 3 * * 0
[2026-07-29T05:04:13.926Z] INFO: Job report-delivery scheduled: * * * * *
[2026-07-29T05:04:13.927Z] INFO: All cron jobs initialized
[2026-07-29T05:04:14.718Z] INFO: Email transporter verified successfully - emails will be sent
[2026-07-29T05:04:57.542Z] INFO: Email configuration check {"hasHost":true,"host":"smtp.gmail.com","port":587,"hasUser":true,"hasPass":true,"hasFrom":true,"hasApiKey":false,"apiProvider":null,"bypassEmail":false}
[2026-07-29T05:04:57.560Z] INFO: Email service initialized successfully (SMTP) {"host":"smtp.gmail.com","port":587,"user":"santoshshimpankar.ukvalley@gmail.com"}
[2026-07-29T05:04:58.739Z] INFO: [WhatsApp] Twilio client initialized successfully
[2026-07-29T05:04:58.748Z] INFO: [Telegram] Bot token configured, service ready
[2026-07-29T05:04:59.789Z] INFO: Initializing cron jobs...
[2026-07-29T05:04:59.813Z] INFO: Job recharge-reminder scheduled: 0 9 * * *
[2026-07-29T05:04:59.815Z] INFO: Job inactive-sim-alert scheduled: 0 10 * * *
[2026-07-29T05:04:59.817Z] INFO: Job subscription-expiry-check scheduled: 0 8 * * *
[2026-07-29T05:04:59.819Z] INFO: Job data-cleanup scheduled: 0 2 * * 0
[2026-07-29T05:04:59.822Z] INFO: Job whatsapp-inactive-check scheduled: */5 * * * *
[2026-07-29T05:04:59.824Z] INFO: Job telegram-inactive-check scheduled: */5 * * * *
[2026-07-29T05:04:59.826Z] INFO: Job wifi-alert-check scheduled: */20 * * * *
[2026-07-29T05:04:59.828Z] INFO: Job wifi-metrics-cleanup scheduled: 0 3 * * 0
[2026-07-29T05:04:59.830Z] INFO: Job report-delivery scheduled: * * * * *
[2026-07-29T05:04:59.831Z] INFO: All cron jobs initialized
[2026-07-29T05:05:00.306Z] INFO: Email transporter verified successfully - emails will be sent
[2026-07-29T05:05:00.832Z] INFO: Starting WhatsApp inactive check job
[2026-07-29T05:05:00.833Z] INFO: [WhatsApp Cron] Processing inactive messages...
[2026-07-29T05:05:00.839Z] INFO: Starting Telegram inactive check job
[2026-07-29T05:05:00.842Z] INFO: [Telegram Cron] Processing inactive messages...
[2026-07-29T05:05:01.104Z] INFO: [WhatsApp Cron] Processed 0 messages, updated 0 SIMs
[2026-07-29T05:05:01.105Z] INFO: WhatsApp inactive check completed: 0 messages processed, 0 SIMs marked inactive
[2026-07-29T05:05:01.108Z] INFO: [Telegram Cron] Processed 0 messages, updated 0 SIMs
[2026-07-29T05:05:01.109Z] INFO: Telegram inactive check completed: 0 messages processed, 0 SIMs marked inactive
[2026-07-29T05:06:06.385Z] INFO: Email configuration check {"hasHost":true,"host":"smtp.gmail.com","port":587,"hasUser":true,"hasPass":true,"hasFrom":true,"hasApiKey":false,"apiProvider":null,"bypassEmail":false}
[2026-07-29T05:06:06.396Z] INFO: Email service initialized successfully (SMTP) {"host":"smtp.gmail.com","port":587,"user":"santoshshimpankar.ukvalley@gmail.com"}
[2026-07-29T05:06:07.351Z] INFO: [WhatsApp] Twilio client initialized successfully
[2026-07-29T05:06:07.361Z] INFO: [Telegram] Bot token configured, service ready
[2026-07-29T05:06:08.386Z] INFO: Initializing cron jobs...
[2026-07-29T05:06:08.418Z] INFO: Job recharge-reminder scheduled: 0 9 * * *
[2026-07-29T05:06:08.420Z] INFO: Job inactive-sim-alert scheduled: 0 10 * * *
[2026-07-29T05:06:08.422Z] INFO: Job subscription-expiry-check scheduled: 0 8 * * *
[2026-07-29T05:06:08.423Z] INFO: Job data-cleanup scheduled: 0 2 * * 0
[2026-07-29T05:06:08.425Z] INFO: Job whatsapp-inactive-check scheduled: */5 * * * *
[2026-07-29T05:06:08.427Z] INFO: Job telegram-inactive-check scheduled: */5 * * * *
[2026-07-29T05:06:08.428Z] INFO: Job wifi-alert-check scheduled: */20 * * * *
[2026-07-29T05:06:08.429Z] INFO: Job wifi-metrics-cleanup scheduled: 0 3 * * 0
[2026-07-29T05:06:08.432Z] INFO: Job report-delivery scheduled: * * * * *
[2026-07-29T05:06:08.432Z] INFO: All cron jobs initialized
[2026-07-29T05:06:08.985Z] INFO: Email transporter verified successfully - emails will be sent
[2026-07-29T05:08:16.593Z] INFO: Email configuration check {"hasHost":false,"port":587,"hasUser":false,"hasPass":false,"hasFrom":false,"hasApiKey":false,"apiProvider":null,"bypassEmail":false}
[2026-07-29T05:08:16.595Z] WARN: Email configuration is incomplete. Email notifications will be disabled. {"hasHost":false,"hasUser":false,"hasPass":false,"hint":"Set EMAIL_API_KEY for Brevo/SendGrid (works on Render) or set BYPASS_EMAIL=true for testing"}
[2026-07-29T05:08:27.910Z] INFO: Email configuration check {"hasHost":false,"port":587,"hasUser":false,"hasPass":false,"hasFrom":false,"hasApiKey":false,"apiProvider":null,"bypassEmail":false}
[2026-07-29T05:08:27.912Z] WARN: Email configuration is incomplete. Email notifications will be disabled. {"hasHost":false,"hasUser":false,"hasPass":false,"hint":"Set EMAIL_API_KEY for Brevo/SendGrid (works on Render) or set BYPASS_EMAIL=true for testing"}
[2026-07-29T05:08:38.475Z] INFO: Email configuration check {"hasHost":false,"port":587,"hasUser":false,"hasPass":false,"hasFrom":false,"hasApiKey":false,"apiProvider":null,"bypassEmail":false}
[2026-07-29T05:08:38.477Z] WARN: Email configuration is incomplete. Email notifications will be disabled. {"hasHost":false,"hasUser":false,"hasPass":false,"hint":"Set EMAIL_API_KEY for Brevo/SendGrid (works on Render) or set BYPASS_EMAIL=true for testing"}
[2026-07-29T05:10:00.672Z] INFO: Starting WhatsApp inactive check job
[2026-07-29T05:10:00.780Z] INFO: [WhatsApp Cron] Processing inactive messages...
[2026-07-29T05:10:00.788Z] INFO: Starting Telegram inactive check job
[2026-07-29T05:10:00.790Z] INFO: [Telegram Cron] Processing inactive messages...
[2026-07-29T05:10:00.794Z] INFO: Starting WiFi alert check job
[2026-07-29T05:10:00.802Z] INFO: [WhatsApp Cron] Processed 0 messages, updated 0 SIMs
[2026-07-29T05:10:00.803Z] INFO: WhatsApp inactive check completed: 0 messages processed, 0 SIMs marked inactive
[2026-07-29T05:10:00.805Z] INFO: [Telegram Cron] Processed 0 messages, updated 0 SIMs
[2026-07-29T05:10:00.806Z] INFO: Telegram inactive check completed: 0 messages processed, 0 SIMs marked inactive
[2026-07-29T05:10:01.210Z] INFO: [WIFI ALERT] All checks completed {"checked":0,"skipped":3,"alertsCreated":0,"alertsUpdated":0,"alertsResolved":0,"emailsSent":0,"emailErrors":[],"errors":[],"offlineAlertsCreated":0,"wifiOffAlertsCreated":0,"disconnectedAlertsCreated":0,"notificationsCreated":0}
[2026-07-29T05:10:01.211Z] INFO: WiFi alert check job completed
[2026-07-29T05:15:00.710Z] INFO: Starting WhatsApp inactive check job
[2026-07-29T05:15:01.049Z] INFO: [WhatsApp Cron] Processing inactive messages...
[2026-07-29T05:15:01.069Z] INFO: [WhatsApp Cron] Processed 0 messages, updated 0 SIMs
[2026-07-29T05:15:01.070Z] INFO: WhatsApp inactive check completed: 0 messages processed, 0 SIMs marked inactive
[2026-07-29T05:20:00.158Z] INFO: Starting WhatsApp inactive check job
[2026-07-29T05:20:00.160Z] INFO: [WhatsApp Cron] Processing inactive messages...
[2026-07-29T05:20:00.166Z] INFO: Starting Telegram inactive check job
[2026-07-29T05:20:00.169Z] INFO: [Telegram Cron] Processing inactive messages...
[2026-07-29T05:20:00.184Z] INFO: [WhatsApp Cron] Processed 0 messages, updated 0 SIMs
[2026-07-29T05:20:00.186Z] INFO: WhatsApp inactive check completed: 0 messages processed, 0 SIMs marked inactive
[2026-07-29T05:20:00.190Z] INFO: [Telegram Cron] Processed 0 messages, updated 0 SIMs
[2026-07-29T05:20:00.192Z] INFO: Telegram inactive check completed: 0 messages processed, 0 SIMs marked inactive
[2026-07-29T05:24:50.968Z] INFO: [CALL AUTOMATION] getEligibleSims called {"userId":"69f8b601247c51deb2aa1753","userRole":"admin","companyId":"69f8b601247c51deb2aa1751","userCompanyId":"69f8b601247c51deb2aa1751"}
[2026-07-29T05:24:50.980Z] INFO: [CALL AUTOMATION CONTROLLER] getConfig request: {"userId":"69f8b601247c51deb2aa1753","userRole":"admin","userCompanyId":"69f8b601247c51deb2aa1751","reqCompanyId":"69f8b601247c51deb2aa1751","queryCompanyId":"not provided","resolvedCompanyId":"69f8b601247c51deb2aa1751"}
[2026-07-29T05:24:50.982Z] INFO: [CALL AUTOMATION] getConfig called {"userId":"69f8b601247c51deb2aa1753","userRole":"admin","targetCompanyId":"69f8b601247c51deb2aa1751","targetCompanyIdType":"object","userCompanyId":"69f8b601247c51deb2aa1751","paramCompanyId":"69f8b601247c51deb2aa1751"}
[2026-07-29T05:24:51.015Z] INFO: [CALL AUTOMATION] getEligibleSims result {"totalSims":17,"callers":2,"potentialTargets":17,"callerNumbers":["+918805770897","+919637979102"]}
[2026-07-29T05:24:51.045Z] INFO: [CALL AUTOMATION] populateConfig: Mappings after population {"configId":"6a68810a9115f5d26227f8ae","mappingsCount":1,"mappings":[{"targetSimId":"6a6880ab9115f5d26227f7a9","targetMobileNumber":"+918805753927","callerCount":1,"callerIds":["69f8f0469952a58f222f8a61"],"callDuration":10}]}
[2026-07-29T05:24:51.049Z] INFO: [CALL AUTOMATION] getConfig returning: {"configId":"6a68810a9115f5d26227f8ae","companyId":"69f8b601247c51deb2aa1751","mappingsCount":1,"frequency":"daily","scheduledTime":"15:48","isActive":true}
[2026-07-29T05:24:51.053Z] INFO: [CALL AUTOMATION CONTROLLER] getConfig response: {"configFound":true,"configId":"6a68810a9115f5d26227f8ae","companyId":"69f8b601247c51deb2aa1751","mappingsCount":1}
[2026-07-29T05:24:51.112Z] INFO: [CALL AUTOMATION] getEligibleSims called {"userId":"69f8b601247c51deb2aa1753","userRole":"admin","companyId":"69f8b601247c51deb2aa1751","userCompanyId":"69f8b601247c51deb2aa1751"}
[2026-07-29T05:24:51.138Z] INFO: [CALL AUTOMATION CONTROLLER] getConfig request: {"userId":"69f8b601247c51deb2aa1753","userRole":"admin","userCompanyId":"69f8b601247c51deb2aa1751","reqCompanyId":"69f8b601247c51deb2aa1751","queryCompanyId":"not provided","resolvedCompanyId":"69f8b601247c51deb2aa1751"}
[2026-07-29T05:24:51.139Z] INFO: [CALL AUTOMATION] getConfig called {"userId":"69f8b601247c51deb2aa1753","userRole":"admin","targetCompanyId":"69f8b601247c51deb2aa1751","targetCompanyIdType":"object","userCompanyId":"69f8b601247c51deb2aa1751","paramCompanyId":"69f8b601247c51deb2aa1751"}
[2026-07-29T05:24:51.150Z] INFO: [CALL AUTOMATION] getEligibleSims result {"totalSims":17,"callers":2,"potentialTargets":17,"callerNumbers":["+918805770897","+919637979102"]}
[2026-07-29T05:24:51.187Z] INFO: [CALL AUTOMATION] populateConfig: Mappings after population {"configId":"6a68810a9115f5d26227f8ae","mappingsCount":1,"mappings":[{"targetSimId":"6a6880ab9115f5d26227f7a9","targetMobileNumber":"+918805753927","callerCount":1,"callerIds":["69f8f0469952a58f222f8a61"],"callDuration":10}]}
[2026-07-29T05:24:51.193Z] INFO: [CALL AUTOMATION] getConfig returning: {"configId":"6a68810a9115f5d26227f8ae","companyId":"69f8b601247c51deb2aa1751","mappingsCount":1,"frequency":"daily","scheduledTime":"15:48","isActive":true}
[2026-07-29T05:24:51.194Z] INFO: [CALL AUTOMATION CONTROLLER] getConfig response: {"configFound":true,"configId":"6a68810a9115f5d26227f8ae","companyId":"69f8b601247c51deb2aa1751","mappingsCount":1}
[2026-07-29T05:25:00.146Z] INFO: Starting WhatsApp inactive check job
[2026-07-29T05:25:00.147Z] INFO: [WhatsApp Cron] Processing inactive messages...
[2026-07-29T05:25:00.149Z] INFO: Starting Telegram inactive check job
[2026-07-29T05:25:00.150Z] INFO: [Telegram Cron] Processing inactive messages...
[2026-07-29T05:25:00.169Z] INFO: [WhatsApp Cron] Processed 0 messages, updated 0 SIMs
[2026-07-29T05:25:00.170Z] INFO: WhatsApp inactive check completed: 0 messages processed, 0 SIMs marked inactive
[2026-07-29T05:25:00.171Z] INFO: [Telegram Cron] Processed 0 messages, updated 0 SIMs
[2026-07-29T05:25:00.172Z] INFO: Telegram inactive check completed: 0 messages processed, 0 SIMs marked inactive
[2026-07-29T05:30:00.147Z] INFO: Starting WhatsApp inactive check job
[2026-07-29T05:30:00.484Z] INFO: [WhatsApp Cron] Processing inactive messages...
[2026-07-29T05:30:00.486Z] INFO: Starting Telegram inactive check job
[2026-07-29T05:30:00.488Z] INFO: [Telegram Cron] Processing inactive messages...
[2026-07-29T05:30:00.492Z] INFO: Starting WiFi alert check job
[2026-07-29T05:30:00.500Z] INFO: [WhatsApp Cron] Processed 0 messages, updated 0 SIMs
[2026-07-29T05:30:00.501Z] INFO: WhatsApp inactive check completed: 0 messages processed, 0 SIMs marked inactive
[2026-07-29T05:30:00.504Z] INFO: [Telegram Cron] Processed 0 messages, updated 0 SIMs
[2026-07-29T05:30:00.505Z] INFO: Telegram inactive check completed: 0 messages processed, 0 SIMs marked inactive
[2026-07-29T05:30:01.051Z] INFO: [WIFI ALERT] All checks completed {"checked":0,"skipped":3,"alertsCreated":0,"alertsUpdated":0,"alertsResolved":0,"emailsSent":0,"emailErrors":[],"errors":[],"offlineAlertsCreated":0,"wifiOffAlertsCreated":0,"disconnectedAlertsCreated":0,"notificationsCreated":0}
[2026-07-29T05:30:01.052Z] INFO: WiFi alert check job completed
[2026-07-29T05:35:00.472Z] INFO: Starting WhatsApp inactive check job
[2026-07-29T05:35:00.473Z] INFO: [WhatsApp Cron] Processing inactive messages...
[2026-07-29T05:35:00.476Z] INFO: Starting Telegram inactive check job
[2026-07-29T05:35:00.476Z] INFO: [Telegram Cron] Processing inactive messages...
[2026-07-29T05:35:00.486Z] INFO: [WhatsApp Cron] Processed 0 messages, updated 0 SIMs
[2026-07-29T05:35:00.487Z] INFO: WhatsApp inactive check completed: 0 messages processed, 0 SIMs marked inactive
[2026-07-29T05:35:00.495Z] INFO: [Telegram Cron] Processed 0 messages, updated 0 SIMs
[2026-07-29T05:35:00.496Z] INFO: Telegram inactive check completed: 0 messages processed, 0 SIMs marked inactive
[2026-07-29T05:35:52.441Z] INFO: Email configuration check {"hasHost":true,"host":"smtp.gmail.com","port":587,"hasUser":true,"hasPass":true,"hasFrom":true,"hasApiKey":false,"apiProvider":null,"bypassEmail":false}
[2026-07-29T05:35:52.453Z] INFO: Email service initialized successfully (SMTP) {"host":"smtp.gmail.com","port":587,"user":"santoshshimpankar.ukvalley@gmail.com"}
[2026-07-29T05:35:55.400Z] INFO: [WhatsApp] Twilio client initialized successfully
[2026-07-29T05:35:55.414Z] INFO: [Telegram] Bot token configured, service ready
[2026-07-29T05:35:56.901Z] INFO: Initializing cron jobs...
[2026-07-29T05:35:56.991Z] INFO: Job recharge-reminder scheduled: 0 9 * * *
[2026-07-29T05:35:56.993Z] INFO: Job inactive-sim-alert scheduled: 0 10 * * *
[2026-07-29T05:35:56.995Z] INFO: Job subscription-expiry-check scheduled: 0 8 * * *
[2026-07-29T05:35:56.997Z] INFO: Job data-cleanup scheduled: 0 2 * * 0
[2026-07-29T05:35:57.000Z] INFO: Job whatsapp-inactive-check scheduled: */5 * * * *
[2026-07-29T05:35:57.001Z] INFO: Job telegram-inactive-check scheduled: */5 * * * *
[2026-07-29T05:35:57.003Z] INFO: Job wifi-alert-check scheduled: */20 * * * *
[2026-07-29T05:35:57.006Z] INFO: Job wifi-metrics-cleanup scheduled: 0 3 * * 0
[2026-07-29T05:35:57.010Z] INFO: Job report-delivery scheduled: * * * * *
[2026-07-29T05:35:57.011Z] INFO: All cron jobs initialized
[2026-07-29T05:35:57.350Z] INFO: Email transporter verified successfully - emails will be sent
[2026-07-29T05:36:13.153Z] INFO: Email configuration check {"hasHost":true,"host":"smtp.gmail.com","port":587,"hasUser":true,"hasPass":true,"hasFrom":true,"hasApiKey":false,"apiProvider":null,"bypassEmail":false}
[2026-07-29T05:36:13.164Z] INFO: Email service initialized successfully (SMTP) {"host":"smtp.gmail.com","port":587,"user":"santoshshimpankar.ukvalley@gmail.com"}
[2026-07-29T05:36:13.974Z] INFO: [WhatsApp] Twilio client initialized successfully
[2026-07-29T05:36:13.988Z] INFO: [Telegram] Bot token configured, service ready
[2026-07-29T05:36:15.071Z] INFO: Initializing cron jobs...
[2026-07-29T05:36:15.100Z] INFO: Job recharge-reminder scheduled: 0 9 * * *
[2026-07-29T05:36:15.102Z] INFO: Job inactive-sim-alert scheduled: 0 10 * * *
[2026-07-29T05:36:15.104Z] INFO: Job subscription-expiry-check scheduled: 0 8 * * *
[2026-07-29T05:36:15.105Z] INFO: Job data-cleanup scheduled: 0 2 * * 0
[2026-07-29T05:36:15.108Z] INFO: Job whatsapp-inactive-check scheduled: */5 * * * *
[2026-07-29T05:36:15.109Z] INFO: Job telegram-inactive-check scheduled: */5 * * * *
[2026-07-29T05:36:15.111Z] INFO: Job wifi-alert-check scheduled: */20 * * * *
[2026-07-29T05:36:15.112Z] INFO: Job wifi-metrics-cleanup scheduled: 0 3 * * 0
[2026-07-29T05:36:15.114Z] INFO: Job report-delivery scheduled: * * * * *
[2026-07-29T05:36:15.115Z] INFO: All cron jobs initialized
[2026-07-29T05:36:15.700Z] INFO: Email transporter verified successfully - emails will be sent
[2026-07-29T05:36:27.131Z] INFO: Email configuration check {"hasHost":true,"host":"smtp.gmail.com","port":587,"hasUser":true,"hasPass":true,"hasFrom":true,"hasApiKey":false,"apiProvider":null,"bypassEmail":false}
[2026-07-29T05:36:27.143Z] INFO: Email service initialized successfully (SMTP) {"host":"smtp.gmail.com","port":587,"user":"santoshshimpankar.ukvalley@gmail.com"}
[2026-07-29T05:36:27.937Z] INFO: [WhatsApp] Twilio client initialized successfully
[2026-07-29T05:36:27.950Z] INFO: [Telegram] Bot token configured, service ready
[2026-07-29T05:36:28.999Z] INFO: Initializing cron jobs...
[2026-07-29T05:36:29.025Z] INFO: Job recharge-reminder scheduled: 0 9 * * *
[2026-07-29T05:36:29.027Z] INFO: Job inactive-sim-alert scheduled: 0 10 * * *
[2026-07-29T05:36:29.029Z] INFO: Job subscription-expiry-check scheduled: 0 8 * * *
[2026-07-29T05:36:29.031Z] INFO: Job data-cleanup scheduled: 0 2 * * 0
[2026-07-29T05:36:29.033Z] INFO: Job whatsapp-inactive-check scheduled: */5 * * * *
[2026-07-29T05:36:29.035Z] INFO: Job telegram-inactive-check scheduled: */5 * * * *
[2026-07-29T05:36:29.037Z] INFO: Job wifi-alert-check scheduled: */20 * * * *
[2026-07-29T05:36:29.039Z] INFO: Job wifi-metrics-cleanup scheduled: 0 3 * * 0
[2026-07-29T05:36:29.041Z] INFO: Job report-delivery scheduled: * * * * *
[2026-07-29T05:36:29.042Z] INFO: All cron jobs initialized
[2026-07-29T05:36:29.652Z] INFO: Email transporter verified successfully - emails will be sent
[2026-07-29T05:36:50.114Z] INFO: Email configuration check {"hasHost":true,"host":"smtp.gmail.com","port":587,"hasUser":true,"hasPass":true,"hasFrom":true,"hasApiKey":false,"apiProvider":null,"bypassEmail":false}
[2026-07-29T05:36:50.127Z] INFO: Email service initialized successfully (SMTP) {"host":"smtp.gmail.com","port":587,"user":"santoshshimpankar.ukvalley@gmail.com"}
[2026-07-29T05:36:50.990Z] INFO: [WhatsApp] Twilio client initialized successfully
[2026-07-29T05:36:51.001Z] INFO: [Telegram] Bot token configured, service ready
[2026-07-29T05:36:51.923Z] INFO: Initializing cron jobs...
[2026-07-29T05:36:51.950Z] INFO: Job recharge-reminder scheduled: 0 9 * * *
[2026-07-29T05:36:51.952Z] INFO: Job inactive-sim-alert scheduled: 0 10 * * *
[2026-07-29T05:36:51.955Z] INFO: Job subscription-expiry-check scheduled: 0 8 * * *
[2026-07-29T05:36:51.957Z] INFO: Job data-cleanup scheduled: 0 2 * * 0
[2026-07-29T05:36:51.960Z] INFO: Job whatsapp-inactive-check scheduled: */5 * * * *
[2026-07-29T05:36:51.964Z] INFO: Job telegram-inactive-check scheduled: */5 * * * *
[2026-07-29T05:36:51.966Z] INFO: Job wifi-alert-check scheduled: */20 * * * *
[2026-07-29T05:36:51.968Z] INFO: Job wifi-metrics-cleanup scheduled: 0 3 * * 0
[2026-07-29T05:36:51.970Z] INFO: Job report-delivery scheduled: * * * * *
[2026-07-29T05:36:51.971Z] INFO: All cron jobs initialized
[2026-07-29T05:36:52.565Z] INFO: Email transporter verified successfully - emails will be sent
[2026-07-29T05:37:04.824Z] INFO: Email configuration check {"hasHost":true,"host":"smtp.gmail.com","port":587,"hasUser":true,"hasPass":true,"hasFrom":true,"hasApiKey":false,"apiProvider":null,"bypassEmail":false}
[2026-07-29T05:37:04.835Z] INFO: Email service initialized successfully (SMTP) {"host":"smtp.gmail.com","port":587,"user":"santoshshimpankar.ukvalley@gmail.com"}
[2026-07-29T05:37:05.616Z] INFO: [WhatsApp] Twilio client initialized successfully
[2026-07-29T05:37:05.626Z] INFO: [Telegram] Bot token configured, service ready
[2026-07-29T05:37:06.578Z] INFO: Initializing cron jobs...
[2026-07-29T05:37:06.603Z] INFO: Job recharge-reminder scheduled: 0 9 * * *
[2026-07-29T05:37:06.604Z] INFO: Job inactive-sim-alert scheduled: 0 10 * * *
[2026-07-29T05:37:06.606Z] INFO: Job subscription-expiry-check scheduled: 0 8 * * *
[2026-07-29T05:37:06.608Z] INFO: Job data-cleanup scheduled: 0 2 * * 0
[2026-07-29T05:37:06.611Z] INFO: Job whatsapp-inactive-check scheduled: */5 * * * *
[2026-07-29T05:37:06.613Z] INFO: Job telegram-inactive-check scheduled: */5 * * * *
[2026-07-29T05:37:06.615Z] INFO: Job wifi-alert-check scheduled: */20 * * * *
[2026-07-29T05:37:06.617Z] INFO: Job wifi-metrics-cleanup scheduled: 0 3 * * 0
[2026-07-29T05:37:06.619Z] INFO: Job report-delivery scheduled: * * * * *
[2026-07-29T05:37:06.620Z] INFO: All cron jobs initialized
[2026-07-29T05:37:07.224Z] INFO: Email transporter verified successfully - emails will be sent
[2026-07-29T05:37:15.938Z] INFO: Email configuration check {"hasHost":true,"host":"smtp.gmail.com","port":587,"hasUser":true,"hasPass":true,"hasFrom":true,"hasApiKey":false,"apiProvider":null,"bypassEmail":false}
[2026-07-29T05:37:15.953Z] INFO: Email service initialized successfully (SMTP) {"host":"smtp.gmail.com","port":587,"user":"santoshshimpankar.ukvalley@gmail.com"}
[2026-07-29T05:37:16.779Z] INFO: [WhatsApp] Twilio client initialized successfully
[2026-07-29T05:37:16.790Z] INFO: [Telegram] Bot token configured, service ready
[2026-07-29T05:37:17.808Z] INFO: Initializing cron jobs...
[2026-07-29T05:37:17.833Z] INFO: Job recharge-reminder scheduled: 0 9 * * *
[2026-07-29T05:37:17.835Z] INFO: Job inactive-sim-alert scheduled: 0 10 * * *
[2026-07-29T05:37:17.837Z] INFO: Job subscription-expiry-check scheduled: 0 8 * * *
[2026-07-29T05:37:17.839Z] INFO: Job data-cleanup scheduled: 0 2 * * 0
[2026-07-29T05:37:17.841Z] INFO: Job whatsapp-inactive-check scheduled: */5 * * * *
[2026-07-29T05:37:17.843Z] INFO: Job telegram-inactive-check scheduled: */5 * * * *
[2026-07-29T05:37:17.845Z] INFO: Job wifi-alert-check scheduled: */20 * * * *
[2026-07-29T05:37:17.847Z] INFO: Job wifi-metrics-cleanup scheduled: 0 3 * * 0
[2026-07-29T05:37:17.850Z] INFO: Job report-delivery scheduled: * * * * *
[2026-07-29T05:37:17.850Z] INFO: All cron jobs initialized
[2026-07-29T05:37:18.542Z] INFO: Email transporter verified successfully - emails will be sent
[2026-07-29T05:37:24.997Z] INFO: Email configuration check {"hasHost":true,"host":"smtp.gmail.com","port":587,"hasUser":true,"hasPass":true,"hasFrom":true,"hasApiKey":false,"apiProvider":null,"bypassEmail":false}
[2026-07-29T05:37:25.008Z] INFO: Email service initialized successfully (SMTP) {"host":"smtp.gmail.com","port":587,"user":"santoshshimpankar.ukvalley@gmail.com"}
[2026-07-29T05:37:25.780Z] INFO: [WhatsApp] Twilio client initialized successfully
[2026-07-29T05:37:25.790Z] INFO: [Telegram] Bot token configured, service ready
[2026-07-29T05:37:26.830Z] INFO: Initializing cron jobs...
[2026-07-29T05:37:26.860Z] INFO: Job recharge-reminder scheduled: 0 9 * * *
[2026-07-29T05:37:26.863Z] INFO: Job inactive-sim-alert scheduled: 0 10 * * *
[2026-07-29T05:37:26.865Z] INFO: Job subscription-expiry-check scheduled: 0 8 * * *
[2026-07-29T05:37:26.866Z] INFO: Job data-cleanup scheduled: 0 2 * * 0
[2026-07-29T05:37:26.869Z] INFO: Job whatsapp-inactive-check scheduled: */5 * * * *
[2026-07-29T05:37:26.871Z] INFO: Job telegram-inactive-check scheduled: */5 * * * *
[2026-07-29T05:37:26.873Z] INFO: Job wifi-alert-check scheduled: */20 * * * *
[2026-07-29T05:37:26.875Z] INFO: Job wifi-metrics-cleanup scheduled: 0 3 * * 0
[2026-07-29T05:37:26.879Z] INFO: Job report-delivery scheduled: * * * * *
[2026-07-29T05:37:26.879Z] INFO: All cron jobs initialized
[2026-07-29T05:37:27.537Z] INFO: Email transporter verified successfully - emails will be sent
[2026-07-29T05:38:55.336Z] INFO: [CALL AUTOMATION] getEligibleSims called {"userId":"69f8b601247c51deb2aa1753","userRole":"admin","companyId":"69f8b601247c51deb2aa1751","userCompanyId":"69f8b601247c51deb2aa1751"}
[2026-07-29T05:38:55.358Z] INFO: [CALL AUTOMATION CONTROLLER] getConfig request: {"userId":"69f8b601247c51deb2aa1753","userRole":"admin","userCompanyId":"69f8b601247c51deb2aa1751","reqCompanyId":"69f8b601247c51deb2aa1751","queryCompanyId":"not provided","resolvedCompanyId":"69f8b601247c51deb2aa1751"}
[2026-07-29T05:38:55.360Z] INFO: [CALL AUTOMATION] getConfig called {"userId":"69f8b601247c51deb2aa1753","userRole":"admin","targetCompanyId":"69f8b601247c51deb2aa1751","targetCompanyIdType":"object","userCompanyId":"69f8b601247c51deb2aa1751","paramCompanyId":"69f8b601247c51deb2aa1751"}
[2026-07-29T05:38:55.395Z] INFO: [CALL AUTOMATION] getEligibleSims result {"totalSims":17,"callers":2,"potentialTargets":17,"callerNumbers":["+918805770897","+919637979102"]}
[2026-07-29T05:38:55.430Z] INFO: [CALL AUTOMATION] populateConfig: Mappings after population {"configId":"6a68810a9115f5d26227f8ae","mappingsCount":1,"mappings":[{"targetSimId":"6a6880ab9115f5d26227f7a9","targetMobileNumber":"+918805753927","callerCount":1,"callerIds":["69f8f0469952a58f222f8a61"],"callDuration":10}]}
[2026-07-29T05:38:55.434Z] INFO: [CALL AUTOMATION] getConfig returning: {"configId":"6a68810a9115f5d26227f8ae","companyId":"69f8b601247c51deb2aa1751","mappingsCount":1,"frequency":"daily","scheduledTime":"15:48","isActive":true}
[2026-07-29T05:38:55.436Z] INFO: [CALL AUTOMATION CONTROLLER] getConfig response: {"configFound":true,"configId":"6a68810a9115f5d26227f8ae","companyId":"69f8b601247c51deb2aa1751","mappingsCount":1}
[2026-07-29T05:38:55.502Z] INFO: [CALL AUTOMATION] getEligibleSims called {"userId":"69f8b601247c51deb2aa1753","userRole":"admin","companyId":"69f8b601247c51deb2aa1751","userCompanyId":"69f8b601247c51deb2aa1751"}
[2026-07-29T05:38:55.537Z] INFO: [CALL AUTOMATION CONTROLLER] getConfig request: {"userId":"69f8b601247c51deb2aa1753","userRole":"admin","userCompanyId":"69f8b601247c51deb2aa1751","reqCompanyId":"69f8b601247c51deb2aa1751","queryCompanyId":"not provided","resolvedCompanyId":"69f8b601247c51deb2aa1751"}
[2026-07-29T05:38:55.538Z] INFO: [CALL AUTOMATION] getConfig called {"userId":"69f8b601247c51deb2aa1753","userRole":"admin","targetCompanyId":"69f8b601247c51deb2aa1751","targetCompanyIdType":"object","userCompanyId":"69f8b601247c51deb2aa1751","paramCompanyId":"69f8b601247c51deb2aa1751"}
[2026-07-29T05:38:55.548Z] INFO: [CALL AUTOMATION] getEligibleSims result {"totalSims":17,"callers":2,"potentialTargets":17,"callerNumbers":["+918805770897","+919637979102"]}
[2026-07-29T05:38:55.598Z] INFO: [CALL AUTOMATION] populateConfig: Mappings after population {"configId":"6a68810a9115f5d26227f8ae","mappingsCount":1,"mappings":[{"targetSimId":"6a6880ab9115f5d26227f7a9","targetMobileNumber":"+918805753927","callerCount":1,"callerIds":["69f8f0469952a58f222f8a61"],"callDuration":10}]}
[2026-07-29T05:38:55.602Z] INFO: [CALL AUTOMATION] getConfig returning: {"configId":"6a68810a9115f5d26227f8ae","companyId":"69f8b601247c51deb2aa1751","mappingsCount":1,"frequency":"daily","scheduledTime":"15:48","isActive":true}
[2026-07-29T05:38:55.603Z] INFO: [CALL AUTOMATION CONTROLLER] getConfig response: {"configFound":true,"configId":"6a68810a9115f5d26227f8ae","companyId":"69f8b601247c51deb2aa1751","mappingsCount":1}
[2026-07-29T05:39:07.210Z] INFO: [CALL AUTOMATION] getEligibleSims called {"userId":"69f8b601247c51deb2aa1753","userRole":"admin","companyId":"69f8b601247c51deb2aa1751","userCompanyId":"69f8b601247c51deb2aa1751"}
[2026-07-29T05:39:07.320Z] INFO: [CALL AUTOMATION CONTROLLER] getConfig request: {"userId":"69f8b601247c51deb2aa1753","userRole":"admin","userCompanyId":"69f8b601247c51deb2aa1751","reqCompanyId":"69f8b601247c51deb2aa1751","queryCompanyId":"not provided","resolvedCompanyId":"69f8b601247c51deb2aa1751"}
[2026-07-29T05:39:07.322Z] INFO: [CALL AUTOMATION] getConfig called {"userId":"69f8b601247c51deb2aa1753","userRole":"admin","targetCompanyId":"69f8b601247c51deb2aa1751","targetCompanyIdType":"object","userCompanyId":"69f8b601247c51deb2aa1751","paramCompanyId":"69f8b601247c51deb2aa1751"}
[2026-07-29T05:39:07.353Z] INFO: [CALL AUTOMATION] getEligibleSims result {"totalSims":17,"callers":2,"potentialTargets":17,"callerNumbers":["+918805770897","+919637979102"]}
[2026-07-29T05:39:07.380Z] INFO: [CALL AUTOMATION] populateConfig: Mappings after population {"configId":"6a68810a9115f5d26227f8ae","mappingsCount":1,"mappings":[{"targetSimId":"6a6880ab9115f5d26227f7a9","targetMobileNumber":"+918805753927","callerCount":1,"callerIds":["69f8f0469952a58f222f8a61"],"callDuration":10}]}
[2026-07-29T05:39:07.382Z] INFO: [CALL AUTOMATION] getConfig returning: {"configId":"6a68810a9115f5d26227f8ae","companyId":"69f8b601247c51deb2aa1751","mappingsCount":1,"frequency":"daily","scheduledTime":"15:48","isActive":true}
[2026-07-29T05:39:07.384Z] INFO: [CALL AUTOMATION CONTROLLER] getConfig response: {"configFound":true,"configId":"6a68810a9115f5d26227f8ae","companyId":"69f8b601247c51deb2aa1751","mappingsCount":1}
[2026-07-29T05:39:15.178Z] INFO: [CALL AUTOMATION] getEligibleSims called {"userId":"69f8b601247c51deb2aa1753","userRole":"admin","companyId":"69f8b601247c51deb2aa1751","userCompanyId":"69f8b601247c51deb2aa1751"}
[2026-07-29T05:39:15.182Z] INFO: [CALL AUTOMATION CONTROLLER] getConfig request: {"userId":"69f8b601247c51deb2aa1753","userRole":"admin","userCompanyId":"69f8b601247c51deb2aa1751","reqCompanyId":"69f8b601247c51deb2aa1751","queryCompanyId":"not provided","resolvedCompanyId":"69f8b601247c51deb2aa1751"}
[2026-07-29T05:39:15.183Z] INFO: [CALL AUTOMATION] getConfig called {"userId":"69f8b601247c51deb2aa1753","userRole":"admin","targetCompanyId":"69f8b601247c51deb2aa1751","targetCompanyIdType":"object","userCompanyId":"69f8b601247c51deb2aa1751","paramCompanyId":"69f8b601247c51deb2aa1751"}
[2026-07-29T05:39:15.320Z] INFO: [CALL AUTOMATION] getEligibleSims result {"totalSims":17,"callers":2,"potentialTargets":17,"callerNumbers":["+918805770897","+919637979102"]}
[2026-07-29T05:39:15.338Z] INFO: [CALL AUTOMATION] populateConfig: Mappings after population {"configId":"6a68810a9115f5d26227f8ae","mappingsCount":1,"mappings":[{"targetSimId":"6a6880ab9115f5d26227f7a9","targetMobileNumber":"+918805753927","callerCount":1,"callerIds":["69f8f0469952a58f222f8a61"],"callDuration":10}]}
[2026-07-29T05:39:15.340Z] INFO: [CALL AUTOMATION] getConfig returning: {"configId":"6a68810a9115f5d26227f8ae","companyId":"69f8b601247c51deb2aa1751","mappingsCount":1,"frequency":"daily","scheduledTime":"15:48","isActive":true}
[2026-07-29T05:39:15.340Z] INFO: [CALL AUTOMATION CONTROLLER] getConfig response: {"configFound":true,"configId":"6a68810a9115f5d26227f8ae","companyId":"69f8b601247c51deb2aa1751","mappingsCount":1}
[2026-07-29T05:39:15.381Z] INFO: [CALL AUTOMATION] getEligibleSims called {"userId":"69f8b601247c51deb2aa1753","userRole":"admin","companyId":"69f8b601247c51deb2aa1751","userCompanyId":"69f8b601247c51deb2aa1751"}
[2026-07-29T05:39:15.407Z] INFO: [CALL AUTOMATION CONTROLLER] getConfig request: {"userId":"69f8b601247c51deb2aa1753","userRole":"admin","userCompanyId":"69f8b601247c51deb2aa1751","reqCompanyId":"69f8b601247c51deb2aa1751","queryCompanyId":"not provided","resolvedCompanyId":"69f8b601247c51deb2aa1751"}
[2026-07-29T05:39:15.407Z] INFO: [CALL AUTOMATION] getConfig called {"userId":"69f8b601247c51deb2aa1753","userRole":"admin","targetCompanyId":"69f8b601247c51deb2aa1751","targetCompanyIdType":"object","userCompanyId":"69f8b601247c51deb2aa1751","paramCompanyId":"69f8b601247c51deb2aa1751"}
[2026-07-29T05:39:15.426Z] INFO: [CALL AUTOMATION] getEligibleSims result {"totalSims":17,"callers":2,"potentialTargets":17,"callerNumbers":["+918805770897","+919637979102"]}
[2026-07-29T05:39:15.445Z] INFO: [CALL AUTOMATION] populateConfig: Mappings after population {"configId":"6a68810a9115f5d26227f8ae","mappingsCount":1,"mappings":[{"targetSimId":"6a6880ab9115f5d26227f7a9","targetMobileNumber":"+918805753927","callerCount":1,"callerIds":["69f8f0469952a58f222f8a61"],"callDuration":10}]}
[2026-07-29T05:39:15.447Z] INFO: [CALL AUTOMATION] getConfig returning: {"configId":"6a68810a9115f5d26227f8ae","companyId":"69f8b601247c51deb2aa1751","mappingsCount":1,"frequency":"daily","scheduledTime":"15:48","isActive":true}
[2026-07-29T05:39:15.448Z] INFO: [CALL AUTOMATION CONTROLLER] getConfig response: {"configFound":true,"configId":"6a68810a9115f5d26227f8ae","companyId":"69f8b601247c51deb2aa1751","mappingsCount":1}
[2026-07-29T05:39:24.262Z] INFO: [CALL AUTOMATION CONTROLLER] getConfig request: {"userId":"69f8b601247c51deb2aa1753","userRole":"admin","userCompanyId":"69f8b601247c51deb2aa1751","reqCompanyId":"69f8b601247c51deb2aa1751","queryCompanyId":"not provided","resolvedCompanyId":"69f8b601247c51deb2aa1751"}
[2026-07-29T05:39:24.263Z] INFO: [CALL AUTOMATION] getConfig called {"userId":"69f8b601247c51deb2aa1753","userRole":"admin","targetCompanyId":"69f8b601247c51deb2aa1751","targetCompanyIdType":"object","userCompanyId":"69f8b601247c51deb2aa1751","paramCompanyId":"69f8b601247c51deb2aa1751"}
[2026-07-29T05:39:24.269Z] INFO: [CALL AUTOMATION] getEligibleSims called {"userId":"69f8b601247c51deb2aa1753","userRole":"admin","companyId":"69f8b601247c51deb2aa1751","userCompanyId":"69f8b601247c51deb2aa1751"}
[2026-07-29T05:39:24.301Z] INFO: [CALL AUTOMATION] getEligibleSims result {"totalSims":17,"callers":2,"potentialTargets":17,"callerNumbers":["+918805770897","+919637979102"]}
[2026-07-29T05:39:24.309Z] INFO: [CALL AUTOMATION] populateConfig: Mappings after population {"configId":"6a68810a9115f5d26227f8ae","mappingsCount":1,"mappings":[{"targetSimId":"6a6880ab9115f5d26227f7a9","targetMobileNumber":"+918805753927","callerCount":1,"callerIds":["69f8f0469952a58f222f8a61"],"callDuration":10}]}
[2026-07-29T05:39:24.312Z] INFO: [CALL AUTOMATION] getConfig returning: {"configId":"6a68810a9115f5d26227f8ae","companyId":"69f8b601247c51deb2aa1751","mappingsCount":1,"frequency":"daily","scheduledTime":"15:48","isActive":true}
[2026-07-29T05:39:24.313Z] INFO: [CALL AUTOMATION CONTROLLER] getConfig response: {"configFound":true,"configId":"6a68810a9115f5d26227f8ae","companyId":"69f8b601247c51deb2aa1751","mappingsCount":1}
[2026-07-29T05:39:44.240Z] INFO: [CALL AUTOMATION] getEligibleSims called {"userId":"69f8b601247c51deb2aa1753","userRole":"admin","companyId":"69f8b601247c51deb2aa1751","userCompanyId":"69f8b601247c51deb2aa1751"}
[2026-07-29T05:39:44.246Z] INFO: [CALL AUTOMATION CONTROLLER] getConfig request: {"userId":"69f8b601247c51deb2aa1753","userRole":"admin","userCompanyId":"69f8b601247c51deb2aa1751","reqCompanyId":"69f8b601247c51deb2aa1751","queryCompanyId":"not provided","resolvedCompanyId":"69f8b601247c51deb2aa1751"}
[2026-07-29T05:39:44.247Z] INFO: [CALL AUTOMATION] getConfig called {"userId":"69f8b601247c51deb2aa1753","userRole":"admin","targetCompanyId":"69f8b601247c51deb2aa1751","targetCompanyIdType":"object","userCompanyId":"69f8b601247c51deb2aa1751","paramCompanyId":"69f8b601247c51deb2aa1751"}
[2026-07-29T05:39:44.275Z] INFO: [CALL AUTOMATION] getEligibleSims result {"totalSims":17,"callers":2,"potentialTargets":17,"callerNumbers":["+918805770897","+919637979102"]}
[2026-07-29T05:39:44.308Z] INFO: [CALL AUTOMATION] populateConfig: Mappings after population {"configId":"6a68810a9115f5d26227f8ae","mappingsCount":1,"mappings":[{"targetSimId":"6a6880ab9115f5d26227f7a9","targetMobileNumber":"+918805753927","callerCount":1,"callerIds":["69f8f0469952a58f222f8a61"],"callDuration":10}]}
[2026-07-29T05:39:44.309Z] INFO: [CALL AUTOMATION] getConfig returning: {"configId":"6a68810a9115f5d26227f8ae","companyId":"69f8b601247c51deb2aa1751","mappingsCount":1,"frequency":"daily","scheduledTime":"15:48","isActive":true}
[2026-07-29T05:39:44.310Z] INFO: [CALL AUTOMATION CONTROLLER] getConfig response: {"configFound":true,"configId":"6a68810a9115f5d26227f8ae","companyId":"69f8b601247c51deb2aa1751","mappingsCount":1}
[2026-07-29T05:40:00.461Z] INFO: Starting WhatsApp inactive check job
[2026-07-29T05:40:00.463Z] INFO: [WhatsApp Cron] Processing inactive messages...
[2026-07-29T05:40:00.465Z] INFO: Starting Telegram inactive check job
[2026-07-29T05:40:00.466Z] INFO: [Telegram Cron] Processing inactive messages...
[2026-07-29T05:40:00.477Z] INFO: [WhatsApp Cron] Processed 0 messages, updated 0 SIMs
[2026-07-29T05:40:00.478Z] INFO: WhatsApp inactive check completed: 0 messages processed, 0 SIMs marked inactive
[2026-07-29T05:40:00.483Z] INFO: [Telegram Cron] Processed 0 messages, updated 0 SIMs
[2026-07-29T05:40:00.483Z] INFO: Telegram inactive check completed: 0 messages processed, 0 SIMs marked inactive
[2026-07-29T05:45:00.516Z] INFO: Starting WhatsApp inactive check job
[2026-07-29T05:45:00.517Z] INFO: [WhatsApp Cron] Processing inactive messages...
[2026-07-29T05:45:00.520Z] INFO: Starting Telegram inactive check job
[2026-07-29T05:45:00.521Z] INFO: [Telegram Cron] Processing inactive messages...
[2026-07-29T05:45:00.543Z] INFO: [WhatsApp Cron] Processed 0 messages, updated 0 SIMs
[2026-07-29T05:45:00.544Z] INFO: WhatsApp inactive check completed: 0 messages processed, 0 SIMs marked inactive
[2026-07-29T05:45:00.545Z] INFO: [Telegram Cron] Processed 0 messages, updated 0 SIMs
[2026-07-29T05:45:00.546Z] INFO: Telegram inactive check completed: 0 messages processed, 0 SIMs marked inactive
[2026-07-29T05:50:00.619Z] INFO: Starting WhatsApp inactive check job
[2026-07-29T05:50:00.621Z] INFO: [WhatsApp Cron] Processing inactive messages...
[2026-07-29T05:50:00.624Z] INFO: Starting Telegram inactive check job
[2026-07-29T05:50:00.625Z] INFO: [Telegram Cron] Processing inactive messages...
[2026-07-29T05:50:00.628Z] INFO: Starting WiFi alert check job
[2026-07-29T05:50:00.636Z] INFO: [WhatsApp Cron] Processed 0 messages, updated 0 SIMs
[2026-07-29T05:50:00.636Z] INFO: WhatsApp inactive check completed: 0 messages processed, 0 SIMs marked inactive
[2026-07-29T05:50:00.639Z] INFO: [Telegram Cron] Processed 0 messages, updated 0 SIMs
[2026-07-29T05:50:00.640Z] INFO: Telegram inactive check completed: 0 messages processed, 0 SIMs marked inactive
[2026-07-29T05:50:01.089Z] INFO: [WIFI ALERT] All checks completed {"checked":0,"skipped":3,"alertsCreated":0,"alertsUpdated":0,"alertsResolved":0,"emailsSent":0,"emailErrors":[],"errors":[],"offlineAlertsCreated":0,"wifiOffAlertsCreated":0,"disconnectedAlertsCreated":0,"notificationsCreated":0}
[2026-07-29T05:50:01.090Z] INFO: WiFi alert check job completed
[2026-07-29T05:52:52.834Z] INFO: Email configuration check {"hasHost":true,"host":"smtp.gmail.com","port":587,"hasUser":true,"hasPass":true,"hasFrom":true,"hasApiKey":false,"apiProvider":null,"bypassEmail":false}
[2026-07-29T05:52:52.853Z] INFO: Email service initialized successfully (SMTP) {"host":"smtp.gmail.com","port":587,"user":"santoshshimpankar.ukvalley@gmail.com"}
[2026-07-29T05:52:55.098Z] INFO: [WhatsApp] Twilio client initialized successfully
[2026-07-29T05:52:55.121Z] INFO: [Telegram] Bot token configured, service ready
[2026-07-29T05:52:56.379Z] INFO: Initializing cron jobs...
[2026-07-29T05:52:56.448Z] INFO: Job recharge-reminder scheduled: 0 9 * * *
[2026-07-29T05:52:56.451Z] INFO: Job inactive-sim-alert scheduled: 0 10 * * *
[2026-07-29T05:52:56.453Z] INFO: Job subscription-expiry-check scheduled: 0 8 * * *
[2026-07-29T05:52:56.455Z] INFO: Job data-cleanup scheduled: 0 2 * * 0
[2026-07-29T05:52:56.459Z] INFO: Job whatsapp-inactive-check scheduled: */5 * * * *
[2026-07-29T05:52:56.462Z] INFO: Job telegram-inactive-check scheduled: */5 * * * *
[2026-07-29T05:52:56.464Z] INFO: Job wifi-alert-check scheduled: */20 * * * *
[2026-07-29T05:52:56.466Z] INFO: Job wifi-metrics-cleanup scheduled: 0 3 * * 0
[2026-07-29T05:52:56.468Z] INFO: Job report-delivery scheduled: * * * * *
[2026-07-29T05:52:56.469Z] INFO: All cron jobs initialized
[2026-07-29T05:52:56.950Z] INFO: Email transporter verified successfully - emails will be sent
[2026-07-29T05:52:57.660Z] INFO: [CALL AUTOMATION CONTROLLER] getConfig request: {"userId":"69f8b601247c51deb2aa1753","userRole":"admin","userCompanyId":"69f8b601247c51deb2aa1751","reqCompanyId":"69f8b601247c51deb2aa1751","queryCompanyId":"not provided","resolvedCompanyId":"69f8b601247c51deb2aa1751"}
[2026-07-29T05:52:57.663Z] INFO: [CALL AUTOMATION] getConfig called {"userId":"69f8b601247c51deb2aa1753","userRole":"admin","targetCompanyId":"69f8b601247c51deb2aa1751","targetCompanyIdType":"object","userCompanyId":"69f8b601247c51deb2aa1751","paramCompanyId":"69f8b601247c51deb2aa1751"}
[2026-07-29T05:52:57.671Z] INFO: [CALL AUTOMATION] getEligibleSims called {"userId":"69f8b601247c51deb2aa1753","userRole":"admin","companyId":"69f8b601247c51deb2aa1751","userCompanyId":"69f8b601247c51deb2aa1751"}
[2026-07-29T05:52:57.719Z] INFO: [CALL AUTOMATION] getEligibleSims result {"totalSims":17,"callers":2,"potentialTargets":17,"callerNumbers":["+918805770897","+919637979102"]}
[2026-07-29T05:52:57.742Z] INFO: [CALL AUTOMATION] populateConfig: Mappings after population {"configId":"6a68810a9115f5d26227f8ae","mappingsCount":1,"mappings":[{"targetSimId":"6a6880ab9115f5d26227f7a9","targetMobileNumber":"+918805753927","callerCount":1,"callerIds":["69f8f0469952a58f222f8a61"],"callDuration":10}]}
[2026-07-29T05:52:57.744Z] INFO: [CALL AUTOMATION] getConfig returning: {"configId":"6a68810a9115f5d26227f8ae","companyId":"69f8b601247c51deb2aa1751","mappingsCount":1,"frequency":"daily","scheduledTime":"15:48","isActive":true}
[2026-07-29T05:52:57.745Z] INFO: [CALL AUTOMATION CONTROLLER] getConfig response: {"configFound":true,"configId":"6a68810a9115f5d26227f8ae","companyId":"69f8b601247c51deb2aa1751","mappingsCount":1}
[2026-07-29T05:53:00.432Z] INFO: Email configuration check {"hasHost":true,"host":"smtp.gmail.com","port":587,"hasUser":true,"hasPass":true,"hasFrom":true,"hasApiKey":false,"apiProvider":null,"bypassEmail":false}
[2026-07-29T05:53:00.440Z] INFO: Email service initialized successfully (SMTP) {"host":"smtp.gmail.com","port":587,"user":"santoshshimpankar.ukvalley@gmail.com"}
[2026-07-29T05:53:01.187Z] INFO: [WhatsApp] Twilio client initialized successfully
[2026-07-29T05:53:01.199Z] INFO: [Telegram] Bot token configured, service ready
[2026-07-29T05:53:02.229Z] INFO: Initializing cron jobs...
[2026-07-29T05:53:02.292Z] INFO: Job recharge-reminder scheduled: 0 9 * * *
[2026-07-29T05:53:02.295Z] INFO: Job inactive-sim-alert scheduled: 0 10 * * *
[2026-07-29T05:53:02.297Z] INFO: Job subscription-expiry-check scheduled: 0 8 * * *
[2026-07-29T05:53:02.299Z] INFO: Job data-cleanup scheduled: 0 2 * * 0
[2026-07-29T05:53:02.303Z] INFO: Job whatsapp-inactive-check scheduled: */5 * * * *
[2026-07-29T05:53:02.306Z] INFO: Job telegram-inactive-check scheduled: */5 * * * *
[2026-07-29T05:53:02.309Z] INFO: Job wifi-alert-check scheduled: */20 * * * *
[2026-07-29T05:53:02.311Z] INFO: Job wifi-metrics-cleanup scheduled: 0 3 * * 0
[2026-07-29T05:53:02.314Z] INFO: Job report-delivery scheduled: * * * * *
[2026-07-29T05:53:02.315Z] INFO: All cron jobs initialized
[2026-07-29T05:53:02.974Z] INFO: Email transporter verified successfully - emails will be sent
[2026-07-29T05:53:15.209Z] INFO: [CALL AUTOMATION] getEligibleSims called {"userId":"69f8b601247c51deb2aa1753","userRole":"admin","companyId":"69f8b601247c51deb2aa1751","userCompanyId":"69f8b601247c51deb2aa1751"}
[2026-07-29T05:53:15.222Z] INFO: [CALL AUTOMATION CONTROLLER] getConfig request: {"userId":"69f8b601247c51deb2aa1753","userRole":"admin","userCompanyId":"69f8b601247c51deb2aa1751","reqCompanyId":"69f8b601247c51deb2aa1751","queryCompanyId":"not provided","resolvedCompanyId":"69f8b601247c51deb2aa1751"}
[2026-07-29T05:53:15.225Z] INFO: [CALL AUTOMATION] getConfig called {"userId":"69f8b601247c51deb2aa1753","userRole":"admin","targetCompanyId":"69f8b601247c51deb2aa1751","targetCompanyIdType":"object","userCompanyId":"69f8b601247c51deb2aa1751","paramCompanyId":"69f8b601247c51deb2aa1751"}
[2026-07-29T05:53:15.300Z] INFO: [CALL AUTOMATION] getEligibleSims result {"totalSims":17,"callers":2,"potentialTargets":17,"callerNumbers":["+918805770897","+919637979102"]}
[2026-07-29T05:53:15.343Z] INFO: [CALL AUTOMATION] populateConfig: Mappings after population {"configId":"6a68810a9115f5d26227f8ae","mappingsCount":1,"mappings":[{"targetSimId":"6a6880ab9115f5d26227f7a9","targetMobileNumber":"+918805753927","callerCount":1,"callerIds":["69f8f0469952a58f222f8a61"],"callDuration":10}]}
[2026-07-29T05:53:15.347Z] INFO: [CALL AUTOMATION] getConfig returning: {"configId":"6a68810a9115f5d26227f8ae","companyId":"69f8b601247c51deb2aa1751","mappingsCount":1,"frequency":"daily","scheduledTime":"15:48","isActive":true}
[2026-07-29T05:53:15.348Z] INFO: [CALL AUTOMATION CONTROLLER] getConfig response: {"configFound":true,"configId":"6a68810a9115f5d26227f8ae","companyId":"69f8b601247c51deb2aa1751","mappingsCount":1}
[2026-07-29T05:53:15.409Z] INFO: [CALL AUTOMATION] getEligibleSims called {"userId":"69f8b601247c51deb2aa1753","userRole":"admin","companyId":"69f8b601247c51deb2aa1751","userCompanyId":"69f8b601247c51deb2aa1751"}
[2026-07-29T05:53:15.448Z] INFO: [CALL AUTOMATION CONTROLLER] getConfig request: {"userId":"69f8b601247c51deb2aa1753","userRole":"admin","userCompanyId":"69f8b601247c51deb2aa1751","reqCompanyId":"69f8b601247c51deb2aa1751","queryCompanyId":"not provided","resolvedCompanyId":"69f8b601247c51deb2aa1751"}
[2026-07-29T05:53:15.449Z] INFO: [CALL AUTOMATION] getConfig called {"userId":"69f8b601247c51deb2aa1753","userRole":"admin","targetCompanyId":"69f8b601247c51deb2aa1751","targetCompanyIdType":"object","userCompanyId":"69f8b601247c51deb2aa1751","paramCompanyId":"69f8b601247c51deb2aa1751"}
[2026-07-29T05:53:15.457Z] INFO: [CALL AUTOMATION] getEligibleSims result {"totalSims":17,"callers":2,"potentialTargets":17,"callerNumbers":["+918805770897","+919637979102"]}
[2026-07-29T05:53:15.508Z] INFO: [CALL AUTOMATION] populateConfig: Mappings after population {"configId":"6a68810a9115f5d26227f8ae","mappingsCount":1,"mappings":[{"targetSimId":"6a6880ab9115f5d26227f7a9","targetMobileNumber":"+918805753927","callerCount":1,"callerIds":["69f8f0469952a58f222f8a61"],"callDuration":10}]}
[2026-07-29T05:53:15.511Z] INFO: [CALL AUTOMATION] getConfig returning: {"configId":"6a68810a9115f5d26227f8ae","companyId":"69f8b601247c51deb2aa1751","mappingsCount":1,"frequency":"daily","scheduledTime":"15:48","isActive":true}
[2026-07-29T05:53:15.512Z] INFO: [CALL AUTOMATION CONTROLLER] getConfig response: {"configFound":true,"configId":"6a68810a9115f5d26227f8ae","companyId":"69f8b601247c51deb2aa1751","mappingsCount":1}
[2026-07-29T05:53:21.662Z] INFO: [CALL AUTOMATION] getEligibleSims called {"userId":"69f8b601247c51deb2aa1753","userRole":"admin","companyId":"69f8b601247c51deb2aa1751","userCompanyId":"69f8b601247c51deb2aa1751"}
[2026-07-29T05:53:21.669Z] INFO: [CALL AUTOMATION CONTROLLER] getConfig request: {"userId":"69f8b601247c51deb2aa1753","userRole":"admin","userCompanyId":"69f8b601247c51deb2aa1751","reqCompanyId":"69f8b601247c51deb2aa1751","queryCompanyId":"not provided","resolvedCompanyId":"69f8b601247c51deb2aa1751"}
[2026-07-29T05:53:21.672Z] INFO: [CALL AUTOMATION] getConfig called {"userId":"69f8b601247c51deb2aa1753","userRole":"admin","targetCompanyId":"69f8b601247c51deb2aa1751","targetCompanyIdType":"object","userCompanyId":"69f8b601247c51deb2aa1751","paramCompanyId":"69f8b601247c51deb2aa1751"}
[2026-07-29T05:53:21.708Z] INFO: [CALL AUTOMATION] getEligibleSims result {"totalSims":17,"callers":2,"potentialTargets":17,"callerNumbers":["+918805770897","+919637979102"]}
[2026-07-29T05:53:21.735Z] INFO: [CALL AUTOMATION] populateConfig: Mappings after population {"configId":"6a68810a9115f5d26227f8ae","mappingsCount":1,"mappings":[{"targetSimId":"6a6880ab9115f5d26227f7a9","targetMobileNumber":"+918805753927","callerCount":1,"callerIds":["69f8f0469952a58f222f8a61"],"callDuration":10}]}
[2026-07-29T05:53:21.738Z] INFO: [CALL AUTOMATION] getConfig returning: {"configId":"6a68810a9115f5d26227f8ae","companyId":"69f8b601247c51deb2aa1751","mappingsCount":1,"frequency":"daily","scheduledTime":"15:48","isActive":true}
[2026-07-29T05:53:21.740Z] INFO: [CALL AUTOMATION CONTROLLER] getConfig response: {"configFound":true,"configId":"6a68810a9115f5d26227f8ae","companyId":"69f8b601247c51deb2aa1751","mappingsCount":1}
[2026-07-29T05:53:30.601Z] INFO: [CALL AUTOMATION] getEligibleSims called {"userId":"69f8b601247c51deb2aa1753","userRole":"admin","companyId":"69f8b601247c51deb2aa1751","userCompanyId":"69f8b601247c51deb2aa1751"}
[2026-07-29T05:53:30.609Z] INFO: [CALL AUTOMATION CONTROLLER] getConfig request: {"userId":"69f8b601247c51deb2aa1753","userRole":"admin","userCompanyId":"69f8b601247c51deb2aa1751","reqCompanyId":"69f8b601247c51deb2aa1751","queryCompanyId":"not provided","resolvedCompanyId":"69f8b601247c51deb2aa1751"}
[2026-07-29T05:53:30.611Z] INFO: [CALL AUTOMATION] getConfig called {"userId":"69f8b601247c51deb2aa1753","userRole":"admin","targetCompanyId":"69f8b601247c51deb2aa1751","targetCompanyIdType":"object","userCompanyId":"69f8b601247c51deb2aa1751","paramCompanyId":"69f8b601247c51deb2aa1751"}
[2026-07-29T05:53:30.653Z] INFO: [CALL AUTOMATION] getEligibleSims result {"totalSims":17,"callers":2,"potentialTargets":17,"callerNumbers":["+918805770897","+919637979102"]}
[2026-07-29T05:53:30.692Z] INFO: [CALL AUTOMATION] populateConfig: Mappings after population {"configId":"6a68810a9115f5d26227f8ae","mappingsCount":1,"mappings":[{"targetSimId":"6a6880ab9115f5d26227f7a9","targetMobileNumber":"+918805753927","callerCount":1,"callerIds":["69f8f0469952a58f222f8a61"],"callDuration":10}]}
[2026-07-29T05:53:30.697Z] INFO: [CALL AUTOMATION] getConfig returning: {"configId":"6a68810a9115f5d26227f8ae","companyId":"69f8b601247c51deb2aa1751","mappingsCount":1,"frequency":"daily","scheduledTime":"15:48","isActive":true}
[2026-07-29T05:53:30.701Z] INFO: [CALL AUTOMATION CONTROLLER] getConfig response: {"configFound":true,"configId":"6a68810a9115f5d26227f8ae","companyId":"69f8b601247c51deb2aa1751","mappingsCount":1}
[2026-07-29T05:53:30.819Z] INFO: [CALL AUTOMATION] getEligibleSims called {"userId":"69f8b601247c51deb2aa1753","userRole":"admin","companyId":"69f8b601247c51deb2aa1751","userCompanyId":"69f8b601247c51deb2aa1751"}
[2026-07-29T05:53:30.863Z] INFO: [CALL AUTOMATION CONTROLLER] getConfig request: {"userId":"69f8b601247c51deb2aa1753","userRole":"admin","userCompanyId":"69f8b601247c51deb2aa1751","reqCompanyId":"69f8b601247c51deb2aa1751","queryCompanyId":"not provided","resolvedCompanyId":"69f8b601247c51deb2aa1751"}
[2026-07-29T05:53:30.866Z] INFO: [CALL AUTOMATION] getConfig called {"userId":"69f8b601247c51deb2aa1753","userRole":"admin","targetCompanyId":"69f8b601247c51deb2aa1751","targetCompanyIdType":"object","userCompanyId":"69f8b601247c51deb2aa1751","paramCompanyId":"69f8b601247c51deb2aa1751"}
[2026-07-29T05:53:30.876Z] INFO: [CALL AUTOMATION] getEligibleSims result {"totalSims":17,"callers":2,"potentialTargets":17,"callerNumbers":["+918805770897","+919637979102"]}
[2026-07-29T05:53:30.927Z] INFO: [CALL AUTOMATION] populateConfig: Mappings after population {"configId":"6a68810a9115f5d26227f8ae","mappingsCount":1,"mappings":[{"targetSimId":"6a6880ab9115f5d26227f7a9","targetMobileNumber":"+918805753927","callerCount":1,"callerIds":["69f8f0469952a58f222f8a61"],"callDuration":10}]}
[2026-07-29T05:53:30.929Z] INFO: [CALL AUTOMATION] getConfig returning: {"configId":"6a68810a9115f5d26227f8ae","companyId":"69f8b601247c51deb2aa1751","mappingsCount":1,"frequency":"daily","scheduledTime":"15:48","isActive":true}
[2026-07-29T05:53:30.930Z] INFO: [CALL AUTOMATION CONTROLLER] getConfig response: {"configFound":true,"configId":"6a68810a9115f5d26227f8ae","companyId":"69f8b601247c51deb2aa1751","mappingsCount":1}
[2026-07-29T05:55:00.511Z] INFO: Starting WhatsApp inactive check job
[2026-07-29T05:55:00.514Z] INFO: [WhatsApp Cron] Processing inactive messages...
[2026-07-29T05:55:00.519Z] INFO: Starting Telegram inactive check job
[2026-07-29T05:55:00.520Z] INFO: [Telegram Cron] Processing inactive messages...
[2026-07-29T05:55:00.530Z] INFO: [WhatsApp Cron] Processed 0 messages, updated 0 SIMs
[2026-07-29T05:55:00.532Z] INFO: WhatsApp inactive check completed: 0 messages processed, 0 SIMs marked inactive
[2026-07-29T05:55:00.536Z] INFO: [Telegram Cron] Processed 0 messages, updated 0 SIMs
[2026-07-29T05:55:00.538Z] INFO: Telegram inactive check completed: 0 messages processed, 0 SIMs marked inactive
[2026-07-29T05:55:29.025Z] INFO: [CALL AUTOMATION] getEligibleSims called {"userId":"69f8b601247c51deb2aa1753","userRole":"admin","companyId":"69f8b601247c51deb2aa1751","userCompanyId":"69f8b601247c51deb2aa1751"}
[2026-07-29T05:55:29.030Z] INFO: [CALL AUTOMATION CONTROLLER] getConfig request: {"userId":"69f8b601247c51deb2aa1753","userRole":"admin","userCompanyId":"69f8b601247c51deb2aa1751","reqCompanyId":"69f8b601247c51deb2aa1751","queryCompanyId":"not provided","resolvedCompanyId":"69f8b601247c51deb2aa1751"}
[2026-07-29T05:55:29.034Z] INFO: [CALL AUTOMATION] getConfig called {"userId":"69f8b601247c51deb2aa1753","userRole":"admin","targetCompanyId":"69f8b601247c51deb2aa1751","targetCompanyIdType":"object","userCompanyId":"69f8b601247c51deb2aa1751","paramCompanyId":"69f8b601247c51deb2aa1751"}
[2026-07-29T05:55:29.099Z] INFO: [CALL AUTOMATION] getEligibleSims result {"totalSims":17,"callers":2,"potentialTargets":17,"callerNumbers":["+918805770897","+919637979102"]}
[2026-07-29T05:55:29.150Z] INFO: [CALL AUTOMATION] populateConfig: Mappings after population {"configId":"6a68810a9115f5d26227f8ae","mappingsCount":1,"mappings":[{"targetSimId":"6a6880ab9115f5d26227f7a9","targetMobileNumber":"+918805753927","callerCount":1,"callerIds":["69f8f0469952a58f222f8a61"],"callDuration":10}]}
[2026-07-29T05:55:29.157Z] INFO: [CALL AUTOMATION] getConfig returning: {"configId":"6a68810a9115f5d26227f8ae","companyId":"69f8b601247c51deb2aa1751","mappingsCount":1,"frequency":"daily","scheduledTime":"15:48","isActive":true}
[2026-07-29T05:55:29.158Z] INFO: [CALL AUTOMATION CONTROLLER] getConfig response: {"configFound":true,"configId":"6a68810a9115f5d26227f8ae","companyId":"69f8b601247c51deb2aa1751","mappingsCount":1}
[2026-07-29T05:55:29.226Z] INFO: [CALL AUTOMATION] getEligibleSims called {"userId":"69f8b601247c51deb2aa1753","userRole":"admin","companyId":"69f8b601247c51deb2aa1751","userCompanyId":"69f8b601247c51deb2aa1751"}
[2026-07-29T05:55:29.302Z] INFO: [CALL AUTOMATION CONTROLLER] getConfig request: {"userId":"69f8b601247c51deb2aa1753","userRole":"admin","userCompanyId":"69f8b601247c51deb2aa1751","reqCompanyId":"69f8b601247c51deb2aa1751","queryCompanyId":"not provided","resolvedCompanyId":"69f8b601247c51deb2aa1751"}
[2026-07-29T05:55:29.303Z] INFO: [CALL AUTOMATION] getConfig called {"userId":"69f8b601247c51deb2aa1753","userRole":"admin","targetCompanyId":"69f8b601247c51deb2aa1751","targetCompanyIdType":"object","userCompanyId":"69f8b601247c51deb2aa1751","paramCompanyId":"69f8b601247c51deb2aa1751"}
[2026-07-29T05:55:29.309Z] INFO: [CALL AUTOMATION] getEligibleSims result {"totalSims":17,"callers":2,"potentialTargets":17,"callerNumbers":["+918805770897","+919637979102"]}
[2026-07-29T05:55:29.361Z] INFO: [CALL AUTOMATION] populateConfig: Mappings after population {"configId":"6a68810a9115f5d26227f8ae","mappingsCount":1,"mappings":[{"targetSimId":"6a6880ab9115f5d26227f7a9","targetMobileNumber":"+918805753927","callerCount":1,"callerIds":["69f8f0469952a58f222f8a61"],"callDuration":10}]}
[2026-07-29T05:55:29.363Z] INFO: [CALL AUTOMATION] getConfig returning: {"configId":"6a68810a9115f5d26227f8ae","companyId":"69f8b601247c51deb2aa1751","mappingsCount":1,"frequency":"daily","scheduledTime":"15:48","isActive":true}
[2026-07-29T05:55:29.364Z] INFO: [CALL AUTOMATION CONTROLLER] getConfig response: {"configFound":true,"configId":"6a68810a9115f5d26227f8ae","companyId":"69f8b601247c51deb2aa1751","mappingsCount":1}
[2026-07-29T05:55:38.187Z] INFO: [CALL AUTOMATION CONTROLLER] Delete config request: {"userId":"69f8b601247c51deb2aa1753","userRole":"admin","companyId":"69f8b601247c51deb2aa1751","userCompanyId":"69f8b601247c51deb2aa1751","reqCompanyId":"69f8b601247c51deb2aa1751"}
[2026-07-29T05:55:38.190Z] INFO: [CALL AUTOMATION] deleteConfig called {"userId":"69f8b601247c51deb2aa1753","userRole":"admin","companyId":"69f8b601247c51deb2aa1751","explicitCompanyId":"69f8b601247c51deb2aa1751","userCompanyId":"69f8b601247c51deb2aa1751"}
[2026-07-29T05:55:38.210Z] INFO: [CALL AUTOMATION] Deleting config {"configId":"6a68810a9115f5d26227f8ae","companyId":"69f8b601247c51deb2aa1751","mappingsCount":1,"isActive":true}
[2026-07-29T05:55:38.238Z] INFO: [CALL AUTOMATION] Config deleted successfully {"companyId":"69f8b601247c51deb2aa1751"}
[2026-07-29T05:55:38.308Z] INFO: Audit log created: CALL_AUTOMATION.CALL_AUTOMATION_CONFIG_DELETE {"logId":"6a6995da702aa7e92f0e82d9","performedBy":"69f8b601247c51deb2aa1753","companyId":"69f8b601247c51deb2aa1751"}
[2026-07-29T05:56:49.466Z] INFO: [CALL AUTOMATION CONTROLLER] saveConfig request: {"userId":"69f8b601247c51deb2aa1753","userRole":"admin","userCompanyId":"69f8b601247c51deb2aa1751","mappingsCount":1,"targetCallerMappings":[{"targetSimId":"6a6880ab9115f5d26227f7a9","callerSimIds":["69f8f0469952a58f222f8a61"],"callDuration":10}],"frequency":"daily","callDuration":10,"scheduledTime":"11:28","scheduledDay":"monday","isActive":true}
[2026-07-29T05:56:49.469Z] INFO: [CALL AUTOMATION] saveConfig called {"userId":"69f8b601247c51deb2aa1753","userRole":"admin","companyId":"69f8b601247c51deb2aa1751","companyIdType":"object","userCompanyId":"69f8b601247c51deb2aa1751","mappingsCount":1}
[2026-07-29T05:56:49.500Z] INFO: [CALL AUTOMATION] saveConfig called with: {"companyId":"69f8b601247c51deb2aa1751","isNewFormat":true,"frequency":"daily","scheduledTime":"11:28","scheduledDay":"monday","callDuration":10,"isActive":true,"existingConfig":"new"}
[2026-07-29T05:56:49.531Z] INFO: [CALL AUTOMATION] Config saved successfully: {"configId":"6a699621702aa7e92f0e82eb","companyId":"69f8b601247c51deb2aa1751","isNew":"update","mappingsCount":1,"mappings":[{"targetSimId":"6a6880ab9115f5d26227f7a9","callerSimIds":["69f8f0469952a58f222f8a61"],"callDuration":10}],"frequency":"daily","scheduledTime":"11:28","isActive":true}
[2026-07-29T05:56:49.566Z] INFO: [CALL AUTOMATION] populateConfig: Mappings after population {"configId":"6a699621702aa7e92f0e82eb","mappingsCount":1,"mappings":[{"targetSimId":"6a6880ab9115f5d26227f7a9","targetMobileNumber":"+918805753927","callerCount":1,"callerIds":["69f8f0469952a58f222f8a61"],"callDuration":10}]}
[2026-07-29T05:56:49.588Z] INFO: Audit log created: CALL_AUTOMATION.CALL_AUTOMATION_CONFIG_SAVE {"logId":"6a699621702aa7e92f0e82f0","performedBy":"69f8b601247c51deb2aa1753","companyId":"69f8b601247c51deb2aa1751"}
[2026-07-29T05:56:49.661Z] INFO: [CALL AUTOMATION CONTROLLER] getConfig request: {"userId":"69f8b601247c51deb2aa1753","userRole":"admin","userCompanyId":"69f8b601247c51deb2aa1751","reqCompanyId":"69f8b601247c51deb2aa1751","queryCompanyId":"not provided","resolvedCompanyId":"69f8b601247c51deb2aa1751"}
[2026-07-29T05:56:49.663Z] INFO: [CALL AUTOMATION] getConfig called {"userId":"69f8b601247c51deb2aa1753","userRole":"admin","targetCompanyId":"69f8b601247c51deb2aa1751","targetCompanyIdType":"object","userCompanyId":"69f8b601247c51deb2aa1751","paramCompanyId":"69f8b601247c51deb2aa1751"}
[2026-07-29T05:56:49.671Z] INFO: [CALL AUTOMATION] getEligibleSims called {"userId":"69f8b601247c51deb2aa1753","userRole":"admin","companyId":"69f8b601247c51deb2aa1751","userCompanyId":"69f8b601247c51deb2aa1751"}
[2026-07-29T05:56:49.707Z] INFO: [CALL AUTOMATION] getEligibleSims result {"totalSims":17,"callers":2,"potentialTargets":17,"callerNumbers":["+918805770897","+919637979102"]}
[2026-07-29T05:56:49.716Z] INFO: [CALL AUTOMATION] populateConfig: Mappings after population {"configId":"6a699621702aa7e92f0e82eb","mappingsCount":1,"mappings":[{"targetSimId":"6a6880ab9115f5d26227f7a9","targetMobileNumber":"+918805753927","callerCount":1,"callerIds":["69f8f0469952a58f222f8a61"],"callDuration":10}]}
[2026-07-29T05:56:49.719Z] INFO: [CALL AUTOMATION] getConfig returning: {"configId":"6a699621702aa7e92f0e82eb","companyId":"69f8b601247c51deb2aa1751","mappingsCount":1,"frequency":"daily","scheduledTime":"11:28","isActive":true}
[2026-07-29T05:56:49.720Z] INFO: [CALL AUTOMATION CONTROLLER] getConfig response: {"configFound":true,"configId":"6a699621702aa7e92f0e82eb","companyId":"69f8b601247c51deb2aa1751","mappingsCount":1}
[2026-07-29T05:59:23.566Z] INFO: [CALL AUTOMATION CONTROLLER] saveConfig request: {"userId":"69f8b601247c51deb2aa1753","userRole":"admin","userCompanyId":"69f8b601247c51deb2aa1751","mappingsCount":1,"targetCallerMappings":[{"targetSimId":"6a6880ab9115f5d26227f7a9","callerSimIds":["69f8f0469952a58f222f8a61"],"callDuration":10}],"frequency":"daily","callDuration":10,"scheduledTime":"11:29","scheduledDay":"monday","isActive":true}
[2026-07-29T05:59:23.568Z] INFO: [CALL AUTOMATION] saveConfig called {"userId":"69f8b601247c51deb2aa1753","userRole":"admin","companyId":"69f8b601247c51deb2aa1751","companyIdType":"object","userCompanyId":"69f8b601247c51deb2aa1751","mappingsCount":1}
[2026-07-29T05:59:23.598Z] INFO: [CALL AUTOMATION] saveConfig called with: {"companyId":"69f8b601247c51deb2aa1751","isNewFormat":true,"frequency":"daily","scheduledTime":"11:29","scheduledDay":"monday","callDuration":10,"isActive":true,"existingConfig":"6a699621702aa7e92f0e82eb"}
[2026-07-29T05:59:23.638Z] INFO: [CALL AUTOMATION] Config saved successfully: {"configId":"6a699621702aa7e92f0e82eb","companyId":"69f8b601247c51deb2aa1751","isNew":"update","mappingsCount":1,"mappings":[{"targetSimId":"6a6880ab9115f5d26227f7a9","callerSimIds":["69f8f0469952a58f222f8a61"],"callDuration":10}],"frequency":"daily","scheduledTime":"11:29","isActive":true}
[2026-07-29T05:59:23.670Z] INFO: [CALL AUTOMATION] populateConfig: Mappings after population {"configId":"6a699621702aa7e92f0e82eb","mappingsCount":1,"mappings":[{"targetSimId":"6a6880ab9115f5d26227f7a9","targetMobileNumber":"+918805753927","callerCount":1,"callerIds":["69f8f0469952a58f222f8a61"],"callDuration":10}]}
[2026-07-29T05:59:23.687Z] INFO: Audit log created: CALL_AUTOMATION.CALL_AUTOMATION_CONFIG_SAVE {"logId":"6a6996bb702aa7e92f0e8328","performedBy":"69f8b601247c51deb2aa1753","companyId":"69f8b601247c51deb2aa1751"}
[2026-07-29T05:59:23.756Z] INFO: [CALL AUTOMATION CONTROLLER] getConfig request: {"userId":"69f8b601247c51deb2aa1753","userRole":"admin","userCompanyId":"69f8b601247c51deb2aa1751","reqCompanyId":"69f8b601247c51deb2aa1751","queryCompanyId":"not provided","resolvedCompanyId":"69f8b601247c51deb2aa1751"}
[2026-07-29T05:59:23.757Z] INFO: [CALL AUTOMATION] getConfig called {"userId":"69f8b601247c51deb2aa1753","userRole":"admin","targetCompanyId":"69f8b601247c51deb2aa1751","targetCompanyIdType":"object","userCompanyId":"69f8b601247c51deb2aa1751","paramCompanyId":"69f8b601247c51deb2aa1751"}
[2026-07-29T05:59:23.762Z] INFO: [CALL AUTOMATION] getEligibleSims called {"userId":"69f8b601247c51deb2aa1753","userRole":"admin","companyId":"69f8b601247c51deb2aa1751","userCompanyId":"69f8b601247c51deb2aa1751"}
[2026-07-29T05:59:23.801Z] INFO: [CALL AUTOMATION] getEligibleSims result {"totalSims":17,"callers":2,"potentialTargets":17,"callerNumbers":["+918805770897","+919637979102"]}
[2026-07-29T05:59:23.829Z] INFO: [CALL AUTOMATION] populateConfig: Mappings after population {"configId":"6a699621702aa7e92f0e82eb","mappingsCount":1,"mappings":[{"targetSimId":"6a6880ab9115f5d26227f7a9","targetMobileNumber":"+918805753927","callerCount":1,"callerIds":["69f8f0469952a58f222f8a61"],"callDuration":10}]}
[2026-07-29T05:59:23.837Z] INFO: [CALL AUTOMATION] getConfig returning: {"configId":"6a699621702aa7e92f0e82eb","companyId":"69f8b601247c51deb2aa1751","mappingsCount":1,"frequency":"daily","scheduledTime":"11:29","isActive":true}
[2026-07-29T05:59:23.844Z] INFO: [CALL AUTOMATION CONTROLLER] getConfig response: {"configFound":true,"configId":"6a699621702aa7e92f0e82eb","companyId":"69f8b601247c51deb2aa1751","mappingsCount":1}
[2026-07-29T05:59:31.659Z] INFO: [CALL AUTOMATION CONTROLLER] saveConfig request: {"userId":"69f8b601247c51deb2aa1753","userRole":"admin","userCompanyId":"69f8b601247c51deb2aa1751","mappingsCount":1,"targetCallerMappings":[{"targetSimId":"6a6880ab9115f5d26227f7a9","callerSimIds":["69f8f0469952a58f222f8a61"],"callDuration":10}],"frequency":"daily","callDuration":10,"scheduledTime":"11:29","scheduledDay":"monday","isActive":true}
[2026-07-29T05:59:31.660Z] INFO: [CALL AUTOMATION] saveConfig called {"userId":"69f8b601247c51deb2aa1753","userRole":"admin","companyId":"69f8b601247c51deb2aa1751","companyIdType":"object","userCompanyId":"69f8b601247c51deb2aa1751","mappingsCount":1}
[2026-07-29T05:59:31.695Z] INFO: [CALL AUTOMATION] saveConfig called with: {"companyId":"69f8b601247c51deb2aa1751","isNewFormat":true,"frequency":"daily","scheduledTime":"11:29","scheduledDay":"monday","callDuration":10,"isActive":true,"existingConfig":"6a699621702aa7e92f0e82eb"}
[2026-07-29T05:59:31.725Z] INFO: [CALL AUTOMATION] Config saved successfully: {"configId":"6a699621702aa7e92f0e82eb","companyId":"69f8b601247c51deb2aa1751","isNew":"update","mappingsCount":1,"mappings":[{"targetSimId":"6a6880ab9115f5d26227f7a9","callerSimIds":["69f8f0469952a58f222f8a61"],"callDuration":10}],"frequency":"daily","scheduledTime":"11:29","isActive":true}
[2026-07-29T05:59:31.760Z] INFO: [CALL AUTOMATION] populateConfig: Mappings after population {"configId":"6a699621702aa7e92f0e82eb","mappingsCount":1,"mappings":[{"targetSimId":"6a6880ab9115f5d26227f7a9","targetMobileNumber":"+918805753927","callerCount":1,"callerIds":["69f8f0469952a58f222f8a61"],"callDuration":10}]}
[2026-07-29T05:59:31.789Z] INFO: Audit log created: CALL_AUTOMATION.CALL_AUTOMATION_CONFIG_SAVE {"logId":"6a6996c3702aa7e92f0e8346","performedBy":"69f8b601247c51deb2aa1753","companyId":"69f8b601247c51deb2aa1751"}
[2026-07-29T05:59:31.864Z] INFO: [CALL AUTOMATION CONTROLLER] getConfig request: {"userId":"69f8b601247c51deb2aa1753","userRole":"admin","userCompanyId":"69f8b601247c51deb2aa1751","reqCompanyId":"69f8b601247c51deb2aa1751","queryCompanyId":"not provided","resolvedCompanyId":"69f8b601247c51deb2aa1751"}
[2026-07-29T05:59:31.865Z] INFO: [CALL AUTOMATION] getConfig called {"userId":"69f8b601247c51deb2aa1753","userRole":"admin","targetCompanyId":"69f8b601247c51deb2aa1751","targetCompanyIdType":"object","userCompanyId":"69f8b601247c51deb2aa1751","paramCompanyId":"69f8b601247c51deb2aa1751"}
[2026-07-29T05:59:31.870Z] INFO: [CALL AUTOMATION] getEligibleSims called {"userId":"69f8b601247c51deb2aa1753","userRole":"admin","companyId":"69f8b601247c51deb2aa1751","userCompanyId":"69f8b601247c51deb2aa1751"}
[2026-07-29T05:59:31.907Z] INFO: [CALL AUTOMATION] getEligibleSims result {"totalSims":17,"callers":2,"potentialTargets":17,"callerNumbers":["+918805770897","+919637979102"]}
[2026-07-29T05:59:31.917Z] INFO: [CALL AUTOMATION] populateConfig: Mappings after population {"configId":"6a699621702aa7e92f0e82eb","mappingsCount":1,"mappings":[{"targetSimId":"6a6880ab9115f5d26227f7a9","targetMobileNumber":"+918805753927","callerCount":1,"callerIds":["69f8f0469952a58f222f8a61"],"callDuration":10}]}
[2026-07-29T05:59:31.919Z] INFO: [CALL AUTOMATION] getConfig returning: {"configId":"6a699621702aa7e92f0e82eb","companyId":"69f8b601247c51deb2aa1751","mappingsCount":1,"frequency":"daily","scheduledTime":"11:29","isActive":true}
[2026-07-29T05:59:31.921Z] INFO: [CALL AUTOMATION CONTROLLER] getConfig response: {"configFound":true,"configId":"6a699621702aa7e92f0e82eb","companyId":"69f8b601247c51deb2aa1751","mappingsCount":1}
[2026-07-29T05:59:44.868Z] INFO: [CALL AUTOMATION CONTROLLER] saveConfig request: {"userId":"69f8b601247c51deb2aa1753","userRole":"admin","userCompanyId":"69f8b601247c51deb2aa1751","mappingsCount":1,"targetCallerMappings":[{"targetSimId":"6a6880ab9115f5d26227f7a9","callerSimIds":["69f8f0469952a58f222f8a61"],"callDuration":10}],"frequency":"daily","callDuration":10,"scheduledTime":"11:30","scheduledDay":"monday","isActive":true}
[2026-07-29T05:59:44.869Z] INFO: [CALL AUTOMATION] saveConfig called {"userId":"69f8b601247c51deb2aa1753","userRole":"admin","companyId":"69f8b601247c51deb2aa1751","companyIdType":"object","userCompanyId":"69f8b601247c51deb2aa1751","mappingsCount":1}
[2026-07-29T05:59:44.899Z] INFO: [CALL AUTOMATION] saveConfig called with: {"companyId":"69f8b601247c51deb2aa1751","isNewFormat":true,"frequency":"daily","scheduledTime":"11:30","scheduledDay":"monday","callDuration":10,"isActive":true,"existingConfig":"6a699621702aa7e92f0e82eb"}
[2026-07-29T05:59:44.921Z] INFO: [CALL AUTOMATION] Config saved successfully: {"configId":"6a699621702aa7e92f0e82eb","companyId":"69f8b601247c51deb2aa1751","isNew":"update","mappingsCount":1,"mappings":[{"targetSimId":"6a6880ab9115f5d26227f7a9","callerSimIds":["69f8f0469952a58f222f8a61"],"callDuration":10}],"frequency":"daily","scheduledTime":"11:30","isActive":true}
[2026-07-29T05:59:44.952Z] INFO: [CALL AUTOMATION] populateConfig: Mappings after population {"configId":"6a699621702aa7e92f0e82eb","mappingsCount":1,"mappings":[{"targetSimId":"6a6880ab9115f5d26227f7a9","targetMobileNumber":"+918805753927","callerCount":1,"callerIds":["69f8f0469952a58f222f8a61"],"callDuration":10}]}
[2026-07-29T05:59:44.973Z] INFO: Audit log created: CALL_AUTOMATION.CALL_AUTOMATION_CONFIG_SAVE {"logId":"6a6996d0702aa7e92f0e8363","performedBy":"69f8b601247c51deb2aa1753","companyId":"69f8b601247c51deb2aa1751"}
[2026-07-29T05:59:45.049Z] INFO: [CALL AUTOMATION CONTROLLER] getConfig request: {"userId":"69f8b601247c51deb2aa1753","userRole":"admin","userCompanyId":"69f8b601247c51deb2aa1751","reqCompanyId":"69f8b601247c51deb2aa1751","queryCompanyId":"not provided","resolvedCompanyId":"69f8b601247c51deb2aa1751"}
[2026-07-29T05:59:45.051Z] INFO: [CALL AUTOMATION] getConfig called {"userId":"69f8b601247c51deb2aa1753","userRole":"admin","targetCompanyId":"69f8b601247c51deb2aa1751","targetCompanyIdType":"object","userCompanyId":"69f8b601247c51deb2aa1751","paramCompanyId":"69f8b601247c51deb2aa1751"}
[2026-07-29T05:59:45.059Z] INFO: [CALL AUTOMATION] getEligibleSims called {"userId":"69f8b601247c51deb2aa1753","userRole":"admin","companyId":"69f8b601247c51deb2aa1751","userCompanyId":"69f8b601247c51deb2aa1751"}
[2026-07-29T05:59:45.091Z] INFO: [CALL AUTOMATION] getEligibleSims result {"totalSims":17,"callers":2,"potentialTargets":17,"callerNumbers":["+918805770897","+919637979102"]}
[2026-07-29T05:59:45.102Z] INFO: [CALL AUTOMATION] populateConfig: Mappings after population {"configId":"6a699621702aa7e92f0e82eb","mappingsCount":1,"mappings":[{"targetSimId":"6a6880ab9115f5d26227f7a9","targetMobileNumber":"+918805753927","callerCount":1,"callerIds":["69f8f0469952a58f222f8a61"],"callDuration":10}]}
[2026-07-29T05:59:45.105Z] INFO: [CALL AUTOMATION] getConfig returning: {"configId":"6a699621702aa7e92f0e82eb","companyId":"69f8b601247c51deb2aa1751","mappingsCount":1,"frequency":"daily","scheduledTime":"11:30","isActive":true}
[2026-07-29T05:59:45.106Z] INFO: [CALL AUTOMATION CONTROLLER] getConfig response: {"configFound":true,"configId":"6a699621702aa7e92f0e82eb","companyId":"69f8b601247c51deb2aa1751","mappingsCount":1}
[2026-07-29T06:00:00.592Z] INFO: Starting WhatsApp inactive check job
[2026-07-29T06:00:00.594Z] INFO: [WhatsApp Cron] Processing inactive messages...
[2026-07-29T06:00:00.599Z] INFO: Starting Telegram inactive check job
[2026-07-29T06:00:00.600Z] INFO: [Telegram Cron] Processing inactive messages...
[2026-07-29T06:00:00.610Z] INFO: [WhatsApp Cron] Processed 0 messages, updated 0 SIMs
[2026-07-29T06:00:00.611Z] INFO: WhatsApp inactive check completed: 0 messages processed, 0 SIMs marked inactive
[2026-07-29T06:00:00.616Z] INFO: [Telegram Cron] Processed 0 messages, updated 0 SIMs
[2026-07-29T06:00:00.617Z] INFO: Telegram inactive check completed: 0 messages processed, 0 SIMs marked inactive
[2026-07-29T06:00:43.535Z] INFO: [CALL AUTOMATION CONTROLLER] Delete config request: {"userId":"69f8b601247c51deb2aa1753","userRole":"admin","companyId":"69f8b601247c51deb2aa1751","userCompanyId":"69f8b601247c51deb2aa1751","reqCompanyId":"69f8b601247c51deb2aa1751"}
[2026-07-29T06:00:43.536Z] INFO: [CALL AUTOMATION] deleteConfig called {"userId":"69f8b601247c51deb2aa1753","userRole":"admin","companyId":"69f8b601247c51deb2aa1751","explicitCompanyId":"69f8b601247c51deb2aa1751","userCompanyId":"69f8b601247c51deb2aa1751"}
[2026-07-29T06:00:43.552Z] INFO: [CALL AUTOMATION] Deleting config {"configId":"6a699621702aa7e92f0e82eb","companyId":"69f8b601247c51deb2aa1751","mappingsCount":1,"isActive":true}
[2026-07-29T06:00:43.571Z] INFO: [CALL AUTOMATION] Config deleted successfully {"companyId":"69f8b601247c51deb2aa1751"}
[2026-07-29T06:00:43.589Z] INFO: Audit log created: CALL_AUTOMATION.CALL_AUTOMATION_CONFIG_DELETE {"logId":"6a69970b702aa7e92f0e8386","performedBy":"69f8b601247c51deb2aa1753","companyId":"69f8b601247c51deb2aa1751"}
[2026-07-29T06:01:28.529Z] INFO: [CALL AUTOMATION CONTROLLER] saveConfig request: {"userId":"69f8b601247c51deb2aa1753","userRole":"admin","userCompanyId":"69f8b601247c51deb2aa1751","mappingsCount":1,"targetCallerMappings":[{"targetSimId":"6a6880ab9115f5d26227f7a9","callerSimIds":["69f8f0469952a58f222f8a61"],"callDuration":10}],"frequency":"daily","callDuration":12,"scheduledTime":"09:32","scheduledDay":"monday","isActive":true}
[2026-07-29T06:01:28.531Z] INFO: [CALL AUTOMATION] saveConfig called {"userId":"69f8b601247c51deb2aa1753","userRole":"admin","companyId":"69f8b601247c51deb2aa1751","companyIdType":"object","userCompanyId":"69f8b601247c51deb2aa1751","mappingsCount":1}
[2026-07-29T06:01:28.575Z] INFO: [CALL AUTOMATION] saveConfig called with: {"companyId":"69f8b601247c51deb2aa1751","isNewFormat":true,"frequency":"daily","scheduledTime":"09:32","scheduledDay":"monday","callDuration":12,"isActive":true,"existingConfig":"new"}
[2026-07-29T06:01:28.625Z] INFO: [CALL AUTOMATION] Config saved successfully: {"configId":"6a699738702aa7e92f0e8393","companyId":"69f8b601247c51deb2aa1751","isNew":"update","mappingsCount":1,"mappings":[{"targetSimId":"6a6880ab9115f5d26227f7a9","callerSimIds":["69f8f0469952a58f222f8a61"],"callDuration":10}],"frequency":"daily","scheduledTime":"09:32","isActive":true}
[2026-07-29T06:01:28.666Z] INFO: [CALL AUTOMATION] populateConfig: Mappings after population {"configId":"6a699738702aa7e92f0e8393","mappingsCount":1,"mappings":[{"targetSimId":"6a6880ab9115f5d26227f7a9","targetMobileNumber":"+918805753927","callerCount":1,"callerIds":["69f8f0469952a58f222f8a61"],"callDuration":10}]}
[2026-07-29T06:01:28.686Z] INFO: Audit log created: CALL_AUTOMATION.CALL_AUTOMATION_CONFIG_SAVE {"logId":"6a699738702aa7e92f0e8398","performedBy":"69f8b601247c51deb2aa1753","companyId":"69f8b601247c51deb2aa1751"}
[2026-07-29T06:01:28.766Z] INFO: [CALL AUTOMATION CONTROLLER] getConfig request: {"userId":"69f8b601247c51deb2aa1753","userRole":"admin","userCompanyId":"69f8b601247c51deb2aa1751","reqCompanyId":"69f8b601247c51deb2aa1751","queryCompanyId":"not provided","resolvedCompanyId":"69f8b601247c51deb2aa1751"}
[2026-07-29T06:01:28.768Z] INFO: [CALL AUTOMATION] getConfig called {"userId":"69f8b601247c51deb2aa1753","userRole":"admin","targetCompanyId":"69f8b601247c51deb2aa1751","targetCompanyIdType":"object","userCompanyId":"69f8b601247c51deb2aa1751","paramCompanyId":"69f8b601247c51deb2aa1751"}
[2026-07-29T06:01:28.772Z] INFO: [CALL AUTOMATION] getEligibleSims called {"userId":"69f8b601247c51deb2aa1753","userRole":"admin","companyId":"69f8b601247c51deb2aa1751","userCompanyId":"69f8b601247c51deb2aa1751"}
[2026-07-29T06:01:28.806Z] INFO: [CALL AUTOMATION] getEligibleSims result {"totalSims":17,"callers":2,"potentialTargets":17,"callerNumbers":["+918805770897","+919637979102"]}
[2026-07-29T06:01:28.814Z] INFO: [CALL AUTOMATION] populateConfig: Mappings after population {"configId":"6a699738702aa7e92f0e8393","mappingsCount":1,"mappings":[{"targetSimId":"6a6880ab9115f5d26227f7a9","targetMobileNumber":"+918805753927","callerCount":1,"callerIds":["69f8f0469952a58f222f8a61"],"callDuration":10}]}
[2026-07-29T06:01:28.817Z] INFO: [CALL AUTOMATION] getConfig returning: {"configId":"6a699738702aa7e92f0e8393","companyId":"69f8b601247c51deb2aa1751","mappingsCount":1,"frequency":"daily","scheduledTime":"09:32","isActive":true}
[2026-07-29T06:01:28.818Z] INFO: [CALL AUTOMATION CONTROLLER] getConfig response: {"configFound":true,"configId":"6a699738702aa7e92f0e8393","companyId":"69f8b601247c51deb2aa1751","mappingsCount":1}
[2026-07-29T06:02:18.965Z] INFO: [CALL AUTOMATION CONTROLLER] saveConfig request: {"userId":"69f8b601247c51deb2aa1753","userRole":"admin","userCompanyId":"69f8b601247c51deb2aa1751","mappingsCount":1,"targetCallerMappings":[{"targetSimId":"6a6880ab9115f5d26227f7a9","callerSimIds":["69f8f0469952a58f222f8a61"],"callDuration":10}],"frequency":"daily","callDuration":12,"scheduledTime":"09:37","scheduledDay":"monday","isActive":true}
[2026-07-29T06:02:18.967Z] INFO: [CALL AUTOMATION] saveConfig called {"userId":"69f8b601247c51deb2aa1753","userRole":"admin","companyId":"69f8b601247c51deb2aa1751","companyIdType":"object","userCompanyId":"69f8b601247c51deb2aa1751","mappingsCount":1}
[2026-07-29T06:02:18.996Z] INFO: [CALL AUTOMATION] saveConfig called with: {"companyId":"69f8b601247c51deb2aa1751","isNewFormat":true,"frequency":"daily","scheduledTime":"09:37","scheduledDay":"monday","callDuration":12,"isActive":true,"existingConfig":"6a699738702aa7e92f0e8393"}
[2026-07-29T06:02:19.018Z] INFO: [CALL AUTOMATION] Config saved successfully: {"configId":"6a699738702aa7e92f0e8393","companyId":"69f8b601247c51deb2aa1751","isNew":"update","mappingsCount":1,"mappings":[{"targetSimId":"6a6880ab9115f5d26227f7a9","callerSimIds":["69f8f0469952a58f222f8a61"],"callDuration":10}],"frequency":"daily","scheduledTime":"09:37","isActive":true}
[2026-07-29T06:02:19.056Z] INFO: [CALL AUTOMATION] populateConfig: Mappings after population {"configId":"6a699738702aa7e92f0e8393","mappingsCount":1,"mappings":[{"targetSimId":"6a6880ab9115f5d26227f7a9","targetMobileNumber":"+918805753927","callerCount":1,"callerIds":["69f8f0469952a58f222f8a61"],"callDuration":10}]}
[2026-07-29T06:02:19.078Z] INFO: Audit log created: CALL_AUTOMATION.CALL_AUTOMATION_CONFIG_SAVE {"logId":"6a69976b702aa7e92f0e83bd","performedBy":"69f8b601247c51deb2aa1753","companyId":"69f8b601247c51deb2aa1751"}
[2026-07-29T06:02:19.150Z] INFO: [CALL AUTOMATION CONTROLLER] getConfig request: {"userId":"69f8b601247c51deb2aa1753","userRole":"admin","userCompanyId":"69f8b601247c51deb2aa1751","reqCompanyId":"69f8b601247c51deb2aa1751","queryCompanyId":"not provided","resolvedCompanyId":"69f8b601247c51deb2aa1751"}
[2026-07-29T06:02:19.150Z] INFO: [CALL AUTOMATION] getConfig called {"userId":"69f8b601247c51deb2aa1753","userRole":"admin","targetCompanyId":"69f8b601247c51deb2aa1751","targetCompanyIdType":"object","userCompanyId":"69f8b601247c51deb2aa1751","paramCompanyId":"69f8b601247c51deb2aa1751"}
[2026-07-29T06:02:19.498Z] INFO: [CALL AUTOMATION] getEligibleSims called {"userId":"69f8b601247c51deb2aa1753","userRole":"admin","companyId":"69f8b601247c51deb2aa1751","userCompanyId":"69f8b601247c51deb2aa1751"}
[2026-07-29T06:02:19.530Z] INFO: [CALL AUTOMATION] getEligibleSims result {"totalSims":17,"callers":2,"potentialTargets":17,"callerNumbers":["+918805770897","+919637979102"]}
[2026-07-29T06:02:19.539Z] INFO: [CALL AUTOMATION] populateConfig: Mappings after population {"configId":"6a699738702aa7e92f0e8393","mappingsCount":1,"mappings":[{"targetSimId":"6a6880ab9115f5d26227f7a9","targetMobileNumber":"+918805753927","callerCount":1,"callerIds":["69f8f0469952a58f222f8a61"],"callDuration":10}]}
[2026-07-29T06:02:19.542Z] INFO: [CALL AUTOMATION] getConfig returning: {"configId":"6a699738702aa7e92f0e8393","companyId":"69f8b601247c51deb2aa1751","mappingsCount":1,"frequency":"daily","scheduledTime":"09:37","isActive":true}
[2026-07-29T06:02:19.542Z] INFO: [CALL AUTOMATION CONTROLLER] getConfig response: {"configFound":true,"configId":"6a699738702aa7e92f0e8393","companyId":"69f8b601247c51deb2aa1751","mappingsCount":1}
[2026-07-29T06:04:06.373Z] INFO: Fetched notifications {"userId":"69f8b601247c51deb2aa1753","count":5,"total":827}
[2026-07-29T06:05:00.553Z] INFO: Starting WhatsApp inactive check job
[2026-07-29T06:05:00.569Z] INFO: [WhatsApp Cron] Processing inactive messages...
[2026-07-29T06:05:00.572Z] INFO: Starting Telegram inactive check job
[2026-07-29T06:05:00.573Z] INFO: [Telegram Cron] Processing inactive messages...
[2026-07-29T06:05:00.584Z] INFO: [WhatsApp Cron] Processed 0 messages, updated 0 SIMs
[2026-07-29T06:05:00.585Z] INFO: WhatsApp inactive check completed: 0 messages processed, 0 SIMs marked inactive
[2026-07-29T06:05:00.597Z] INFO: [Telegram Cron] Processed 0 messages, updated 0 SIMs
[2026-07-29T06:05:00.598Z] INFO: Telegram inactive check completed: 0 messages processed, 0 SIMs marked inactive
[2026-07-29T06:05:20.261Z] INFO: [CALL AUTOMATION CONTROLLER] saveConfig request: {"userId":"69f8b601247c51deb2aa1753","userRole":"admin","userCompanyId":"69f8b601247c51deb2aa1751","mappingsCount":1,"targetCallerMappings":[{"targetSimId":"6a6880ab9115f5d26227f7a9","callerSimIds":["69f8f0469952a58f222f8a61"],"callDuration":10}],"frequency":"daily","callDuration":12,"scheduledTime":"11:37","scheduledDay":"monday","isActive":true}
[2026-07-29T06:05:20.263Z] INFO: [CALL AUTOMATION] saveConfig called {"userId":"69f8b601247c51deb2aa1753","userRole":"admin","companyId":"69f8b601247c51deb2aa1751","companyIdType":"object","userCompanyId":"69f8b601247c51deb2aa1751","mappingsCount":1}
[2026-07-29T06:05:20.307Z] INFO: [CALL AUTOMATION] saveConfig called with: {"companyId":"69f8b601247c51deb2aa1751","isNewFormat":true,"frequency":"daily","scheduledTime":"11:37","scheduledDay":"monday","callDuration":12,"isActive":true,"existingConfig":"6a699738702aa7e92f0e8393"}
[2026-07-29T06:05:20.348Z] INFO: [CALL AUTOMATION] Config saved successfully: {"configId":"6a699738702aa7e92f0e8393","companyId":"69f8b601247c51deb2aa1751","isNew":"update","mappingsCount":1,"mappings":[{"targetSimId":"6a6880ab9115f5d26227f7a9","callerSimIds":["69f8f0469952a58f222f8a61"],"callDuration":10}],"frequency":"daily","scheduledTime":"11:37","isActive":true}
[2026-07-29T06:05:20.388Z] INFO: [CALL AUTOMATION] populateConfig: Mappings after population {"configId":"6a699738702aa7e92f0e8393","mappingsCount":1,"mappings":[{"targetSimId":"6a6880ab9115f5d26227f7a9","targetMobileNumber":"+918805753927","callerCount":1,"callerIds":["69f8f0469952a58f222f8a61"],"callDuration":10}]}
[2026-07-29T06:05:20.416Z] INFO: Audit log created: CALL_AUTOMATION.CALL_AUTOMATION_CONFIG_SAVE {"logId":"6a699820702aa7e92f0e8401","performedBy":"69f8b601247c51deb2aa1753","companyId":"69f8b601247c51deb2aa1751"}
[2026-07-29T06:05:20.489Z] INFO: [CALL AUTOMATION] getEligibleSims called {"userId":"69f8b601247c51deb2aa1753","userRole":"admin","companyId":"69f8b601247c51deb2aa1751","userCompanyId":"69f8b601247c51deb2aa1751"}
[2026-07-29T06:05:20.516Z] INFO: [CALL AUTOMATION CONTROLLER] getConfig request: {"userId":"69f8b601247c51deb2aa1753","userRole":"admin","userCompanyId":"69f8b601247c51deb2aa1751","reqCompanyId":"69f8b601247c51deb2aa1751","queryCompanyId":"not provided","resolvedCompanyId":"69f8b601247c51deb2aa1751"}
[2026-07-29T06:05:20.517Z] INFO: [CALL AUTOMATION] getConfig called {"userId":"69f8b601247c51deb2aa1753","userRole":"admin","targetCompanyId":"69f8b601247c51deb2aa1751","targetCompanyIdType":"object","userCompanyId":"69f8b601247c51deb2aa1751","paramCompanyId":"69f8b601247c51deb2aa1751"}
[2026-07-29T06:05:20.526Z] INFO: [CALL AUTOMATION] getEligibleSims result {"totalSims":17,"callers":2,"potentialTargets":17,"callerNumbers":["+918805770897","+919637979102"]}
[2026-07-29T06:05:20.576Z] INFO: [CALL AUTOMATION] populateConfig: Mappings after population {"configId":"6a699738702aa7e92f0e8393","mappingsCount":1,"mappings":[{"targetSimId":"6a6880ab9115f5d26227f7a9","targetMobileNumber":"+918805753927","callerCount":1,"callerIds":["69f8f0469952a58f222f8a61"],"callDuration":10}]}
[2026-07-29T06:05:20.578Z] INFO: [CALL AUTOMATION] getConfig returning: {"configId":"6a699738702aa7e92f0e8393","companyId":"69f8b601247c51deb2aa1751","mappingsCount":1,"frequency":"daily","scheduledTime":"11:37","isActive":true}
[2026-07-29T06:05:20.579Z] INFO: [CALL AUTOMATION CONTROLLER] getConfig response: {"configFound":true,"configId":"6a699738702aa7e92f0e8393","companyId":"69f8b601247c51deb2aa1751","mappingsCount":1}
[2026-07-29T06:10:00.472Z] INFO: Starting WhatsApp inactive check job
[2026-07-29T06:10:00.474Z] INFO: [WhatsApp Cron] Processing inactive messages...
[2026-07-29T06:10:00.478Z] INFO: Starting Telegram inactive check job
[2026-07-29T06:10:00.479Z] INFO: [Telegram Cron] Processing inactive messages...
[2026-07-29T06:10:00.484Z] INFO: Starting WiFi alert check job
[2026-07-29T06:10:00.495Z] INFO: [WhatsApp Cron] Processed 0 messages, updated 0 SIMs
[2026-07-29T06:10:00.496Z] INFO: WhatsApp inactive check completed: 0 messages processed, 0 SIMs marked inactive
[2026-07-29T06:10:00.498Z] INFO: [Telegram Cron] Processed 0 messages, updated 0 SIMs
[2026-07-29T06:10:00.499Z] INFO: Telegram inactive check completed: 0 messages processed, 0 SIMs marked inactive
[2026-07-29T06:10:01.048Z] INFO: [WIFI ALERT] All checks completed {"checked":0,"skipped":3,"alertsCreated":0,"alertsUpdated":0,"alertsResolved":0,"emailsSent":0,"emailErrors":[],"errors":[],"offlineAlertsCreated":0,"wifiOffAlertsCreated":0,"disconnectedAlertsCreated":0,"notificationsCreated":0}
[2026-07-29T06:10:01.049Z] INFO: WiFi alert check job completed
[2026-07-29T06:15:00.647Z] INFO: Starting WhatsApp inactive check job
[2026-07-29T06:15:00.648Z] INFO: [WhatsApp Cron] Processing inactive messages...
[2026-07-29T06:15:00.651Z] INFO: Starting Telegram inactive check job
[2026-07-29T06:15:00.652Z] INFO: [Telegram Cron] Processing inactive messages...
[2026-07-29T06:15:00.666Z] INFO: [Telegram Cron] Processed 0 messages, updated 0 SIMs
[2026-07-29T06:15:00.668Z] INFO: Telegram inactive check completed: 0 messages processed, 0 SIMs marked inactive
[2026-07-29T06:15:00.670Z] INFO: [WhatsApp Cron] Processed 0 messages, updated 0 SIMs
[2026-07-29T06:15:00.671Z] INFO: WhatsApp inactive check completed: 0 messages processed, 0 SIMs marked inactive
[2026-07-29T06:20:00.718Z] INFO: Starting WhatsApp inactive check job
[2026-07-29T06:20:00.719Z] INFO: [WhatsApp Cron] Processing inactive messages...
[2026-07-29T06:20:00.722Z] INFO: Starting Telegram inactive check job
[2026-07-29T06:20:00.723Z] INFO: [Telegram Cron] Processing inactive messages...
[2026-07-29T06:20:00.786Z] INFO: [Telegram Cron] Processed 0 messages, updated 0 SIMs
[2026-07-29T06:20:00.787Z] INFO: Telegram inactive check completed: 0 messages processed, 0 SIMs marked inactive
[2026-07-29T06:20:00.792Z] INFO: [WhatsApp Cron] Processed 0 messages, updated 0 SIMs
[2026-07-29T06:20:00.793Z] INFO: WhatsApp inactive check completed: 0 messages processed, 0 SIMs marked inactive
[2026-07-29T06:25:00.599Z] INFO: Starting WhatsApp inactive check job
[2026-07-29T06:25:00.906Z] INFO: [WhatsApp Cron] Processing inactive messages...
[2026-07-29T06:25:00.911Z] INFO: Starting Telegram inactive check job
[2026-07-29T06:25:00.913Z] INFO: [Telegram Cron] Processing inactive messages...
[2026-07-29T06:25:01.472Z] INFO: [WhatsApp Cron] Processed 0 messages, updated 0 SIMs
[2026-07-29T06:25:01.473Z] INFO: WhatsApp inactive check completed: 0 messages processed, 0 SIMs marked inactive
[2026-07-29T06:25:01.476Z] INFO: [Telegram Cron] Processed 0 messages, updated 0 SIMs
[2026-07-29T06:25:01.477Z] INFO: Telegram inactive check completed: 0 messages processed, 0 SIMs marked inactive
[2026-07-29T06:30:00.840Z] INFO: Starting WhatsApp inactive check job
[2026-07-29T06:30:00.943Z] INFO: [WhatsApp Cron] Processing inactive messages...
[2026-07-29T06:30:00.946Z] INFO: Starting Telegram inactive check job
[2026-07-29T06:30:00.947Z] INFO: [Telegram Cron] Processing inactive messages...
[2026-07-29T06:30:00.949Z] INFO: Starting WiFi alert check job
[2026-07-29T06:30:01.005Z] INFO: [WhatsApp Cron] Processed 0 messages, updated 0 SIMs
[2026-07-29T06:30:01.006Z] INFO: WhatsApp inactive check completed: 0 messages processed, 0 SIMs marked inactive
[2026-07-29T06:30:01.024Z] INFO: [Telegram Cron] Processed 0 messages, updated 0 SIMs
[2026-07-29T06:30:01.025Z] INFO: Telegram inactive check completed: 0 messages processed, 0 SIMs marked inactive
[2026-07-29T06:30:03.256Z] INFO: [WIFI ALERT] All checks completed {"checked":0,"skipped":3,"alertsCreated":0,"alertsUpdated":0,"alertsResolved":0,"emailsSent":0,"emailErrors":[],"errors":[],"offlineAlertsCreated":0,"wifiOffAlertsCreated":0,"disconnectedAlertsCreated":0,"notificationsCreated":0}
[2026-07-29T06:30:03.256Z] INFO: WiFi alert check job completed
[2026-07-29T06:35:00.717Z] INFO: Starting WhatsApp inactive check job
[2026-07-29T06:35:00.734Z] INFO: [WhatsApp Cron] Processing inactive messages...
[2026-07-29T06:35:00.738Z] INFO: Starting Telegram inactive check job
[2026-07-29T06:35:00.739Z] INFO: [Telegram Cron] Processing inactive messages...
[2026-07-29T06:35:00.800Z] INFO: [Telegram Cron] Processed 0 messages, updated 0 SIMs
[2026-07-29T06:35:00.801Z] INFO: Telegram inactive check completed: 0 messages processed, 0 SIMs marked inactive
[2026-07-29T06:35:00.802Z] INFO: [WhatsApp Cron] Processed 0 messages, updated 0 SIMs
[2026-07-29T06:35:00.804Z] INFO: WhatsApp inactive check completed: 0 messages processed, 0 SIMs marked inactive
[2026-07-29T06:40:00.793Z] INFO: Starting WhatsApp inactive check job
[2026-07-29T06:40:01.128Z] INFO: [WhatsApp Cron] Processing inactive messages...
[2026-07-29T06:40:01.184Z] INFO: [WhatsApp Cron] Processed 0 messages, updated 0 SIMs
[2026-07-29T06:40:01.185Z] INFO: WhatsApp inactive check completed: 0 messages processed, 0 SIMs marked inactive
[2026-07-29T06:42:35.376Z] INFO: [CALL AUTOMATION CONTROLLER] Delete config request: {"userId":"69f8b601247c51deb2aa1753","userRole":"admin","companyId":"69f8b601247c51deb2aa1751","userCompanyId":"69f8b601247c51deb2aa1751","reqCompanyId":"69f8b601247c51deb2aa1751"}
[2026-07-29T06:42:35.377Z] INFO: [CALL AUTOMATION] deleteConfig called {"userId":"69f8b601247c51deb2aa1753","userRole":"admin","companyId":"69f8b601247c51deb2aa1751","explicitCompanyId":"69f8b601247c51deb2aa1751","userCompanyId":"69f8b601247c51deb2aa1751"}
[2026-07-29T06:42:35.451Z] INFO: [CALL AUTOMATION] Deleting config {"configId":"6a699738702aa7e92f0e8393","companyId":"69f8b601247c51deb2aa1751","mappingsCount":1,"isActive":true}
[2026-07-29T06:42:35.624Z] INFO: [CALL AUTOMATION] Config deleted successfully {"companyId":"69f8b601247c51deb2aa1751"}
[2026-07-29T06:42:35.727Z] INFO: Audit log created: CALL_AUTOMATION.CALL_AUTOMATION_CONFIG_DELETE {"logId":"6a69a0db702aa7e92f0e8589","performedBy":"69f8b601247c51deb2aa1753","companyId":"69f8b601247c51deb2aa1751"}
[2026-07-29T06:44:43.193Z] INFO: [CALL AUTOMATION CONTROLLER] saveConfig request: {"userId":"69f8b601247c51deb2aa1753","userRole":"admin","userCompanyId":"69f8b601247c51deb2aa1751","mappingsCount":1,"targetCallerMappings":[{"targetSimId":"6a6880ab9115f5d26227f7a9","callerSimIds":["69f8f0469952a58f222f8a61"],"callDuration":10}],"frequency":"daily","callDuration":10,"scheduledTime":"12:17","scheduledDay":"monday","isActive":true}
[2026-07-29T06:44:43.195Z] INFO: [CALL AUTOMATION] saveConfig called {"userId":"69f8b601247c51deb2aa1753","userRole":"admin","companyId":"69f8b601247c51deb2aa1751","companyIdType":"object","userCompanyId":"69f8b601247c51deb2aa1751","mappingsCount":1}
[2026-07-29T06:44:43.358Z] INFO: [CALL AUTOMATION] saveConfig called with: {"companyId":"69f8b601247c51deb2aa1751","isNewFormat":true,"frequency":"daily","scheduledTime":"12:17","scheduledDay":"monday","callDuration":10,"isActive":true,"existingConfig":"new"}
[2026-07-29T06:44:43.450Z] INFO: [CALL AUTOMATION] Config saved successfully: {"configId":"6a69a15b702aa7e92f0e85a5","companyId":"69f8b601247c51deb2aa1751","isNew":"update","mappingsCount":1,"mappings":[{"targetSimId":"6a6880ab9115f5d26227f7a9","callerSimIds":["69f8f0469952a58f222f8a61"],"callDuration":10}],"frequency":"daily","scheduledTime":"12:17","isActive":true}
[2026-07-29T06:44:43.593Z] INFO: [CALL AUTOMATION] populateConfig: Mappings after population {"configId":"6a69a15b702aa7e92f0e85a5","mappingsCount":1,"mappings":[{"targetSimId":"6a6880ab9115f5d26227f7a9","targetMobileNumber":"+918805753927","callerCount":1,"callerIds":["69f8f0469952a58f222f8a61"],"callDuration":10}]}
[2026-07-29T06:44:43.668Z] INFO: Audit log created: CALL_AUTOMATION.CALL_AUTOMATION_CONFIG_SAVE {"logId":"6a69a15b702aa7e92f0e85aa","performedBy":"69f8b601247c51deb2aa1753","companyId":"69f8b601247c51deb2aa1751"}
[2026-07-29T06:44:43.956Z] INFO: [CALL AUTOMATION] getEligibleSims called {"userId":"69f8b601247c51deb2aa1753","userRole":"admin","companyId":"69f8b601247c51deb2aa1751","userCompanyId":"69f8b601247c51deb2aa1751"}
[2026-07-29T06:44:43.962Z] INFO: [CALL AUTOMATION CONTROLLER] getConfig request: {"userId":"69f8b601247c51deb2aa1753","userRole":"admin","userCompanyId":"69f8b601247c51deb2aa1751","reqCompanyId":"69f8b601247c51deb2aa1751","queryCompanyId":"not provided","resolvedCompanyId":"69f8b601247c51deb2aa1751"}
[2026-07-29T06:44:43.963Z] INFO: [CALL AUTOMATION] getConfig called {"userId":"69f8b601247c51deb2aa1753","userRole":"admin","targetCompanyId":"69f8b601247c51deb2aa1751","targetCompanyIdType":"object","userCompanyId":"69f8b601247c51deb2aa1751","paramCompanyId":"69f8b601247c51deb2aa1751"}
[2026-07-29T06:44:44.110Z] INFO: [CALL AUTOMATION] getEligibleSims result {"totalSims":17,"callers":2,"potentialTargets":17,"callerNumbers":["+918805770897","+919637979102"]}
[2026-07-29T06:44:44.214Z] INFO: [CALL AUTOMATION] populateConfig: Mappings after population {"configId":"6a69a15b702aa7e92f0e85a5","mappingsCount":1,"mappings":[{"targetSimId":"6a6880ab9115f5d26227f7a9","targetMobileNumber":"+918805753927","callerCount":1,"callerIds":["69f8f0469952a58f222f8a61"],"callDuration":10}]}
[2026-07-29T06:44:44.217Z] INFO: [CALL AUTOMATION] getConfig returning: {"configId":"6a69a15b702aa7e92f0e85a5","companyId":"69f8b601247c51deb2aa1751","mappingsCount":1,"frequency":"daily","scheduledTime":"12:17","isActive":true}
[2026-07-29T06:44:44.218Z] INFO: [CALL AUTOMATION CONTROLLER] getConfig response: {"configFound":true,"configId":"6a69a15b702aa7e92f0e85a5","companyId":"69f8b601247c51deb2aa1751","mappingsCount":1}
[2026-07-29T06:45:00.949Z] INFO: Starting WhatsApp inactive check job
[2026-07-29T06:45:00.990Z] INFO: [WhatsApp Cron] Processing inactive messages...
[2026-07-29T06:45:01.108Z] INFO: [WhatsApp Cron] Processed 0 messages, updated 0 SIMs
[2026-07-29T06:45:01.109Z] INFO: WhatsApp inactive check completed: 0 messages processed, 0 SIMs marked inactive
[2026-07-29T06:45:53.943Z] INFO: [CALL AUTOMATION CONTROLLER] getConfig request: {"userId":"69f8b601247c51deb2aa1753","userRole":"admin","userCompanyId":"69f8b601247c51deb2aa1751","reqCompanyId":"69f8b601247c51deb2aa1751","queryCompanyId":"not provided","resolvedCompanyId":"69f8b601247c51deb2aa1751"}
[2026-07-29T06:45:53.944Z] INFO: [CALL AUTOMATION] getConfig called {"userId":"69f8b601247c51deb2aa1753","userRole":"admin","targetCompanyId":"69f8b601247c51deb2aa1751","targetCompanyIdType":"object","userCompanyId":"69f8b601247c51deb2aa1751","paramCompanyId":"69f8b601247c51deb2aa1751"}
[2026-07-29T06:45:54.033Z] INFO: [CALL AUTOMATION] getEligibleSims called {"userId":"69f8b601247c51deb2aa1753","userRole":"admin","companyId":"69f8b601247c51deb2aa1751","userCompanyId":"69f8b601247c51deb2aa1751"}
[2026-07-29T06:45:54.327Z] INFO: [CALL AUTOMATION] populateConfig: Mappings after population {"configId":"6a69a15b702aa7e92f0e85a5","mappingsCount":1,"mappings":[{"targetSimId":"6a6880ab9115f5d26227f7a9","targetMobileNumber":"+918805753927","callerCount":1,"callerIds":["69f8f0469952a58f222f8a61"],"callDuration":10}]}
[2026-07-29T06:45:54.329Z] INFO: [CALL AUTOMATION] getConfig returning: {"configId":"6a69a15b702aa7e92f0e85a5","companyId":"69f8b601247c51deb2aa1751","mappingsCount":1,"frequency":"daily","scheduledTime":"12:17","isActive":true}
[2026-07-29T06:45:54.330Z] INFO: [CALL AUTOMATION CONTROLLER] getConfig response: {"configFound":true,"configId":"6a69a15b702aa7e92f0e85a5","companyId":"69f8b601247c51deb2aa1751","mappingsCount":1}
[2026-07-29T06:45:54.343Z] INFO: [CALL AUTOMATION] getEligibleSims result {"totalSims":17,"callers":2,"potentialTargets":17,"callerNumbers":["+918805770897","+919637979102"]}
[2026-07-29T06:45:54.663Z] INFO: [CALL AUTOMATION CONTROLLER] getConfig request: {"userId":"69f8b601247c51deb2aa1753","userRole":"admin","userCompanyId":"69f8b601247c51deb2aa1751","reqCompanyId":"69f8b601247c51deb2aa1751","queryCompanyId":"not provided","resolvedCompanyId":"69f8b601247c51deb2aa1751"}
[2026-07-29T06:45:54.664Z] INFO: [CALL AUTOMATION] getConfig called {"userId":"69f8b601247c51deb2aa1753","userRole":"admin","targetCompanyId":"69f8b601247c51deb2aa1751","targetCompanyIdType":"object","userCompanyId":"69f8b601247c51deb2aa1751","paramCompanyId":"69f8b601247c51deb2aa1751"}
[2026-07-29T06:45:54.865Z] INFO: [CALL AUTOMATION] populateConfig: Mappings after population {"configId":"6a69a15b702aa7e92f0e85a5","mappingsCount":1,"mappings":[{"targetSimId":"6a6880ab9115f5d26227f7a9","targetMobileNumber":"+918805753927","callerCount":1,"callerIds":["69f8f0469952a58f222f8a61"],"callDuration":10}]}
[2026-07-29T06:45:54.867Z] INFO: [CALL AUTOMATION] getConfig returning: {"configId":"6a69a15b702aa7e92f0e85a5","companyId":"69f8b601247c51deb2aa1751","mappingsCount":1,"frequency":"daily","scheduledTime":"12:17","isActive":true}
[2026-07-29T06:45:54.868Z] INFO: [CALL AUTOMATION CONTROLLER] getConfig response: {"configFound":true,"configId":"6a69a15b702aa7e92f0e85a5","companyId":"69f8b601247c51deb2aa1751","mappingsCount":1}
[2026-07-29T06:45:55.299Z] INFO: [CALL AUTOMATION] getEligibleSims called {"userId":"69f8b601247c51deb2aa1753","userRole":"admin","companyId":"69f8b601247c51deb2aa1751","userCompanyId":"69f8b601247c51deb2aa1751"}
[2026-07-29T06:45:55.872Z] INFO: [CALL AUTOMATION] getEligibleSims result {"totalSims":17,"callers":2,"potentialTargets":17,"callerNumbers":["+918805770897","+919637979102"]}
[2026-07-29T06:47:04.887Z] INFO: [CALL AUTOMATION] getEligibleSims called {"userId":"69f8b601247c51deb2aa1753","userRole":"admin","companyId":"69f8b601247c51deb2aa1751","userCompanyId":"69f8b601247c51deb2aa1751"}
[2026-07-29T06:47:05.030Z] INFO: [CALL AUTOMATION] getEligibleSims result {"totalSims":17,"callers":2,"potentialTargets":17,"callerNumbers":["+918805770897","+919637979102"]}
[2026-07-29T06:47:05.323Z] INFO: [CALL AUTOMATION] getEligibleSims called {"userId":"69f8b601247c51deb2aa1753","userRole":"admin","companyId":"69f8b601247c51deb2aa1751","userCompanyId":"69f8b601247c51deb2aa1751"}
[2026-07-29T06:47:05.409Z] INFO: [CALL AUTOMATION CONTROLLER] getConfig request: {"userId":"69f8b601247c51deb2aa1753","userRole":"admin","userCompanyId":"69f8b601247c51deb2aa1751","reqCompanyId":"69f8b601247c51deb2aa1751","queryCompanyId":"not provided","resolvedCompanyId":"69f8b601247c51deb2aa1751"}
[2026-07-29T06:47:05.410Z] INFO: [CALL AUTOMATION] getConfig called {"userId":"69f8b601247c51deb2aa1753","userRole":"admin","targetCompanyId":"69f8b601247c51deb2aa1751","targetCompanyIdType":"object","userCompanyId":"69f8b601247c51deb2aa1751","paramCompanyId":"69f8b601247c51deb2aa1751"}
[2026-07-29T06:47:05.481Z] INFO: [CALL AUTOMATION] getEligibleSims result {"totalSims":17,"callers":2,"potentialTargets":17,"callerNumbers":["+918805770897","+919637979102"]}
[2026-07-29T06:47:05.633Z] INFO: [CALL AUTOMATION] populateConfig: Mappings after population {"configId":"6a69a15b702aa7e92f0e85a5","mappingsCount":1,"mappings":[{"targetSimId":"6a6880ab9115f5d26227f7a9","targetMobileNumber":"+918805753927","callerCount":1,"callerIds":["69f8f0469952a58f222f8a61"],"callDuration":10}]}
[2026-07-29T06:47:05.634Z] INFO: [CALL AUTOMATION] getConfig returning: {"configId":"6a69a15b702aa7e92f0e85a5","companyId":"69f8b601247c51deb2aa1751","mappingsCount":1,"frequency":"daily","scheduledTime":"12:17","isActive":true}
[2026-07-29T06:47:05.635Z] INFO: [CALL AUTOMATION CONTROLLER] getConfig response: {"configFound":true,"configId":"6a69a15b702aa7e92f0e85a5","companyId":"69f8b601247c51deb2aa1751","mappingsCount":1}
[2026-07-29T06:47:05.949Z] INFO: [CALL AUTOMATION CONTROLLER] getConfig request: {"userId":"69f8b601247c51deb2aa1753","userRole":"admin","userCompanyId":"69f8b601247c51deb2aa1751","reqCompanyId":"69f8b601247c51deb2aa1751","queryCompanyId":"not provided","resolvedCompanyId":"69f8b601247c51deb2aa1751"}
[2026-07-29T06:47:05.950Z] INFO: [CALL AUTOMATION] getConfig called {"userId":"69f8b601247c51deb2aa1753","userRole":"admin","targetCompanyId":"69f8b601247c51deb2aa1751","targetCompanyIdType":"object","userCompanyId":"69f8b601247c51deb2aa1751","paramCompanyId":"69f8b601247c51deb2aa1751"}
[2026-07-29T06:47:06.172Z] INFO: [CALL AUTOMATION] populateConfig: Mappings after population {"configId":"6a69a15b702aa7e92f0e85a5","mappingsCount":1,"mappings":[{"targetSimId":"6a6880ab9115f5d26227f7a9","targetMobileNumber":"+918805753927","callerCount":1,"callerIds":["69f8f0469952a58f222f8a61"],"callDuration":10}]}
[2026-07-29T06:47:06.175Z] INFO: [CALL AUTOMATION] getConfig returning: {"configId":"6a69a15b702aa7e92f0e85a5","companyId":"69f8b601247c51deb2aa1751","mappingsCount":1,"frequency":"daily","scheduledTime":"12:17","isActive":true}
[2026-07-29T06:47:06.175Z] INFO: [CALL AUTOMATION CONTROLLER] getConfig response: {"configFound":true,"configId":"6a69a15b702aa7e92f0e85a5","companyId":"69f8b601247c51deb2aa1751","mappingsCount":1}
[2026-07-29T06:49:10.600Z] INFO: [CALL AUTOMATION CONTROLLER] getConfig request: {"userId":"69f8b601247c51deb2aa1753","userRole":"admin","userCompanyId":"69f8b601247c51deb2aa1751","reqCompanyId":"69f8b601247c51deb2aa1751","queryCompanyId":"not provided","resolvedCompanyId":"69f8b601247c51deb2aa1751"}
[2026-07-29T06:49:10.947Z] INFO: [CALL AUTOMATION] getConfig called {"userId":"69f8b601247c51deb2aa1753","userRole":"admin","targetCompanyId":"69f8b601247c51deb2aa1751","targetCompanyIdType":"object","userCompanyId":"69f8b601247c51deb2aa1751","paramCompanyId":"69f8b601247c51deb2aa1751"}
[2026-07-29T06:49:10.952Z] INFO: [CALL AUTOMATION] getEligibleSims called {"userId":"69f8b601247c51deb2aa1753","userRole":"admin","companyId":"69f8b601247c51deb2aa1751","userCompanyId":"69f8b601247c51deb2aa1751"}
[2026-07-29T06:49:11.218Z] INFO: [CALL AUTOMATION] getEligibleSims result {"totalSims":17,"callers":2,"potentialTargets":17,"callerNumbers":["+918805770897","+919637979102"]}
[2026-07-29T06:49:11.301Z] INFO: [CALL AUTOMATION] populateConfig: Mappings after population {"configId":"6a69a15b702aa7e92f0e85a5","mappingsCount":1,"mappings":[{"targetSimId":"6a6880ab9115f5d26227f7a9","targetMobileNumber":"+918805753927","callerCount":1,"callerIds":["69f8f0469952a58f222f8a61"],"callDuration":10}]}
[2026-07-29T06:49:11.303Z] INFO: [CALL AUTOMATION] getConfig returning: {"configId":"6a69a15b702aa7e92f0e85a5","companyId":"69f8b601247c51deb2aa1751","mappingsCount":1,"frequency":"daily","scheduledTime":"12:17","isActive":true}
[2026-07-29T06:49:11.304Z] INFO: [CALL AUTOMATION CONTROLLER] getConfig response: {"configFound":true,"configId":"6a69a15b702aa7e92f0e85a5","companyId":"69f8b601247c51deb2aa1751","mappingsCount":1}
[2026-07-29T06:49:11.592Z] INFO: [CALL AUTOMATION] getEligibleSims called {"userId":"69f8b601247c51deb2aa1753","userRole":"admin","companyId":"69f8b601247c51deb2aa1751","userCompanyId":"69f8b601247c51deb2aa1751"}
[2026-07-29T06:49:11.641Z] INFO: [CALL AUTOMATION CONTROLLER] getConfig request: {"userId":"69f8b601247c51deb2aa1753","userRole":"admin","userCompanyId":"69f8b601247c51deb2aa1751","reqCompanyId":"69f8b601247c51deb2aa1751","queryCompanyId":"not provided","resolvedCompanyId":"69f8b601247c51deb2aa1751"}
[2026-07-29T06:49:11.642Z] INFO: [CALL AUTOMATION] getConfig called {"userId":"69f8b601247c51deb2aa1753","userRole":"admin","targetCompanyId":"69f8b601247c51deb2aa1751","targetCompanyIdType":"object","userCompanyId":"69f8b601247c51deb2aa1751","paramCompanyId":"69f8b601247c51deb2aa1751"}
[2026-07-29T06:49:11.745Z] INFO: [CALL AUTOMATION] getEligibleSims result {"totalSims":17,"callers":2,"potentialTargets":17,"callerNumbers":["+918805770897","+919637979102"]}
[2026-07-29T06:49:11.859Z] INFO: [CALL AUTOMATION] populateConfig: Mappings after population {"configId":"6a69a15b702aa7e92f0e85a5","mappingsCount":1,"mappings":[{"targetSimId":"6a6880ab9115f5d26227f7a9","targetMobileNumber":"+918805753927","callerCount":1,"callerIds":["69f8f0469952a58f222f8a61"],"callDuration":10}]}
[2026-07-29T06:49:11.861Z] INFO: [CALL AUTOMATION] getConfig returning: {"configId":"6a69a15b702aa7e92f0e85a5","companyId":"69f8b601247c51deb2aa1751","mappingsCount":1,"frequency":"daily","scheduledTime":"12:17","isActive":true}
[2026-07-29T06:49:11.862Z] INFO: [CALL AUTOMATION CONTROLLER] getConfig response: {"configFound":true,"configId":"6a69a15b702aa7e92f0e85a5","companyId":"69f8b601247c51deb2aa1751","mappingsCount":1}
[2026-07-29T06:49:17.190Z] INFO: Fetched notifications {"userId":"69f8b601247c51deb2aa1753","count":5,"total":827}
[2026-07-29T06:50:00.854Z] INFO: Starting WhatsApp inactive check job
[2026-07-29T06:50:00.856Z] INFO: [WhatsApp Cron] Processing inactive messages...
[2026-07-29T06:50:00.859Z] INFO: Starting Telegram inactive check job
[2026-07-29T06:50:00.860Z] INFO: [Telegram Cron] Processing inactive messages...
[2026-07-29T06:50:00.863Z] INFO: Starting WiFi alert check job
[2026-07-29T06:50:00.921Z] INFO: [WhatsApp Cron] Processed 0 messages, updated 0 SIMs
[2026-07-29T06:50:00.922Z] INFO: WhatsApp inactive check completed: 0 messages processed, 0 SIMs marked inactive
[2026-07-29T06:50:00.923Z] INFO: [Telegram Cron] Processed 0 messages, updated 0 SIMs
[2026-07-29T06:50:00.923Z] INFO: Telegram inactive check completed: 0 messages processed, 0 SIMs marked inactive
[2026-07-29T06:50:02.961Z] INFO: [WIFI ALERT] All checks completed {"checked":0,"skipped":3,"alertsCreated":0,"alertsUpdated":0,"alertsResolved":0,"emailsSent":0,"emailErrors":[],"errors":[],"offlineAlertsCreated":0,"wifiOffAlertsCreated":0,"disconnectedAlertsCreated":0,"notificationsCreated":0}
[2026-07-29T06:50:02.962Z] INFO: WiFi alert check job completed
[2026-07-29T06:50:16.637Z] INFO: [CALL AUTOMATION CONTROLLER] getConfig request: {"userId":"69f8b601247c51deb2aa1753","userRole":"admin","userCompanyId":"69f8b601247c51deb2aa1751","reqCompanyId":"69f8b601247c51deb2aa1751","queryCompanyId":"not provided","resolvedCompanyId":"69f8b601247c51deb2aa1751"}
[2026-07-29T06:50:16.639Z] INFO: [CALL AUTOMATION] getConfig called {"userId":"69f8b601247c51deb2aa1753","userRole":"admin","targetCompanyId":"69f8b601247c51deb2aa1751","targetCompanyIdType":"object","userCompanyId":"69f8b601247c51deb2aa1751","paramCompanyId":"69f8b601247c51deb2aa1751"}
[2026-07-29T06:50:16.650Z] INFO: [CALL AUTOMATION] getEligibleSims called {"userId":"69f8b601247c51deb2aa1753","userRole":"admin","companyId":"69f8b601247c51deb2aa1751","userCompanyId":"69f8b601247c51deb2aa1751"}
[2026-07-29T06:50:16.787Z] INFO: [CALL AUTOMATION] getEligibleSims result {"totalSims":17,"callers":2,"potentialTargets":17,"callerNumbers":["+918805770897","+919637979102"]}
[2026-07-29T06:50:16.838Z] INFO: [CALL AUTOMATION] populateConfig: Mappings after population {"configId":"6a69a15b702aa7e92f0e85a5","mappingsCount":1,"mappings":[{"targetSimId":"6a6880ab9115f5d26227f7a9","targetMobileNumber":"+918805753927","callerCount":1,"callerIds":["69f8f0469952a58f222f8a61"],"callDuration":10}]}
[2026-07-29T06:50:16.839Z] INFO: [CALL AUTOMATION] getConfig returning: {"configId":"6a69a15b702aa7e92f0e85a5","companyId":"69f8b601247c51deb2aa1751","mappingsCount":1,"frequency":"daily","scheduledTime":"12:17","isActive":true}
[2026-07-29T06:50:16.840Z] INFO: [CALL AUTOMATION CONTROLLER] getConfig response: {"configFound":true,"configId":"6a69a15b702aa7e92f0e85a5","companyId":"69f8b601247c51deb2aa1751","mappingsCount":1}
[2026-07-29T06:50:17.103Z] INFO: [CALL AUTOMATION] getEligibleSims called {"userId":"69f8b601247c51deb2aa1753","userRole":"admin","companyId":"69f8b601247c51deb2aa1751","userCompanyId":"69f8b601247c51deb2aa1751"}
[2026-07-29T06:50:17.108Z] INFO: [CALL AUTOMATION CONTROLLER] getConfig request: {"userId":"69f8b601247c51deb2aa1753","userRole":"admin","userCompanyId":"69f8b601247c51deb2aa1751","reqCompanyId":"69f8b601247c51deb2aa1751","queryCompanyId":"not provided","resolvedCompanyId":"69f8b601247c51deb2aa1751"}
[2026-07-29T06:50:17.109Z] INFO: [CALL AUTOMATION] getConfig called {"userId":"69f8b601247c51deb2aa1753","userRole":"admin","targetCompanyId":"69f8b601247c51deb2aa1751","targetCompanyIdType":"object","userCompanyId":"69f8b601247c51deb2aa1751","paramCompanyId":"69f8b601247c51deb2aa1751"}
[2026-07-29T06:50:17.241Z] INFO: [CALL AUTOMATION] getEligibleSims result {"totalSims":17,"callers":2,"potentialTargets":17,"callerNumbers":["+918805770897","+919637979102"]}
[2026-07-29T06:50:17.295Z] INFO: [CALL AUTOMATION] populateConfig: Mappings after population {"configId":"6a69a15b702aa7e92f0e85a5","mappingsCount":1,"mappings":[{"targetSimId":"6a6880ab9115f5d26227f7a9","targetMobileNumber":"+918805753927","callerCount":1,"callerIds":["69f8f0469952a58f222f8a61"],"callDuration":10}]}
[2026-07-29T06:50:17.299Z] INFO: [CALL AUTOMATION] getConfig returning: {"configId":"6a69a15b702aa7e92f0e85a5","companyId":"69f8b601247c51deb2aa1751","mappingsCount":1,"frequency":"daily","scheduledTime":"12:17","isActive":true}
[2026-07-29T06:50:17.299Z] INFO: [CALL AUTOMATION CONTROLLER] getConfig response: {"configFound":true,"configId":"6a69a15b702aa7e92f0e85a5","companyId":"69f8b601247c51deb2aa1751","mappingsCount":1}
[2026-07-29T06:50:21.018Z] INFO: [CALL AUTOMATION] getEligibleSims called {"userId":"69f8b601247c51deb2aa1753","userRole":"admin","companyId":"69f8b601247c51deb2aa1751","userCompanyId":"69f8b601247c51deb2aa1751"}
[2026-07-29T06:50:21.027Z] INFO: [CALL AUTOMATION CONTROLLER] getConfig request: {"userId":"69f8b601247c51deb2aa1753","userRole":"admin","userCompanyId":"69f8b601247c51deb2aa1751","reqCompanyId":"69f8b601247c51deb2aa1751","queryCompanyId":"not provided","resolvedCompanyId":"69f8b601247c51deb2aa1751"}
[2026-07-29T06:50:21.028Z] INFO: [CALL AUTOMATION] getConfig called {"userId":"69f8b601247c51deb2aa1753","userRole":"admin","targetCompanyId":"69f8b601247c51deb2aa1751","targetCompanyIdType":"object","userCompanyId":"69f8b601247c51deb2aa1751","paramCompanyId":"69f8b601247c51deb2aa1751"}
[2026-07-29T06:50:21.160Z] INFO: [CALL AUTOMATION] getEligibleSims result {"totalSims":17,"callers":2,"potentialTargets":17,"callerNumbers":["+918805770897","+919637979102"]}
[2026-07-29T06:50:21.243Z] INFO: [CALL AUTOMATION] populateConfig: Mappings after population {"configId":"6a69a15b702aa7e92f0e85a5","mappingsCount":1,"mappings":[{"targetSimId":"6a6880ab9115f5d26227f7a9","targetMobileNumber":"+918805753927","callerCount":1,"callerIds":["69f8f0469952a58f222f8a61"],"callDuration":10}]}
[2026-07-29T06:50:21.244Z] INFO: [CALL AUTOMATION] getConfig returning: {"configId":"6a69a15b702aa7e92f0e85a5","companyId":"69f8b601247c51deb2aa1751","mappingsCount":1,"frequency":"daily","scheduledTime":"12:17","isActive":true}
[2026-07-29T06:50:21.245Z] INFO: [CALL AUTOMATION CONTROLLER] getConfig response: {"configFound":true,"configId":"6a69a15b702aa7e92f0e85a5","companyId":"69f8b601247c51deb2aa1751","mappingsCount":1}
[2026-07-29T06:50:21.433Z] INFO: [CALL AUTOMATION] getEligibleSims called {"userId":"69f8b601247c51deb2aa1753","userRole":"admin","companyId":"69f8b601247c51deb2aa1751","userCompanyId":"69f8b601247c51deb2aa1751"}
[2026-07-29T06:50:21.512Z] INFO: [CALL AUTOMATION CONTROLLER] getConfig request: {"userId":"69f8b601247c51deb2aa1753","userRole":"admin","userCompanyId":"69f8b601247c51deb2aa1751","reqCompanyId":"69f8b601247c51deb2aa1751","queryCompanyId":"not provided","resolvedCompanyId":"69f8b601247c51deb2aa1751"}
[2026-07-29T06:50:21.513Z] INFO: [CALL AUTOMATION] getConfig called {"userId":"69f8b601247c51deb2aa1753","userRole":"admin","targetCompanyId":"69f8b601247c51deb2aa1751","targetCompanyIdType":"object","userCompanyId":"69f8b601247c51deb2aa1751","paramCompanyId":"69f8b601247c51deb2aa1751"}
[2026-07-29T06:50:21.579Z] INFO: [CALL AUTOMATION] getEligibleSims result {"totalSims":17,"callers":2,"potentialTargets":17,"callerNumbers":["+918805770897","+919637979102"]}
[2026-07-29T06:50:21.760Z] INFO: [CALL AUTOMATION] populateConfig: Mappings after population {"configId":"6a69a15b702aa7e92f0e85a5","mappingsCount":1,"mappings":[{"targetSimId":"6a6880ab9115f5d26227f7a9","targetMobileNumber":"+918805753927","callerCount":1,"callerIds":["69f8f0469952a58f222f8a61"],"callDuration":10}]}
[2026-07-29T06:50:21.762Z] INFO: [CALL AUTOMATION] getConfig returning: {"configId":"6a69a15b702aa7e92f0e85a5","companyId":"69f8b601247c51deb2aa1751","mappingsCount":1,"frequency":"daily","scheduledTime":"12:17","isActive":true}
[2026-07-29T06:50:21.763Z] INFO: [CALL AUTOMATION CONTROLLER] getConfig response: {"configFound":true,"configId":"6a69a15b702aa7e92f0e85a5","companyId":"69f8b601247c51deb2aa1751","mappingsCount":1}
[2026-07-29T06:56:36.380Z] INFO: [CALL AUTOMATION CONTROLLER] getConfig request: {"userId":"69f8b601247c51deb2aa1753","userRole":"admin","userCompanyId":"69f8b601247c51deb2aa1751","reqCompanyId":"69f8b601247c51deb2aa1751","queryCompanyId":"not provided","resolvedCompanyId":"69f8b601247c51deb2aa1751"}
[2026-07-29T06:56:36.393Z] INFO: [CALL AUTOMATION] getConfig called {"userId":"69f8b601247c51deb2aa1753","userRole":"admin","targetCompanyId":"69f8b601247c51deb2aa1751","targetCompanyIdType":"object","userCompanyId":"69f8b601247c51deb2aa1751","paramCompanyId":"69f8b601247c51deb2aa1751"}
[2026-07-29T06:56:36.399Z] INFO: [CALL AUTOMATION] getEligibleSims called {"userId":"69f8b601247c51deb2aa1753","userRole":"admin","companyId":"69f8b601247c51deb2aa1751","userCompanyId":"69f8b601247c51deb2aa1751"}
[2026-07-29T06:56:36.554Z] INFO: [CALL AUTOMATION] getEligibleSims result {"totalSims":17,"callers":2,"potentialTargets":17,"callerNumbers":["+918805770897","+919637979102"]}
[2026-07-29T06:56:36.626Z] INFO: [CALL AUTOMATION] populateConfig: Mappings after population {"configId":"6a69a15b702aa7e92f0e85a5","mappingsCount":1,"mappings":[{"targetSimId":"6a6880ab9115f5d26227f7a9","targetMobileNumber":"+918805753927","callerCount":1,"callerIds":["69f8f0469952a58f222f8a61"],"callDuration":10}]}
[2026-07-29T06:56:36.629Z] INFO: [CALL AUTOMATION] getConfig returning: {"configId":"6a69a15b702aa7e92f0e85a5","companyId":"69f8b601247c51deb2aa1751","mappingsCount":1,"frequency":"daily","scheduledTime":"12:17","isActive":true}
[2026-07-29T06:56:36.630Z] INFO: [CALL AUTOMATION CONTROLLER] getConfig response: {"configFound":true,"configId":"6a69a15b702aa7e92f0e85a5","companyId":"69f8b601247c51deb2aa1751","mappingsCount":1}
[2026-07-29T06:56:36.830Z] INFO: [CALL AUTOMATION] getEligibleSims called {"userId":"69f8b601247c51deb2aa1753","userRole":"admin","companyId":"69f8b601247c51deb2aa1751","userCompanyId":"69f8b601247c51deb2aa1751"}
[2026-07-29T06:56:36.960Z] INFO: [CALL AUTOMATION CONTROLLER] getConfig request: {"userId":"69f8b601247c51deb2aa1753","userRole":"admin","userCompanyId":"69f8b601247c51deb2aa1751","reqCompanyId":"69f8b601247c51deb2aa1751","queryCompanyId":"not provided","resolvedCompanyId":"69f8b601247c51deb2aa1751"}
[2026-07-29T06:56:36.961Z] INFO: [CALL AUTOMATION] getConfig called {"userId":"69f8b601247c51deb2aa1753","userRole":"admin","targetCompanyId":"69f8b601247c51deb2aa1751","targetCompanyIdType":"object","userCompanyId":"69f8b601247c51deb2aa1751","paramCompanyId":"69f8b601247c51deb2aa1751"}
[2026-07-29T06:56:37.005Z] INFO: [CALL AUTOMATION] getEligibleSims result {"totalSims":17,"callers":2,"potentialTargets":17,"callerNumbers":["+918805770897","+919637979102"]}
[2026-07-29T06:56:37.159Z] INFO: [CALL AUTOMATION] populateConfig: Mappings after population {"configId":"6a69a15b702aa7e92f0e85a5","mappingsCount":1,"mappings":[{"targetSimId":"6a6880ab9115f5d26227f7a9","targetMobileNumber":"+918805753927","callerCount":1,"callerIds":["69f8f0469952a58f222f8a61"],"callDuration":10}]}
[2026-07-29T06:56:37.162Z] INFO: [CALL AUTOMATION] getConfig returning: {"configId":"6a69a15b702aa7e92f0e85a5","companyId":"69f8b601247c51deb2aa1751","mappingsCount":1,"frequency":"daily","scheduledTime":"12:17","isActive":true}
[2026-07-29T06:56:37.165Z] INFO: [CALL AUTOMATION CONTROLLER] getConfig response: {"configFound":true,"configId":"6a69a15b702aa7e92f0e85a5","companyId":"69f8b601247c51deb2aa1751","mappingsCount":1}
[2026-07-29T06:57:31.662Z] INFO: Audit log created: SIM.SIM_DELETE {"logId":"6a69a45b702aa7e92f0e8bc2","performedBy":"69f8b601247c51deb2aa1753","companyId":"69f8b601247c51deb2aa1751"}
[2026-07-29T06:57:38.883Z] INFO: Audit log created: USER.USER_DELETE {"logId":"6a69a462702aa7e92f0e8c2c","performedBy":"69f8b601247c51deb2aa1753","companyId":"69f8b601247c51deb2aa1751"}
[2026-07-29T06:58:11.190Z] INFO: Sending email via SMTP {"to":"pratikumbharde141@gmail.com","subject":"Welcome to SIM Management — Yadnesh SolutionsoyYadnesh Solutionsoy"}
[2026-07-29T06:58:15.478Z] INFO: Email sent successfully {"messageId":"<214ff95f-626e-5810-84eb-107a3ef23df9@gmail.com>","to":"pratikumbharde141@gmail.com","subject":"Welcome to SIM Management — Yadnesh SolutionsoyYadnesh Solutionsoy","response":"250 2.0.0 OK  1785308296 5a478bee46e88-31504dd42a9sm7599061eec.30 - gsmtp"}
[2026-07-29T06:58:15.566Z] INFO: Notification created {"notificationId":"6a69a487702aa7e92f0e8c4a","type":"system","companyId":"69f8b601247c51deb2aa1751","userId":"6a69a482702aa7e92f0e8c46"}
[2026-07-29T06:58:15.639Z] INFO: Audit log created: USER.USER_CREATE {"logId":"6a69a487702aa7e92f0e8c4c","performedBy":"69f8b601247c51deb2aa1753","companyId":"69f8b601247c51deb2aa1751"}
[2026-07-29T06:58:55.555Z] INFO: Sending email via SMTP {"to":"pratikumbharde141@gmail.com","subject":"SIM Card Assigned — +918805753927"}
[2026-07-29T06:58:59.495Z] INFO: Email sent successfully {"messageId":"<a339f662-9de3-aca0-6deb-1f657cd33b98@gmail.com>","to":"pratikumbharde141@gmail.com","subject":"SIM Card Assigned — +918805753927","response":"250 2.0.0 OK  1785308340 5a478bee46e88-31504d3250asm5834860eec.20 - gsmtp"}
[2026-07-29T06:58:59.581Z] INFO: Notification created {"notificationId":"6a69a4b3702aa7e92f0e8ccd","type":"info","companyId":"69f8b601247c51deb2aa1751","userId":"6a69a482702aa7e92f0e8c46"}
[2026-07-29T06:58:59.663Z] INFO: Audit log created: SIM.SIM_CREATE {"logId":"6a69a4b3702aa7e92f0e8ccf","performedBy":"69f8b601247c51deb2aa1753","companyId":"69f8b601247c51deb2aa1751"}
[2026-07-29T06:59:13.328Z] INFO: [CALL AUTOMATION CONTROLLER] getConfig request: {"userId":"69f8b601247c51deb2aa1753","userRole":"admin","userCompanyId":"69f8b601247c51deb2aa1751","reqCompanyId":"69f8b601247c51deb2aa1751","queryCompanyId":"not provided","resolvedCompanyId":"69f8b601247c51deb2aa1751"}
[2026-07-29T06:59:13.329Z] INFO: [CALL AUTOMATION] getConfig called {"userId":"69f8b601247c51deb2aa1753","userRole":"admin","targetCompanyId":"69f8b601247c51deb2aa1751","targetCompanyIdType":"object","userCompanyId":"69f8b601247c51deb2aa1751","paramCompanyId":"69f8b601247c51deb2aa1751"}
[2026-07-29T06:59:13.347Z] INFO: [CALL AUTOMATION] getEligibleSims called {"userId":"69f8b601247c51deb2aa1753","userRole":"admin","companyId":"69f8b601247c51deb2aa1751","userCompanyId":"69f8b601247c51deb2aa1751"}
[2026-07-29T06:59:13.486Z] INFO: [CALL AUTOMATION] getEligibleSims result {"totalSims":17,"callers":3,"potentialTargets":17,"callerNumbers":["+918805753927","+918805770897","+919637979102"]}
[2026-07-29T06:59:13.523Z] INFO: [CALL AUTOMATION] populateConfig: Mappings after population {"configId":"6a69a15b702aa7e92f0e85a5","mappingsCount":1,"mappings":[{"targetSimId":"null","targetMobileNumber":"N/A","callerCount":1,"callerIds":["69f8f0469952a58f222f8a61"],"callDuration":10}]}
[2026-07-29T06:59:13.525Z] INFO: [CALL AUTOMATION] getConfig returning: {"configId":"6a69a15b702aa7e92f0e85a5","companyId":"69f8b601247c51deb2aa1751","mappingsCount":1,"frequency":"daily","scheduledTime":"12:17","isActive":true}
[2026-07-29T06:59:13.526Z] INFO: [CALL AUTOMATION CONTROLLER] getConfig response: {"configFound":true,"configId":"6a69a15b702aa7e92f0e85a5","companyId":"69f8b601247c51deb2aa1751","mappingsCount":1}
[2026-07-29T06:59:13.759Z] INFO: [CALL AUTOMATION] getEligibleSims called {"userId":"69f8b601247c51deb2aa1753","userRole":"admin","companyId":"69f8b601247c51deb2aa1751","userCompanyId":"69f8b601247c51deb2aa1751"}
[2026-07-29T06:59:13.779Z] INFO: [CALL AUTOMATION CONTROLLER] getConfig request: {"userId":"69f8b601247c51deb2aa1753","userRole":"admin","userCompanyId":"69f8b601247c51deb2aa1751","reqCompanyId":"69f8b601247c51deb2aa1751","queryCompanyId":"not provided","resolvedCompanyId":"69f8b601247c51deb2aa1751"}
[2026-07-29T06:59:13.780Z] INFO: [CALL AUTOMATION] getConfig called {"userId":"69f8b601247c51deb2aa1753","userRole":"admin","targetCompanyId":"69f8b601247c51deb2aa1751","targetCompanyIdType":"object","userCompanyId":"69f8b601247c51deb2aa1751","paramCompanyId":"69f8b601247c51deb2aa1751"}
[2026-07-29T06:59:13.908Z] INFO: [CALL AUTOMATION] getEligibleSims result {"totalSims":17,"callers":3,"potentialTargets":17,"callerNumbers":["+918805753927","+918805770897","+919637979102"]}
[2026-07-29T06:59:13.980Z] INFO: [CALL AUTOMATION] populateConfig: Mappings after population {"configId":"6a69a15b702aa7e92f0e85a5","mappingsCount":1,"mappings":[{"targetSimId":"null","targetMobileNumber":"N/A","callerCount":1,"callerIds":["69f8f0469952a58f222f8a61"],"callDuration":10}]}
[2026-07-29T06:59:13.983Z] INFO: [CALL AUTOMATION] getConfig returning: {"configId":"6a69a15b702aa7e92f0e85a5","companyId":"69f8b601247c51deb2aa1751","mappingsCount":1,"frequency":"daily","scheduledTime":"12:17","isActive":true}
[2026-07-29T06:59:13.983Z] INFO: [CALL AUTOMATION CONTROLLER] getConfig response: {"configFound":true,"configId":"6a69a15b702aa7e92f0e85a5","companyId":"69f8b601247c51deb2aa1751","mappingsCount":1}
[2026-07-29T06:59:24.061Z] INFO: [CALL AUTOMATION CONTROLLER] Delete config request: {"userId":"69f8b601247c51deb2aa1753","userRole":"admin","companyId":"69f8b601247c51deb2aa1751","userCompanyId":"69f8b601247c51deb2aa1751","reqCompanyId":"69f8b601247c51deb2aa1751"}
[2026-07-29T06:59:24.062Z] INFO: [CALL AUTOMATION] deleteConfig called {"userId":"69f8b601247c51deb2aa1753","userRole":"admin","companyId":"69f8b601247c51deb2aa1751","explicitCompanyId":"69f8b601247c51deb2aa1751","userCompanyId":"69f8b601247c51deb2aa1751"}
[2026-07-29T06:59:24.133Z] INFO: [CALL AUTOMATION] Deleting config {"configId":"6a69a15b702aa7e92f0e85a5","companyId":"69f8b601247c51deb2aa1751","mappingsCount":1,"isActive":true}
[2026-07-29T06:59:24.200Z] INFO: [CALL AUTOMATION] Config deleted successfully {"companyId":"69f8b601247c51deb2aa1751"}
[2026-07-29T06:59:24.280Z] INFO: Audit log created: CALL_AUTOMATION.CALL_AUTOMATION_CONFIG_DELETE {"logId":"6a69a4cc702aa7e92f0e8d1e","performedBy":"69f8b601247c51deb2aa1753","companyId":"69f8b601247c51deb2aa1751"}
[2026-07-29T07:00:00.325Z] INFO: Starting WhatsApp inactive check job
[2026-07-29T07:00:00.327Z] INFO: [WhatsApp Cron] Processing inactive messages...
[2026-07-29T07:00:00.329Z] INFO: Starting Telegram inactive check job
[2026-07-29T07:00:00.330Z] INFO: [Telegram Cron] Processing inactive messages...
[2026-07-29T07:00:00.383Z] INFO: [WhatsApp Cron] Processed 0 messages, updated 0 SIMs
[2026-07-29T07:00:00.383Z] INFO: WhatsApp inactive check completed: 0 messages processed, 0 SIMs marked inactive
[2026-07-29T07:00:00.397Z] INFO: [Telegram Cron] Processed 0 messages, updated 0 SIMs
[2026-07-29T07:00:00.397Z] INFO: Telegram inactive check completed: 0 messages processed, 0 SIMs marked inactive
[2026-07-29T07:00:45.965Z] INFO: Sending email via SMTP {"to":"kotharipranjal091@gmail.com","subject":"Welcome to SIM Management — Yadnesh SolutionsoyYadnesh Solutionsoy"}
[2026-07-29T07:00:50.405Z] INFO: Email sent successfully {"messageId":"<782db618-2a2e-d9ae-6bdb-22aeccf321c7@gmail.com>","to":"kotharipranjal091@gmail.com","subject":"Welcome to SIM Management — Yadnesh SolutionsoyYadnesh Solutionsoy","response":"250 2.0.0 OK  1785308451 5a478bee46e88-31504d480c5sm9797408eec.25 - gsmtp"}
[2026-07-29T07:00:50.476Z] INFO: Notification created {"notificationId":"6a69a522702aa7e92f0e8d90","type":"system","companyId":"69f8b601247c51deb2aa1751","userId":"6a69a51d702aa7e92f0e8d8c"}
[2026-07-29T07:00:50.545Z] INFO: Audit log created: USER.USER_CREATE {"logId":"6a69a522702aa7e92f0e8d92","performedBy":"69f8b601247c51deb2aa1753","companyId":"69f8b601247c51deb2aa1751"}
[2026-07-29T07:01:28.147Z] INFO: Sending email via SMTP {"to":"kotharipranjal091@gmail.com","subject":"SIM Card Assigned — +919665522166"}
[2026-07-29T07:01:32.538Z] INFO: Email sent successfully {"messageId":"<4cf7f58c-f3e8-de8b-726d-a28438c79f2b@gmail.com>","to":"kotharipranjal091@gmail.com","subject":"SIM Card Assigned — +919665522166","response":"250 2.0.0 OK  1785308493 5a478bee46e88-31504cc6936sm6202739eec.17 - gsmtp"}
[2026-07-29T07:01:32.631Z] INFO: Notification created {"notificationId":"6a69a54c702aa7e92f0e8dd7","type":"info","companyId":"69f8b601247c51deb2aa1751","userId":"6a69a51d702aa7e92f0e8d8c"}
[2026-07-29T07:01:32.711Z] INFO: Audit log created: SIM.SIM_CREATE {"logId":"6a69a54c702aa7e92f0e8dd9","performedBy":"69f8b601247c51deb2aa1753","companyId":"69f8b601247c51deb2aa1751"}
[2026-07-29T07:01:36.667Z] INFO: [CALL AUTOMATION] getEligibleSims called {"userId":"69f8b601247c51deb2aa1753","userRole":"admin","companyId":"69f8b601247c51deb2aa1751","userCompanyId":"69f8b601247c51deb2aa1751"}
[2026-07-29T07:01:36.673Z] INFO: [CALL AUTOMATION CONTROLLER] getConfig request: {"userId":"69f8b601247c51deb2aa1753","userRole":"admin","userCompanyId":"69f8b601247c51deb2aa1751","reqCompanyId":"69f8b601247c51deb2aa1751","queryCompanyId":"not provided","resolvedCompanyId":"69f8b601247c51deb2aa1751"}
[2026-07-29T07:01:36.673Z] INFO: [CALL AUTOMATION] getConfig called {"userId":"69f8b601247c51deb2aa1753","userRole":"admin","targetCompanyId":"69f8b601247c51deb2aa1751","targetCompanyIdType":"object","userCompanyId":"69f8b601247c51deb2aa1751","paramCompanyId":"69f8b601247c51deb2aa1751"}
[2026-07-29T07:01:36.829Z] INFO: [CALL AUTOMATION] getEligibleSims result {"totalSims":18,"callers":3,"potentialTargets":18,"callerNumbers":["+918805753927","+918805770897","+919637979102"]}
[2026-07-29T07:01:36.902Z] WARN: [CALL AUTOMATION] getConfig: Config not found by companyId. DB dump: {"totalConfigs":1,"configs":[{"_id":"6a6873c89115f5d26227daef","companyId":"6a6840fb9115f5d26227a32b"}],"searchedCompanyId":"69f8b601247c51deb2aa1751"}
[2026-07-29T07:01:36.905Z] INFO: [CALL AUTOMATION] No config found for company: "69f8b601247c51deb2aa1751"
[2026-07-29T07:01:36.906Z] INFO: [CALL AUTOMATION CONTROLLER] getConfig response: {"configFound":false,"mappingsCount":0}
[2026-07-29T07:01:37.128Z] INFO: [CALL AUTOMATION] getEligibleSims called {"userId":"69f8b601247c51deb2aa1753","userRole":"admin","companyId":"69f8b601247c51deb2aa1751","userCompanyId":"69f8b601247c51deb2aa1751"}
[2026-07-29T07:01:37.194Z] INFO: [CALL AUTOMATION CONTROLLER] getConfig request: {"userId":"69f8b601247c51deb2aa1753","userRole":"admin","userCompanyId":"69f8b601247c51deb2aa1751","reqCompanyId":"69f8b601247c51deb2aa1751","queryCompanyId":"not provided","resolvedCompanyId":"69f8b601247c51deb2aa1751"}
[2026-07-29T07:01:37.195Z] INFO: [CALL AUTOMATION] getConfig called {"userId":"69f8b601247c51deb2aa1753","userRole":"admin","targetCompanyId":"69f8b601247c51deb2aa1751","targetCompanyIdType":"object","userCompanyId":"69f8b601247c51deb2aa1751","paramCompanyId":"69f8b601247c51deb2aa1751"}
[2026-07-29T07:01:37.264Z] INFO: [CALL AUTOMATION] getEligibleSims result {"totalSims":18,"callers":3,"potentialTargets":18,"callerNumbers":["+918805753927","+918805770897","+919637979102"]}
[2026-07-29T07:01:37.399Z] WARN: [CALL AUTOMATION] getConfig: Config not found by companyId. DB dump: {"totalConfigs":1,"configs":[{"_id":"6a6873c89115f5d26227daef","companyId":"6a6840fb9115f5d26227a32b"}],"searchedCompanyId":"69f8b601247c51deb2aa1751"}
[2026-07-29T07:01:37.400Z] INFO: [CALL AUTOMATION] No config found for company: "69f8b601247c51deb2aa1751"
[2026-07-29T07:01:37.401Z] INFO: [CALL AUTOMATION CONTROLLER] getConfig response: {"configFound":false,"mappingsCount":0}
[2026-07-29T07:05:00.004Z] INFO: Starting WhatsApp inactive check job
[2026-07-29T07:05:00.335Z] INFO: [WhatsApp Cron] Processing inactive messages...
[2026-07-29T07:05:00.341Z] INFO: Starting Telegram inactive check job
[2026-07-29T07:05:00.345Z] INFO: [Telegram Cron] Processing inactive messages...
[2026-07-29T07:05:00.404Z] INFO: [WhatsApp Cron] Processed 0 messages, updated 0 SIMs
[2026-07-29T07:05:00.405Z] INFO: WhatsApp inactive check completed: 0 messages processed, 0 SIMs marked inactive
[2026-07-29T07:05:00.417Z] INFO: [Telegram Cron] Processed 0 messages, updated 0 SIMs
[2026-07-29T07:05:00.418Z] INFO: Telegram inactive check completed: 0 messages processed, 0 SIMs marked inactive
[2026-07-29T07:10:00.262Z] INFO: Starting WhatsApp inactive check job
[2026-07-29T07:10:00.294Z] INFO: [WhatsApp Cron] Processing inactive messages...
[2026-07-29T07:10:00.318Z] INFO: Starting Telegram inactive check job
[2026-07-29T07:10:00.325Z] INFO: [Telegram Cron] Processing inactive messages...
[2026-07-29T07:10:00.331Z] INFO: Starting WiFi alert check job
[2026-07-29T07:10:00.380Z] INFO: [WhatsApp Cron] Processed 0 messages, updated 0 SIMs
[2026-07-29T07:10:00.383Z] INFO: WhatsApp inactive check completed: 0 messages processed, 0 SIMs marked inactive
[2026-07-29T07:10:00.394Z] INFO: [Telegram Cron] Processed 0 messages, updated 0 SIMs
[2026-07-29T07:10:00.395Z] INFO: Telegram inactive check completed: 0 messages processed, 0 SIMs marked inactive
[2026-07-29T07:10:02.155Z] INFO: [WIFI ALERT] All checks completed {"checked":0,"skipped":3,"alertsCreated":0,"alertsUpdated":0,"alertsResolved":0,"emailsSent":0,"emailErrors":[],"errors":[],"offlineAlertsCreated":0,"wifiOffAlertsCreated":0,"disconnectedAlertsCreated":0,"notificationsCreated":0}
[2026-07-29T07:10:02.156Z] INFO: WiFi alert check job completed
[2026-07-29T07:15:00.866Z] INFO: Starting WhatsApp inactive check job
[2026-07-29T07:15:01.176Z] INFO: [WhatsApp Cron] Processing inactive messages...
[2026-07-29T07:15:01.241Z] INFO: [WhatsApp Cron] Processed 0 messages, updated 0 SIMs
[2026-07-29T07:15:01.242Z] INFO: WhatsApp inactive check completed: 0 messages processed, 0 SIMs marked inactive
[2026-07-29T07:20:00.136Z] INFO: Starting WhatsApp inactive check job
[2026-07-29T07:20:00.477Z] INFO: [WhatsApp Cron] Processing inactive messages...
[2026-07-29T07:20:00.480Z] INFO: Starting Telegram inactive check job
[2026-07-29T07:20:00.482Z] INFO: [Telegram Cron] Processing inactive messages...
[2026-07-29T07:20:00.542Z] INFO: [WhatsApp Cron] Processed 0 messages, updated 0 SIMs
[2026-07-29T07:20:00.542Z] INFO: WhatsApp inactive check completed: 0 messages processed, 0 SIMs marked inactive
[2026-07-29T07:20:00.553Z] INFO: [Telegram Cron] Processed 0 messages, updated 0 SIMs
[2026-07-29T07:20:00.553Z] INFO: Telegram inactive check completed: 0 messages processed, 0 SIMs marked inactive
[2026-07-29T07:25:00.468Z] INFO: Starting WhatsApp inactive check job
[2026-07-29T07:25:00.469Z] INFO: [WhatsApp Cron] Processing inactive messages...
[2026-07-29T07:25:00.503Z] INFO: Starting Telegram inactive check job
[2026-07-29T07:25:00.510Z] INFO: [Telegram Cron] Processing inactive messages...
[2026-07-29T07:25:00.550Z] INFO: [WhatsApp Cron] Processed 0 messages, updated 0 SIMs
[2026-07-29T07:25:00.553Z] INFO: WhatsApp inactive check completed: 0 messages processed, 0 SIMs marked inactive
[2026-07-29T07:25:00.587Z] INFO: [Telegram Cron] Processed 0 messages, updated 0 SIMs
[2026-07-29T07:25:00.589Z] INFO: Telegram inactive check completed: 0 messages processed, 0 SIMs marked inactive
[2026-07-29T07:28:33.159Z] INFO: [CALL AUTOMATION CONTROLLER] saveConfig request: {"userId":"69f8b601247c51deb2aa1753","userRole":"admin","userCompanyId":"69f8b601247c51deb2aa1751","mappingsCount":1,"targetCallerMappings":[{"targetSimId":"6a69a547702aa7e92f0e8dcf","callerSimIds":["6a69a4af702aa7e92f0e8cc5"],"callDuration":10}],"frequency":"daily","callDuration":10,"scheduledTime":"00:59","scheduledDay":"monday","isActive":true}
[2026-07-29T07:28:33.160Z] INFO: [CALL AUTOMATION] saveConfig called {"userId":"69f8b601247c51deb2aa1753","userRole":"admin","companyId":"69f8b601247c51deb2aa1751","companyIdType":"object","userCompanyId":"69f8b601247c51deb2aa1751","mappingsCount":1}
[2026-07-29T07:28:33.307Z] INFO: [CALL AUTOMATION] saveConfig called with: {"companyId":"69f8b601247c51deb2aa1751","isNewFormat":true,"frequency":"daily","scheduledTime":"00:59","scheduledDay":"monday","callDuration":10,"isActive":true,"existingConfig":"new"}
[2026-07-29T07:28:33.441Z] INFO: [CALL AUTOMATION] Config saved successfully: {"configId":"6a69aba1702aa7e92f0e8f05","companyId":"69f8b601247c51deb2aa1751","isNew":"update","mappingsCount":1,"mappings":[{"targetSimId":"6a69a547702aa7e92f0e8dcf","callerSimIds":["6a69a4af702aa7e92f0e8cc5"],"callDuration":10}],"frequency":"daily","scheduledTime":"00:59","isActive":true}
[2026-07-29T07:28:33.597Z] INFO: [CALL AUTOMATION] populateConfig: Mappings after population {"configId":"6a69aba1702aa7e92f0e8f05","mappingsCount":1,"mappings":[{"targetSimId":"6a69a547702aa7e92f0e8dcf","targetMobileNumber":"+919665522166","callerCount":1,"callerIds":["6a69a4af702aa7e92f0e8cc5"],"callDuration":10}]}
[2026-07-29T07:28:33.687Z] INFO: Audit log created: CALL_AUTOMATION.CALL_AUTOMATION_CONFIG_SAVE {"logId":"6a69aba1702aa7e92f0e8f0a","performedBy":"69f8b601247c51deb2aa1753","companyId":"69f8b601247c51deb2aa1751"}
[2026-07-29T07:28:33.946Z] INFO: [CALL AUTOMATION CONTROLLER] getConfig request: {"userId":"69f8b601247c51deb2aa1753","userRole":"admin","userCompanyId":"69f8b601247c51deb2aa1751","reqCompanyId":"69f8b601247c51deb2aa1751","queryCompanyId":"not provided","resolvedCompanyId":"69f8b601247c51deb2aa1751"}
[2026-07-29T07:28:33.946Z] INFO: [CALL AUTOMATION] getConfig called {"userId":"69f8b601247c51deb2aa1753","userRole":"admin","targetCompanyId":"69f8b601247c51deb2aa1751","targetCompanyIdType":"object","userCompanyId":"69f8b601247c51deb2aa1751","paramCompanyId":"69f8b601247c51deb2aa1751"}
[2026-07-29T07:28:34.152Z] INFO: [CALL AUTOMATION] populateConfig: Mappings after population {"configId":"6a69aba1702aa7e92f0e8f05","mappingsCount":1,"mappings":[{"targetSimId":"6a69a547702aa7e92f0e8dcf","targetMobileNumber":"+919665522166","callerCount":1,"callerIds":["6a69a4af702aa7e92f0e8cc5"],"callDuration":10}]}
[2026-07-29T07:28:34.155Z] INFO: [CALL AUTOMATION] getConfig returning: {"configId":"6a69aba1702aa7e92f0e8f05","companyId":"69f8b601247c51deb2aa1751","mappingsCount":1,"frequency":"daily","scheduledTime":"00:59","isActive":true}
[2026-07-29T07:28:34.156Z] INFO: [CALL AUTOMATION CONTROLLER] getConfig response: {"configFound":true,"configId":"6a69aba1702aa7e92f0e8f05","companyId":"69f8b601247c51deb2aa1751","mappingsCount":1}
[2026-07-29T07:28:35.073Z] INFO: [CALL AUTOMATION] getEligibleSims called {"userId":"69f8b601247c51deb2aa1753","userRole":"admin","companyId":"69f8b601247c51deb2aa1751","userCompanyId":"69f8b601247c51deb2aa1751"}
[2026-07-29T07:28:35.392Z] INFO: [CALL AUTOMATION] getEligibleSims result {"totalSims":18,"callers":3,"potentialTargets":18,"callerNumbers":["+918805753927","+918805770897","+919637979102"]}
[2026-07-29T07:29:19.942Z] INFO: [CALL AUTOMATION CONTROLLER] saveConfig request: {"userId":"69f8b601247c51deb2aa1753","userRole":"admin","userCompanyId":"69f8b601247c51deb2aa1751","mappingsCount":1,"targetCallerMappings":[{"targetSimId":"6a69a547702aa7e92f0e8dcf","callerSimIds":["6a69a4af702aa7e92f0e8cc5"],"callDuration":10}],"frequency":"daily","callDuration":10,"scheduledTime":"13:00","scheduledDay":"monday","isActive":true}
[2026-07-29T07:29:20.249Z] INFO: [CALL AUTOMATION] saveConfig called {"userId":"69f8b601247c51deb2aa1753","userRole":"admin","companyId":"69f8b601247c51deb2aa1751","companyIdType":"object","userCompanyId":"69f8b601247c51deb2aa1751","mappingsCount":1}
[2026-07-29T07:29:20.487Z] INFO: [CALL AUTOMATION] saveConfig called with: {"companyId":"69f8b601247c51deb2aa1751","isNewFormat":true,"frequency":"daily","scheduledTime":"13:00","scheduledDay":"monday","callDuration":10,"isActive":true,"existingConfig":"6a69aba1702aa7e92f0e8f05"}
[2026-07-29T07:29:20.684Z] INFO: [CALL AUTOMATION] Config saved successfully: {"configId":"6a69aba1702aa7e92f0e8f05","companyId":"69f8b601247c51deb2aa1751","isNew":"update","mappingsCount":1,"mappings":[{"targetSimId":"6a69a547702aa7e92f0e8dcf","callerSimIds":["6a69a4af702aa7e92f0e8cc5"],"callDuration":10}],"frequency":"daily","scheduledTime":"13:00","isActive":true}
[2026-07-29T07:29:20.853Z] INFO: [CALL AUTOMATION] populateConfig: Mappings after population {"configId":"6a69aba1702aa7e92f0e8f05","mappingsCount":1,"mappings":[{"targetSimId":"6a69a547702aa7e92f0e8dcf","targetMobileNumber":"+919665522166","callerCount":1,"callerIds":["6a69a4af702aa7e92f0e8cc5"],"callDuration":10}]}
[2026-07-29T07:29:20.924Z] INFO: Audit log created: CALL_AUTOMATION.CALL_AUTOMATION_CONFIG_SAVE {"logId":"6a69abd0702aa7e92f0e8f2e","performedBy":"69f8b601247c51deb2aa1753","companyId":"69f8b601247c51deb2aa1751"}
[2026-07-29T07:29:21.268Z] INFO: [CALL AUTOMATION CONTROLLER] getConfig request: {"userId":"69f8b601247c51deb2aa1753","userRole":"admin","userCompanyId":"69f8b601247c51deb2aa1751","reqCompanyId":"69f8b601247c51deb2aa1751","queryCompanyId":"not provided","resolvedCompanyId":"69f8b601247c51deb2aa1751"}
[2026-07-29T07:29:21.269Z] INFO: [CALL AUTOMATION] getConfig called {"userId":"69f8b601247c51deb2aa1753","userRole":"admin","targetCompanyId":"69f8b601247c51deb2aa1751","targetCompanyIdType":"object","userCompanyId":"69f8b601247c51deb2aa1751","paramCompanyId":"69f8b601247c51deb2aa1751"}
[2026-07-29T07:29:21.503Z] INFO: [CALL AUTOMATION] populateConfig: Mappings after population {"configId":"6a69aba1702aa7e92f0e8f05","mappingsCount":1,"mappings":[{"targetSimId":"6a69a547702aa7e92f0e8dcf","targetMobileNumber":"+919665522166","callerCount":1,"callerIds":["6a69a4af702aa7e92f0e8cc5"],"callDuration":10}]}
[2026-07-29T07:29:21.504Z] INFO: [CALL AUTOMATION] getConfig returning: {"configId":"6a69aba1702aa7e92f0e8f05","companyId":"69f8b601247c51deb2aa1751","mappingsCount":1,"frequency":"daily","scheduledTime":"13:00","isActive":true}
[2026-07-29T07:29:21.505Z] INFO: [CALL AUTOMATION CONTROLLER] getConfig response: {"configFound":true,"configId":"6a69aba1702aa7e92f0e8f05","companyId":"69f8b601247c51deb2aa1751","mappingsCount":1}
[2026-07-29T07:29:23.090Z] INFO: [CALL AUTOMATION] getEligibleSims called {"userId":"69f8b601247c51deb2aa1753","userRole":"admin","companyId":"69f8b601247c51deb2aa1751","userCompanyId":"69f8b601247c51deb2aa1751"}
[2026-07-29T07:29:23.867Z] INFO: [CALL AUTOMATION] getEligibleSims result {"totalSims":18,"callers":3,"potentialTargets":18,"callerNumbers":["+918805753927","+918805770897","+919637979102"]}
[2026-07-29T07:30:00.134Z] INFO: Starting WhatsApp inactive check job
[2026-07-29T07:30:00.135Z] INFO: [WhatsApp Cron] Processing inactive messages...
[2026-07-29T07:30:00.139Z] INFO: Starting Telegram inactive check job
[2026-07-29T07:30:00.140Z] INFO: [Telegram Cron] Processing inactive messages...
[2026-07-29T07:30:00.145Z] INFO: Starting WiFi alert check job
[2026-07-29T07:30:00.222Z] INFO: [WhatsApp Cron] Processed 0 messages, updated 0 SIMs
[2026-07-29T07:30:00.223Z] INFO: WhatsApp inactive check completed: 0 messages processed, 0 SIMs marked inactive
[2026-07-29T07:30:00.224Z] INFO: [Telegram Cron] Processed 0 messages, updated 0 SIMs
[2026-07-29T07:30:00.225Z] INFO: Telegram inactive check completed: 0 messages processed, 0 SIMs marked inactive
[2026-07-29T07:30:02.201Z] INFO: [WIFI ALERT] All checks completed {"checked":0,"skipped":3,"alertsCreated":0,"alertsUpdated":0,"alertsResolved":0,"emailsSent":0,"emailErrors":[],"errors":[],"offlineAlertsCreated":0,"wifiOffAlertsCreated":0,"disconnectedAlertsCreated":0,"notificationsCreated":0}
[2026-07-29T07:30:02.479Z] INFO: WiFi alert check job completed
[2026-07-29T07:30:21.811Z] INFO: [CALL AUTOMATION CONTROLLER] getConfig request: {"userId":"69f8b601247c51deb2aa1753","userRole":"admin","userCompanyId":"69f8b601247c51deb2aa1751","reqCompanyId":"69f8b601247c51deb2aa1751","queryCompanyId":"not provided","resolvedCompanyId":"69f8b601247c51deb2aa1751"}
[2026-07-29T07:30:21.812Z] INFO: [CALL AUTOMATION] getConfig called {"userId":"69f8b601247c51deb2aa1753","userRole":"admin","targetCompanyId":"69f8b601247c51deb2aa1751","targetCompanyIdType":"object","userCompanyId":"69f8b601247c51deb2aa1751","paramCompanyId":"69f8b601247c51deb2aa1751"}
[2026-07-29T07:30:21.889Z] INFO: [CALL AUTOMATION] getEligibleSims called {"userId":"69f8b601247c51deb2aa1753","userRole":"admin","companyId":"69f8b601247c51deb2aa1751","userCompanyId":"69f8b601247c51deb2aa1751"}
[2026-07-29T07:30:22.073Z] INFO: [CALL AUTOMATION] getEligibleSims result {"totalSims":18,"callers":3,"potentialTargets":18,"callerNumbers":["+918805753927","+918805770897","+919637979102"]}
[2026-07-29T07:30:22.079Z] INFO: [CALL AUTOMATION] populateConfig: Mappings after population {"configId":"6a69aba1702aa7e92f0e8f05","mappingsCount":1,"mappings":[{"targetSimId":"6a69a547702aa7e92f0e8dcf","targetMobileNumber":"+919665522166","callerCount":1,"callerIds":["6a69a4af702aa7e92f0e8cc5"],"callDuration":10}]}
[2026-07-29T07:30:22.082Z] INFO: [CALL AUTOMATION] getConfig returning: {"configId":"6a69aba1702aa7e92f0e8f05","companyId":"69f8b601247c51deb2aa1751","mappingsCount":1,"frequency":"daily","scheduledTime":"13:00","isActive":true}
[2026-07-29T07:30:22.083Z] INFO: [CALL AUTOMATION CONTROLLER] getConfig response: {"configFound":true,"configId":"6a69aba1702aa7e92f0e8f05","companyId":"69f8b601247c51deb2aa1751","mappingsCount":1}
[2026-07-29T07:30:22.404Z] INFO: [CALL AUTOMATION] getEligibleSims called {"userId":"69f8b601247c51deb2aa1753","userRole":"admin","companyId":"69f8b601247c51deb2aa1751","userCompanyId":"69f8b601247c51deb2aa1751"}
[2026-07-29T07:30:22.408Z] INFO: [CALL AUTOMATION CONTROLLER] getConfig request: {"userId":"69f8b601247c51deb2aa1753","userRole":"admin","userCompanyId":"69f8b601247c51deb2aa1751","reqCompanyId":"69f8b601247c51deb2aa1751","queryCompanyId":"not provided","resolvedCompanyId":"69f8b601247c51deb2aa1751"}
[2026-07-29T07:30:22.408Z] INFO: [CALL AUTOMATION] getConfig called {"userId":"69f8b601247c51deb2aa1753","userRole":"admin","targetCompanyId":"69f8b601247c51deb2aa1751","targetCompanyIdType":"object","userCompanyId":"69f8b601247c51deb2aa1751","paramCompanyId":"69f8b601247c51deb2aa1751"}
[2026-07-29T07:30:22.657Z] INFO: [CALL AUTOMATION] getEligibleSims result {"totalSims":18,"callers":3,"potentialTargets":18,"callerNumbers":["+918805753927","+918805770897","+919637979102"]}
[2026-07-29T07:30:22.809Z] INFO: [CALL AUTOMATION] populateConfig: Mappings after population {"configId":"6a69aba1702aa7e92f0e8f05","mappingsCount":1,"mappings":[{"targetSimId":"6a69a547702aa7e92f0e8dcf","targetMobileNumber":"+919665522166","callerCount":1,"callerIds":["6a69a4af702aa7e92f0e8cc5"],"callDuration":10}]}
[2026-07-29T07:30:22.810Z] INFO: [CALL AUTOMATION] getConfig returning: {"configId":"6a69aba1702aa7e92f0e8f05","companyId":"69f8b601247c51deb2aa1751","mappingsCount":1,"frequency":"daily","scheduledTime":"13:00","isActive":true}
[2026-07-29T07:30:22.811Z] INFO: [CALL AUTOMATION CONTROLLER] getConfig response: {"configFound":true,"configId":"6a69aba1702aa7e92f0e8f05","companyId":"69f8b601247c51deb2aa1751","mappingsCount":1}
[2026-07-29T07:30:46.318Z] INFO: [CALL AUTOMATION CONTROLLER] saveConfig request: {"userId":"69f8b601247c51deb2aa1753","userRole":"admin","userCompanyId":"69f8b601247c51deb2aa1751","mappingsCount":1,"targetCallerMappings":[{"targetSimId":"6a69a547702aa7e92f0e8dcf","callerSimIds":["6a69a4af702aa7e92f0e8cc5"],"callDuration":10}],"frequency":"daily","callDuration":10,"scheduledTime":"13:02","scheduledDay":"monday","isActive":true}
[2026-07-29T07:30:46.321Z] INFO: [CALL AUTOMATION] saveConfig called {"userId":"69f8b601247c51deb2aa1753","userRole":"admin","companyId":"69f8b601247c51deb2aa1751","companyIdType":"object","userCompanyId":"69f8b601247c51deb2aa1751","mappingsCount":1}
[2026-07-29T07:30:46.451Z] INFO: [CALL AUTOMATION] saveConfig called with: {"companyId":"69f8b601247c51deb2aa1751","isNewFormat":true,"frequency":"daily","scheduledTime":"13:02","scheduledDay":"monday","callDuration":10,"isActive":true,"existingConfig":"6a69aba1702aa7e92f0e8f05"}
[2026-07-29T07:30:46.538Z] INFO: [CALL AUTOMATION] Config saved successfully: {"configId":"6a69aba1702aa7e92f0e8f05","companyId":"69f8b601247c51deb2aa1751","isNew":"update","mappingsCount":1,"mappings":[{"targetSimId":"6a69a547702aa7e92f0e8dcf","callerSimIds":["6a69a4af702aa7e92f0e8cc5"],"callDuration":10}],"frequency":"daily","scheduledTime":"13:02","isActive":true}
[2026-07-29T07:30:46.681Z] INFO: [CALL AUTOMATION] populateConfig: Mappings after population {"configId":"6a69aba1702aa7e92f0e8f05","mappingsCount":1,"mappings":[{"targetSimId":"6a69a547702aa7e92f0e8dcf","targetMobileNumber":"+919665522166","callerCount":1,"callerIds":["6a69a4af702aa7e92f0e8cc5"],"callDuration":10}]}
[2026-07-29T07:30:46.759Z] INFO: Audit log created: CALL_AUTOMATION.CALL_AUTOMATION_CONFIG_SAVE {"logId":"6a69ac26702aa7e92f0e8ff4","performedBy":"69f8b601247c51deb2aa1753","companyId":"69f8b601247c51deb2aa1751"}
[2026-07-29T07:30:47.234Z] INFO: [CALL AUTOMATION CONTROLLER] getConfig request: {"userId":"69f8b601247c51deb2aa1753","userRole":"admin","userCompanyId":"69f8b601247c51deb2aa1751","reqCompanyId":"69f8b601247c51deb2aa1751","queryCompanyId":"not provided","resolvedCompanyId":"69f8b601247c51deb2aa1751"}
[2026-07-29T07:30:47.235Z] INFO: [CALL AUTOMATION] getConfig called {"userId":"69f8b601247c51deb2aa1753","userRole":"admin","targetCompanyId":"69f8b601247c51deb2aa1751","targetCompanyIdType":"object","userCompanyId":"69f8b601247c51deb2aa1751","paramCompanyId":"69f8b601247c51deb2aa1751"}
[2026-07-29T07:30:47.239Z] INFO: [CALL AUTOMATION] getEligibleSims called {"userId":"69f8b601247c51deb2aa1753","userRole":"admin","companyId":"69f8b601247c51deb2aa1751","userCompanyId":"69f8b601247c51deb2aa1751"}
[2026-07-29T07:30:47.374Z] INFO: [CALL AUTOMATION] getEligibleSims result {"totalSims":18,"callers":3,"potentialTargets":18,"callerNumbers":["+918805753927","+918805770897","+919637979102"]}
[2026-07-29T07:30:47.504Z] INFO: [CALL AUTOMATION] populateConfig: Mappings after population {"configId":"6a69aba1702aa7e92f0e8f05","mappingsCount":1,"mappings":[{"targetSimId":"6a69a547702aa7e92f0e8dcf","targetMobileNumber":"+919665522166","callerCount":1,"callerIds":["6a69a4af702aa7e92f0e8cc5"],"callDuration":10}]}
[2026-07-29T07:30:47.506Z] INFO: [CALL AUTOMATION] getConfig returning: {"configId":"6a69aba1702aa7e92f0e8f05","companyId":"69f8b601247c51deb2aa1751","mappingsCount":1,"frequency":"daily","scheduledTime":"13:02","isActive":true}
[2026-07-29T07:30:47.507Z] INFO: [CALL AUTOMATION CONTROLLER] getConfig response: {"configFound":true,"configId":"6a69aba1702aa7e92f0e8f05","companyId":"69f8b601247c51deb2aa1751","mappingsCount":1}
[2026-07-29T07:32:19.536Z] INFO: [CALL AUTOMATION CONTROLLER] saveConfig request: {"userId":"69f8b601247c51deb2aa1753","userRole":"admin","userCompanyId":"69f8b601247c51deb2aa1751","mappingsCount":1,"targetCallerMappings":[{"targetSimId":"6a69a547702aa7e92f0e8dcf","callerSimIds":["6a69a4af702aa7e92f0e8cc5"],"callDuration":10}],"frequency":"daily","callDuration":10,"scheduledTime":"13:03","scheduledDay":"monday","isActive":true}
[2026-07-29T07:32:19.537Z] INFO: [CALL AUTOMATION] saveConfig called {"userId":"69f8b601247c51deb2aa1753","userRole":"admin","companyId":"69f8b601247c51deb2aa1751","companyIdType":"object","userCompanyId":"69f8b601247c51deb2aa1751","mappingsCount":1}
[2026-07-29T07:32:19.733Z] INFO: [CALL AUTOMATION] saveConfig called with: {"companyId":"69f8b601247c51deb2aa1751","isNewFormat":true,"frequency":"daily","scheduledTime":"13:03","scheduledDay":"monday","callDuration":10,"isActive":true,"existingConfig":"6a69aba1702aa7e92f0e8f05"}
[2026-07-29T07:32:19.825Z] INFO: [CALL AUTOMATION] Config saved successfully: {"configId":"6a69aba1702aa7e92f0e8f05","companyId":"69f8b601247c51deb2aa1751","isNew":"update","mappingsCount":1,"mappings":[{"targetSimId":"6a69a547702aa7e92f0e8dcf","callerSimIds":["6a69a4af702aa7e92f0e8cc5"],"callDuration":10}],"frequency":"daily","scheduledTime":"13:03","isActive":true}
[2026-07-29T07:32:20.017Z] INFO: [CALL AUTOMATION] populateConfig: Mappings after population {"configId":"6a69aba1702aa7e92f0e8f05","mappingsCount":1,"mappings":[{"targetSimId":"6a69a547702aa7e92f0e8dcf","targetMobileNumber":"+919665522166","callerCount":1,"callerIds":["6a69a4af702aa7e92f0e8cc5"],"callDuration":10}]}
[2026-07-29T07:32:20.108Z] INFO: Audit log created: CALL_AUTOMATION.CALL_AUTOMATION_CONFIG_SAVE {"logId":"6a69ac84702aa7e92f0e9023","performedBy":"69f8b601247c51deb2aa1753","companyId":"69f8b601247c51deb2aa1751"}
[2026-07-29T07:32:20.586Z] INFO: [CALL AUTOMATION CONTROLLER] getConfig request: {"userId":"69f8b601247c51deb2aa1753","userRole":"admin","userCompanyId":"69f8b601247c51deb2aa1751","reqCompanyId":"69f8b601247c51deb2aa1751","queryCompanyId":"not provided","resolvedCompanyId":"69f8b601247c51deb2aa1751"}
[2026-07-29T07:32:20.587Z] INFO: [CALL AUTOMATION] getConfig called {"userId":"69f8b601247c51deb2aa1753","userRole":"admin","targetCompanyId":"69f8b601247c51deb2aa1751","targetCompanyIdType":"object","userCompanyId":"69f8b601247c51deb2aa1751","paramCompanyId":"69f8b601247c51deb2aa1751"}
[2026-07-29T07:32:20.590Z] INFO: [CALL AUTOMATION] getEligibleSims called {"userId":"69f8b601247c51deb2aa1753","userRole":"admin","companyId":"69f8b601247c51deb2aa1751","userCompanyId":"69f8b601247c51deb2aa1751"}
[2026-07-29T07:32:20.757Z] INFO: [CALL AUTOMATION] getEligibleSims result {"totalSims":18,"callers":3,"potentialTargets":18,"callerNumbers":["+918805753927","+918805770897","+919637979102"]}
[2026-07-29T07:32:20.866Z] INFO: [CALL AUTOMATION] populateConfig: Mappings after population {"configId":"6a69aba1702aa7e92f0e8f05","mappingsCount":1,"mappings":[{"targetSimId":"6a69a547702aa7e92f0e8dcf","targetMobileNumber":"+919665522166","callerCount":1,"callerIds":["6a69a4af702aa7e92f0e8cc5"],"callDuration":10}]}
[2026-07-29T07:32:20.868Z] INFO: [CALL AUTOMATION] getConfig returning: {"configId":"6a69aba1702aa7e92f0e8f05","companyId":"69f8b601247c51deb2aa1751","mappingsCount":1,"frequency":"daily","scheduledTime":"13:03","isActive":true}
[2026-07-29T07:32:20.869Z] INFO: [CALL AUTOMATION CONTROLLER] getConfig response: {"configFound":true,"configId":"6a69aba1702aa7e92f0e8f05","companyId":"69f8b601247c51deb2aa1751","mappingsCount":1}
[2026-07-29T07:33:53.747Z] INFO: [CALL AUTOMATION CONTROLLER] saveConfig request: {"userId":"69f8b601247c51deb2aa1753","userRole":"admin","userCompanyId":"69f8b601247c51deb2aa1751","mappingsCount":1,"targetCallerMappings":[{"targetSimId":"6a69a547702aa7e92f0e8dcf","callerSimIds":["6a69a4af702aa7e92f0e8cc5"],"callDuration":10}],"frequency":"daily","callDuration":10,"scheduledTime":"13:06","scheduledDay":"monday","isActive":true}
[2026-07-29T07:33:53.749Z] INFO: [CALL AUTOMATION] saveConfig called {"userId":"69f8b601247c51deb2aa1753","userRole":"admin","companyId":"69f8b601247c51deb2aa1751","companyIdType":"object","userCompanyId":"69f8b601247c51deb2aa1751","mappingsCount":1}
[2026-07-29T07:33:53.963Z] INFO: [CALL AUTOMATION] saveConfig called with: {"companyId":"69f8b601247c51deb2aa1751","isNewFormat":true,"frequency":"daily","scheduledTime":"13:06","scheduledDay":"monday","callDuration":10,"isActive":true,"existingConfig":"6a69aba1702aa7e92f0e8f05"}
[2026-07-29T07:33:54.035Z] INFO: [CALL AUTOMATION] Config saved successfully: {"configId":"6a69aba1702aa7e92f0e8f05","companyId":"69f8b601247c51deb2aa1751","isNew":"update","mappingsCount":1,"mappings":[{"targetSimId":"6a69a547702aa7e92f0e8dcf","callerSimIds":["6a69a4af702aa7e92f0e8cc5"],"callDuration":10}],"frequency":"daily","scheduledTime":"13:06","isActive":true}
[2026-07-29T07:33:54.178Z] INFO: [CALL AUTOMATION] populateConfig: Mappings after population {"configId":"6a69aba1702aa7e92f0e8f05","mappingsCount":1,"mappings":[{"targetSimId":"6a69a547702aa7e92f0e8dcf","targetMobileNumber":"+919665522166","callerCount":1,"callerIds":["6a69a4af702aa7e92f0e8cc5"],"callDuration":10}]}
[2026-07-29T07:33:54.248Z] INFO: Audit log created: CALL_AUTOMATION.CALL_AUTOMATION_CONFIG_SAVE {"logId":"6a69ace2702aa7e92f0e9053","performedBy":"69f8b601247c51deb2aa1753","companyId":"69f8b601247c51deb2aa1751"}
[2026-07-29T07:33:54.615Z] INFO: [CALL AUTOMATION CONTROLLER] getConfig request: {"userId":"69f8b601247c51deb2aa1753","userRole":"admin","userCompanyId":"69f8b601247c51deb2aa1751","reqCompanyId":"69f8b601247c51deb2aa1751","queryCompanyId":"not provided","resolvedCompanyId":"69f8b601247c51deb2aa1751"}
[2026-07-29T07:33:54.616Z] INFO: [CALL AUTOMATION] getConfig called {"userId":"69f8b601247c51deb2aa1753","userRole":"admin","targetCompanyId":"69f8b601247c51deb2aa1751","targetCompanyIdType":"object","userCompanyId":"69f8b601247c51deb2aa1751","paramCompanyId":"69f8b601247c51deb2aa1751"}
[2026-07-29T07:33:54.621Z] INFO: [CALL AUTOMATION] getEligibleSims called {"userId":"69f8b601247c51deb2aa1753","userRole":"admin","companyId":"69f8b601247c51deb2aa1751","userCompanyId":"69f8b601247c51deb2aa1751"}
[2026-07-29T07:33:54.785Z] INFO: [CALL AUTOMATION] getEligibleSims result {"totalSims":18,"callers":3,"potentialTargets":18,"callerNumbers":["+918805753927","+918805770897","+919637979102"]}
[2026-07-29T07:33:54.847Z] INFO: [CALL AUTOMATION] populateConfig: Mappings after population {"configId":"6a69aba1702aa7e92f0e8f05","mappingsCount":1,"mappings":[{"targetSimId":"6a69a547702aa7e92f0e8dcf","targetMobileNumber":"+919665522166","callerCount":1,"callerIds":["6a69a4af702aa7e92f0e8cc5"],"callDuration":10}]}
[2026-07-29T07:33:54.849Z] INFO: [CALL AUTOMATION] getConfig returning: {"configId":"6a69aba1702aa7e92f0e8f05","companyId":"69f8b601247c51deb2aa1751","mappingsCount":1,"frequency":"daily","scheduledTime":"13:06","isActive":true}
[2026-07-29T07:33:54.850Z] INFO: [CALL AUTOMATION CONTROLLER] getConfig response: {"configFound":true,"configId":"6a69aba1702aa7e92f0e8f05","companyId":"69f8b601247c51deb2aa1751","mappingsCount":1}
[2026-07-29T07:35:00.972Z] INFO: Starting WhatsApp inactive check job
[2026-07-29T07:35:00.973Z] INFO: [WhatsApp Cron] Processing inactive messages...
[2026-07-29T07:35:00.975Z] INFO: Starting Telegram inactive check job
[2026-07-29T07:35:00.975Z] INFO: [Telegram Cron] Processing inactive messages...
[2026-07-29T07:35:01.043Z] INFO: [WhatsApp Cron] Processed 0 messages, updated 0 SIMs
[2026-07-29T07:35:01.044Z] INFO: WhatsApp inactive check completed: 0 messages processed, 0 SIMs marked inactive
[2026-07-29T07:35:01.049Z] INFO: [Telegram Cron] Processed 0 messages, updated 0 SIMs
[2026-07-29T07:35:01.050Z] INFO: Telegram inactive check completed: 0 messages processed, 0 SIMs marked inactive
[2026-07-29T07:37:53.478Z] INFO: [CALL AUTOMATION CONTROLLER] getConfig request: {"userId":"69f8b601247c51deb2aa1753","userRole":"admin","userCompanyId":"69f8b601247c51deb2aa1751","reqCompanyId":"69f8b601247c51deb2aa1751","queryCompanyId":"not provided","resolvedCompanyId":"69f8b601247c51deb2aa1751"}
[2026-07-29T07:37:53.479Z] INFO: [CALL AUTOMATION] getConfig called {"userId":"69f8b601247c51deb2aa1753","userRole":"admin","targetCompanyId":"69f8b601247c51deb2aa1751","targetCompanyIdType":"object","userCompanyId":"69f8b601247c51deb2aa1751","paramCompanyId":"69f8b601247c51deb2aa1751"}
[2026-07-29T07:37:53.485Z] INFO: [CALL AUTOMATION] getEligibleSims called {"userId":"69f8b601247c51deb2aa1753","userRole":"admin","companyId":"69f8b601247c51deb2aa1751","userCompanyId":"69f8b601247c51deb2aa1751"}
[2026-07-29T07:37:53.620Z] INFO: [CALL AUTOMATION] getEligibleSims result {"totalSims":18,"callers":3,"potentialTargets":18,"callerNumbers":["+918805753927","+918805770897","+919637979102"]}
[2026-07-29T07:37:53.689Z] INFO: [CALL AUTOMATION] populateConfig: Mappings after population {"configId":"6a69aba1702aa7e92f0e8f05","mappingsCount":1,"mappings":[{"targetSimId":"6a69a547702aa7e92f0e8dcf","targetMobileNumber":"+919665522166","callerCount":1,"callerIds":["6a69a4af702aa7e92f0e8cc5"],"callDuration":10}]}
[2026-07-29T07:37:54.088Z] INFO: [CALL AUTOMATION] getConfig returning: {"configId":"6a69aba1702aa7e92f0e8f05","companyId":"69f8b601247c51deb2aa1751","mappingsCount":1,"frequency":"daily","scheduledTime":"13:06","isActive":true}
[2026-07-29T07:37:54.089Z] INFO: [CALL AUTOMATION CONTROLLER] getConfig response: {"configFound":true,"configId":"6a69aba1702aa7e92f0e8f05","companyId":"69f8b601247c51deb2aa1751","mappingsCount":1}
[2026-07-29T07:37:54.281Z] INFO: [CALL AUTOMATION] getEligibleSims called {"userId":"69f8b601247c51deb2aa1753","userRole":"admin","companyId":"69f8b601247c51deb2aa1751","userCompanyId":"69f8b601247c51deb2aa1751"}
[2026-07-29T07:37:54.365Z] INFO: [CALL AUTOMATION CONTROLLER] getConfig request: {"userId":"69f8b601247c51deb2aa1753","userRole":"admin","userCompanyId":"69f8b601247c51deb2aa1751","reqCompanyId":"69f8b601247c51deb2aa1751","queryCompanyId":"not provided","resolvedCompanyId":"69f8b601247c51deb2aa1751"}
[2026-07-29T07:37:54.366Z] INFO: [CALL AUTOMATION] getConfig called {"userId":"69f8b601247c51deb2aa1753","userRole":"admin","targetCompanyId":"69f8b601247c51deb2aa1751","targetCompanyIdType":"object","userCompanyId":"69f8b601247c51deb2aa1751","paramCompanyId":"69f8b601247c51deb2aa1751"}
[2026-07-29T07:37:54.416Z] INFO: [CALL AUTOMATION] getEligibleSims result {"totalSims":18,"callers":3,"potentialTargets":18,"callerNumbers":["+918805753927","+918805770897","+919637979102"]}
[2026-07-29T07:37:54.585Z] INFO: [CALL AUTOMATION] populateConfig: Mappings after population {"configId":"6a69aba1702aa7e92f0e8f05","mappingsCount":1,"mappings":[{"targetSimId":"6a69a547702aa7e92f0e8dcf","targetMobileNumber":"+919665522166","callerCount":1,"callerIds":["6a69a4af702aa7e92f0e8cc5"],"callDuration":10}]}
[2026-07-29T07:37:54.586Z] INFO: [CALL AUTOMATION] getConfig returning: {"configId":"6a69aba1702aa7e92f0e8f05","companyId":"69f8b601247c51deb2aa1751","mappingsCount":1,"frequency":"daily","scheduledTime":"13:06","isActive":true}
[2026-07-29T07:37:54.588Z] INFO: [CALL AUTOMATION CONTROLLER] getConfig response: {"configFound":true,"configId":"6a69aba1702aa7e92f0e8f05","companyId":"69f8b601247c51deb2aa1751","mappingsCount":1}
[2026-07-29T07:38:24.887Z] INFO: [CALL AUTOMATION CONTROLLER] saveConfig request: {"userId":"69f8b601247c51deb2aa1753","userRole":"admin","userCompanyId":"69f8b601247c51deb2aa1751","mappingsCount":1,"targetCallerMappings":[{"targetSimId":"6a69a547702aa7e92f0e8dcf","callerSimIds":["6a69a4af702aa7e92f0e8cc5"],"callDuration":10}],"frequency":"daily","callDuration":10,"scheduledTime":"13:10","scheduledDay":"monday","isActive":true}
[2026-07-29T07:38:24.887Z] INFO: [CALL AUTOMATION] saveConfig called {"userId":"69f8b601247c51deb2aa1753","userRole":"admin","companyId":"69f8b601247c51deb2aa1751","companyIdType":"object","userCompanyId":"69f8b601247c51deb2aa1751","mappingsCount":1}
[2026-07-29T07:38:25.014Z] INFO: [CALL AUTOMATION] saveConfig called with: {"companyId":"69f8b601247c51deb2aa1751","isNewFormat":true,"frequency":"daily","scheduledTime":"13:10","scheduledDay":"monday","callDuration":10,"isActive":true,"existingConfig":"6a69aba1702aa7e92f0e8f05"}
[2026-07-29T07:38:25.110Z] INFO: [CALL AUTOMATION] Config saved successfully: {"configId":"6a69aba1702aa7e92f0e8f05","companyId":"69f8b601247c51deb2aa1751","isNew":"update","mappingsCount":1,"mappings":[{"targetSimId":"6a69a547702aa7e92f0e8dcf","callerSimIds":["6a69a4af702aa7e92f0e8cc5"],"callDuration":10}],"frequency":"daily","scheduledTime":"13:10","isActive":true}
[2026-07-29T07:38:25.261Z] INFO: [CALL AUTOMATION] populateConfig: Mappings after population {"configId":"6a69aba1702aa7e92f0e8f05","mappingsCount":1,"mappings":[{"targetSimId":"6a69a547702aa7e92f0e8dcf","targetMobileNumber":"+919665522166","callerCount":1,"callerIds":["6a69a4af702aa7e92f0e8cc5"],"callDuration":10}]}
[2026-07-29T07:38:25.336Z] INFO: Audit log created: CALL_AUTOMATION.CALL_AUTOMATION_CONFIG_SAVE {"logId":"6a69adf1702aa7e92f0e92af","performedBy":"69f8b601247c51deb2aa1753","companyId":"69f8b601247c51deb2aa1751"}
[2026-07-29T07:38:25.777Z] INFO: [CALL AUTOMATION] getEligibleSims called {"userId":"69f8b601247c51deb2aa1753","userRole":"admin","companyId":"69f8b601247c51deb2aa1751","userCompanyId":"69f8b601247c51deb2aa1751"}
[2026-07-29T07:38:25.784Z] INFO: [CALL AUTOMATION CONTROLLER] getConfig request: {"userId":"69f8b601247c51deb2aa1753","userRole":"admin","userCompanyId":"69f8b601247c51deb2aa1751","reqCompanyId":"69f8b601247c51deb2aa1751","queryCompanyId":"not provided","resolvedCompanyId":"69f8b601247c51deb2aa1751"}
[2026-07-29T07:38:25.785Z] INFO: [CALL AUTOMATION] getConfig called {"userId":"69f8b601247c51deb2aa1753","userRole":"admin","targetCompanyId":"69f8b601247c51deb2aa1751","targetCompanyIdType":"object","userCompanyId":"69f8b601247c51deb2aa1751","paramCompanyId":"69f8b601247c51deb2aa1751"}
[2026-07-29T07:38:25.915Z] INFO: [CALL AUTOMATION] getEligibleSims result {"totalSims":18,"callers":3,"potentialTargets":18,"callerNumbers":["+918805753927","+918805770897","+919637979102"]}
[2026-07-29T07:38:25.992Z] INFO: [CALL AUTOMATION] populateConfig: Mappings after population {"configId":"6a69aba1702aa7e92f0e8f05","mappingsCount":1,"mappings":[{"targetSimId":"6a69a547702aa7e92f0e8dcf","targetMobileNumber":"+919665522166","callerCount":1,"callerIds":["6a69a4af702aa7e92f0e8cc5"],"callDuration":10}]}
[2026-07-29T07:38:25.994Z] INFO: [CALL AUTOMATION] getConfig returning: {"configId":"6a69aba1702aa7e92f0e8f05","companyId":"69f8b601247c51deb2aa1751","mappingsCount":1,"frequency":"daily","scheduledTime":"13:10","isActive":true}
[2026-07-29T07:38:25.995Z] INFO: [CALL AUTOMATION CONTROLLER] getConfig response: {"configFound":true,"configId":"6a69aba1702aa7e92f0e8f05","companyId":"69f8b601247c51deb2aa1751","mappingsCount":1}
[2026-07-29T07:40:00.053Z] INFO: Starting WhatsApp inactive check job
[2026-07-29T07:40:00.054Z] INFO: [WhatsApp Cron] Processing inactive messages...
[2026-07-29T07:40:00.057Z] INFO: Starting Telegram inactive check job
[2026-07-29T07:40:00.058Z] INFO: [Telegram Cron] Processing inactive messages...
[2026-07-29T07:40:00.746Z] INFO: [WhatsApp Cron] Processed 0 messages, updated 0 SIMs
[2026-07-29T07:40:00.748Z] INFO: WhatsApp inactive check completed: 0 messages processed, 0 SIMs marked inactive
[2026-07-29T07:40:00.749Z] INFO: [Telegram Cron] Processed 0 messages, updated 0 SIMs
[2026-07-29T07:40:00.750Z] INFO: Telegram inactive check completed: 0 messages processed, 0 SIMs marked inactive
[2026-07-29T07:44:44.030Z] INFO: [CALL AUTOMATION CONTROLLER] saveConfig request: {"userId":"69f8b601247c51deb2aa1753","userRole":"admin","userCompanyId":"69f8b601247c51deb2aa1751","mappingsCount":1,"targetCallerMappings":[{"targetSimId":"6a69a547702aa7e92f0e8dcf","callerSimIds":["6a69a4af702aa7e92f0e8cc5"],"callDuration":10}],"frequency":"daily","callDuration":10,"scheduledTime":"13:16","scheduledDay":"monday","isActive":true}
[2026-07-29T07:44:44.376Z] INFO: [CALL AUTOMATION] saveConfig called {"userId":"69f8b601247c51deb2aa1753","userRole":"admin","companyId":"69f8b601247c51deb2aa1751","companyIdType":"object","userCompanyId":"69f8b601247c51deb2aa1751","mappingsCount":1}
[2026-07-29T07:44:44.527Z] INFO: [CALL AUTOMATION] saveConfig called with: {"companyId":"69f8b601247c51deb2aa1751","isNewFormat":true,"frequency":"daily","scheduledTime":"13:16","scheduledDay":"monday","callDuration":10,"isActive":true,"existingConfig":"6a69aba1702aa7e92f0e8f05"}
[2026-07-29T07:44:44.592Z] INFO: [CALL AUTOMATION] Config saved successfully: {"configId":"6a69aba1702aa7e92f0e8f05","companyId":"69f8b601247c51deb2aa1751","isNew":"update","mappingsCount":1,"mappings":[{"targetSimId":"6a69a547702aa7e92f0e8dcf","callerSimIds":["6a69a4af702aa7e92f0e8cc5"],"callDuration":10}],"frequency":"daily","scheduledTime":"13:16","isActive":true}
[2026-07-29T07:44:44.746Z] INFO: [CALL AUTOMATION] populateConfig: Mappings after population {"configId":"6a69aba1702aa7e92f0e8f05","mappingsCount":1,"mappings":[{"targetSimId":"6a69a547702aa7e92f0e8dcf","targetMobileNumber":"+919665522166","callerCount":1,"callerIds":["6a69a4af702aa7e92f0e8cc5"],"callDuration":10}]}
[2026-07-29T07:44:44.810Z] INFO: Audit log created: CALL_AUTOMATION.CALL_AUTOMATION_CONFIG_SAVE {"logId":"6a69af6c702aa7e92f0e9317","performedBy":"69f8b601247c51deb2aa1753","companyId":"69f8b601247c51deb2aa1751"}
[2026-07-29T07:44:45.063Z] INFO: [CALL AUTOMATION] getEligibleSims called {"userId":"69f8b601247c51deb2aa1753","userRole":"admin","companyId":"69f8b601247c51deb2aa1751","userCompanyId":"69f8b601247c51deb2aa1751"}
[2026-07-29T07:44:45.077Z] INFO: [CALL AUTOMATION CONTROLLER] getConfig request: {"userId":"69f8b601247c51deb2aa1753","userRole":"admin","userCompanyId":"69f8b601247c51deb2aa1751","reqCompanyId":"69f8b601247c51deb2aa1751","queryCompanyId":"not provided","resolvedCompanyId":"69f8b601247c51deb2aa1751"}
[2026-07-29T07:44:45.078Z] INFO: [CALL AUTOMATION] getConfig called {"userId":"69f8b601247c51deb2aa1753","userRole":"admin","targetCompanyId":"69f8b601247c51deb2aa1751","targetCompanyIdType":"object","userCompanyId":"69f8b601247c51deb2aa1751","paramCompanyId":"69f8b601247c51deb2aa1751"}
[2026-07-29T07:44:45.242Z] INFO: [CALL AUTOMATION] getEligibleSims result {"totalSims":18,"callers":3,"potentialTargets":18,"callerNumbers":["+918805753927","+918805770897","+919637979102"]}
[2026-07-29T07:44:45.300Z] INFO: [CALL AUTOMATION] populateConfig: Mappings after population {"configId":"6a69aba1702aa7e92f0e8f05","mappingsCount":1,"mappings":[{"targetSimId":"6a69a547702aa7e92f0e8dcf","targetMobileNumber":"+919665522166","callerCount":1,"callerIds":["6a69a4af702aa7e92f0e8cc5"],"callDuration":10}]}
[2026-07-29T07:44:45.301Z] INFO: [CALL AUTOMATION] getConfig returning: {"configId":"6a69aba1702aa7e92f0e8f05","companyId":"69f8b601247c51deb2aa1751","mappingsCount":1,"frequency":"daily","scheduledTime":"13:16","isActive":true}
[2026-07-29T07:44:45.302Z] INFO: [CALL AUTOMATION CONTROLLER] getConfig response: {"configFound":true,"configId":"6a69aba1702aa7e92f0e8f05","companyId":"69f8b601247c51deb2aa1751","mappingsCount":1}
[2026-07-29T07:45:00.699Z] INFO: Starting WhatsApp inactive check job
[2026-07-29T07:45:00.700Z] INFO: [WhatsApp Cron] Processing inactive messages...
[2026-07-29T07:45:00.730Z] INFO: Starting Telegram inactive check job
[2026-07-29T07:45:00.731Z] INFO: [Telegram Cron] Processing inactive messages...
[2026-07-29T07:45:00.762Z] INFO: [WhatsApp Cron] Processed 0 messages, updated 0 SIMs
[2026-07-29T07:45:00.763Z] INFO: WhatsApp inactive check completed: 0 messages processed, 0 SIMs marked inactive
[2026-07-29T07:45:00.796Z] INFO: [Telegram Cron] Processed 0 messages, updated 0 SIMs
[2026-07-29T07:45:00.797Z] INFO: Telegram inactive check completed: 0 messages processed, 0 SIMs marked inactive
[2026-07-29T07:46:19.347Z] INFO: [CALL AUTOMATION CONTROLLER] getConfig request: {"userId":"69f8b601247c51deb2aa1753","userRole":"admin","userCompanyId":"69f8b601247c51deb2aa1751","reqCompanyId":"69f8b601247c51deb2aa1751","queryCompanyId":"not provided","resolvedCompanyId":"69f8b601247c51deb2aa1751"}
[2026-07-29T07:46:19.348Z] INFO: [CALL AUTOMATION] getConfig called {"userId":"69f8b601247c51deb2aa1753","userRole":"admin","targetCompanyId":"69f8b601247c51deb2aa1751","targetCompanyIdType":"object","userCompanyId":"69f8b601247c51deb2aa1751","paramCompanyId":"69f8b601247c51deb2aa1751"}
[2026-07-29T07:46:19.390Z] INFO: [CALL AUTOMATION] getEligibleSims called {"userId":"69f8b601247c51deb2aa1753","userRole":"admin","companyId":"69f8b601247c51deb2aa1751","userCompanyId":"69f8b601247c51deb2aa1751"}
[2026-07-29T07:46:19.542Z] INFO: [CALL AUTOMATION] getEligibleSims result {"totalSims":18,"callers":3,"potentialTargets":18,"callerNumbers":["+918805753927","+918805770897","+919637979102"]}
[2026-07-29T07:46:19.589Z] INFO: [CALL AUTOMATION] populateConfig: Mappings after population {"configId":"6a69aba1702aa7e92f0e8f05","mappingsCount":1,"mappings":[{"targetSimId":"6a69a547702aa7e92f0e8dcf","targetMobileNumber":"+919665522166","callerCount":1,"callerIds":["6a69a4af702aa7e92f0e8cc5"],"callDuration":10}]}
[2026-07-29T07:46:19.591Z] INFO: [CALL AUTOMATION] getConfig returning: {"configId":"6a69aba1702aa7e92f0e8f05","companyId":"69f8b601247c51deb2aa1751","mappingsCount":1,"frequency":"daily","scheduledTime":"13:16","isActive":true}
[2026-07-29T07:46:19.593Z] INFO: [CALL AUTOMATION CONTROLLER] getConfig response: {"configFound":true,"configId":"6a69aba1702aa7e92f0e8f05","companyId":"69f8b601247c51deb2aa1751","mappingsCount":1}
[2026-07-29T07:46:19.856Z] INFO: [CALL AUTOMATION CONTROLLER] getConfig request: {"userId":"69f8b601247c51deb2aa1753","userRole":"admin","userCompanyId":"69f8b601247c51deb2aa1751","reqCompanyId":"69f8b601247c51deb2aa1751","queryCompanyId":"not provided","resolvedCompanyId":"69f8b601247c51deb2aa1751"}
[2026-07-29T07:46:19.858Z] INFO: [CALL AUTOMATION] getConfig called {"userId":"69f8b601247c51deb2aa1753","userRole":"admin","targetCompanyId":"69f8b601247c51deb2aa1751","targetCompanyIdType":"object","userCompanyId":"69f8b601247c51deb2aa1751","paramCompanyId":"69f8b601247c51deb2aa1751"}
[2026-07-29T07:46:19.865Z] INFO: [CALL AUTOMATION] getEligibleSims called {"userId":"69f8b601247c51deb2aa1753","userRole":"admin","companyId":"69f8b601247c51deb2aa1751","userCompanyId":"69f8b601247c51deb2aa1751"}
[2026-07-29T07:46:20.007Z] INFO: [CALL AUTOMATION] getEligibleSims result {"totalSims":18,"callers":3,"potentialTargets":18,"callerNumbers":["+918805753927","+918805770897","+919637979102"]}
[2026-07-29T07:46:20.053Z] INFO: [CALL AUTOMATION] populateConfig: Mappings after population {"configId":"6a69aba1702aa7e92f0e8f05","mappingsCount":1,"mappings":[{"targetSimId":"6a69a547702aa7e92f0e8dcf","targetMobileNumber":"+919665522166","callerCount":1,"callerIds":["6a69a4af702aa7e92f0e8cc5"],"callDuration":10}]}
[2026-07-29T07:46:20.056Z] INFO: [CALL AUTOMATION] getConfig returning: {"configId":"6a69aba1702aa7e92f0e8f05","companyId":"69f8b601247c51deb2aa1751","mappingsCount":1,"frequency":"daily","scheduledTime":"13:16","isActive":true}
[2026-07-29T07:46:20.057Z] INFO: [CALL AUTOMATION CONTROLLER] getConfig response: {"configFound":true,"configId":"6a69aba1702aa7e92f0e8f05","companyId":"69f8b601247c51deb2aa1751","mappingsCount":1}
[2026-07-29T07:46:53.172Z] INFO: [CALL AUTOMATION] getEligibleSims called {"userId":"69f8b601247c51deb2aa1753","userRole":"admin","companyId":"69f8b601247c51deb2aa1751","userCompanyId":"69f8b601247c51deb2aa1751"}
[2026-07-29T07:46:53.222Z] INFO: [CALL AUTOMATION CONTROLLER] getConfig request: {"userId":"69f8b601247c51deb2aa1753","userRole":"admin","userCompanyId":"69f8b601247c51deb2aa1751","reqCompanyId":"69f8b601247c51deb2aa1751","queryCompanyId":"not provided","resolvedCompanyId":"69f8b601247c51deb2aa1751"}
[2026-07-29T07:46:53.223Z] INFO: [CALL AUTOMATION] getConfig called {"userId":"69f8b601247c51deb2aa1753","userRole":"admin","targetCompanyId":"69f8b601247c51deb2aa1751","targetCompanyIdType":"object","userCompanyId":"69f8b601247c51deb2aa1751","paramCompanyId":"69f8b601247c51deb2aa1751"}
[2026-07-29T07:46:53.309Z] INFO: [CALL AUTOMATION] getEligibleSims result {"totalSims":18,"callers":3,"potentialTargets":18,"callerNumbers":["+918805753927","+918805770897","+919637979102"]}
[2026-07-29T07:46:53.428Z] INFO: [CALL AUTOMATION] populateConfig: Mappings after population {"configId":"6a69aba1702aa7e92f0e8f05","mappingsCount":1,"mappings":[{"targetSimId":"6a69a547702aa7e92f0e8dcf","targetMobileNumber":"+919665522166","callerCount":1,"callerIds":["6a69a4af702aa7e92f0e8cc5"],"callDuration":10}]}
[2026-07-29T07:46:53.429Z] INFO: [CALL AUTOMATION] getConfig returning: {"configId":"6a69aba1702aa7e92f0e8f05","companyId":"69f8b601247c51deb2aa1751","mappingsCount":1,"frequency":"daily","scheduledTime":"13:16","isActive":true}
[2026-07-29T07:46:53.430Z] INFO: [CALL AUTOMATION CONTROLLER] getConfig response: {"configFound":true,"configId":"6a69aba1702aa7e92f0e8f05","companyId":"69f8b601247c51deb2aa1751","mappingsCount":1}
[2026-07-29T07:46:53.658Z] INFO: [CALL AUTOMATION] getEligibleSims called {"userId":"69f8b601247c51deb2aa1753","userRole":"admin","companyId":"69f8b601247c51deb2aa1751","userCompanyId":"69f8b601247c51deb2aa1751"}
[2026-07-29T07:46:53.959Z] INFO: [CALL AUTOMATION CONTROLLER] getConfig request: {"userId":"69f8b601247c51deb2aa1753","userRole":"admin","userCompanyId":"69f8b601247c51deb2aa1751","reqCompanyId":"69f8b601247c51deb2aa1751","queryCompanyId":"not provided","resolvedCompanyId":"69f8b601247c51deb2aa1751"}
[2026-07-29T07:46:53.960Z] INFO: [CALL AUTOMATION] getConfig called {"userId":"69f8b601247c51deb2aa1753","userRole":"admin","targetCompanyId":"69f8b601247c51deb2aa1751","targetCompanyIdType":"object","userCompanyId":"69f8b601247c51deb2aa1751","paramCompanyId":"69f8b601247c51deb2aa1751"}
[2026-07-29T07:46:54.016Z] INFO: [CALL AUTOMATION] getEligibleSims result {"totalSims":18,"callers":3,"potentialTargets":18,"callerNumbers":["+918805753927","+918805770897","+919637979102"]}
[2026-07-29T07:46:54.158Z] INFO: [CALL AUTOMATION] populateConfig: Mappings after population {"configId":"6a69aba1702aa7e92f0e8f05","mappingsCount":1,"mappings":[{"targetSimId":"6a69a547702aa7e92f0e8dcf","targetMobileNumber":"+919665522166","callerCount":1,"callerIds":["6a69a4af702aa7e92f0e8cc5"],"callDuration":10}]}
[2026-07-29T07:46:54.160Z] INFO: [CALL AUTOMATION] getConfig returning: {"configId":"6a69aba1702aa7e92f0e8f05","companyId":"69f8b601247c51deb2aa1751","mappingsCount":1,"frequency":"daily","scheduledTime":"13:16","isActive":true}
[2026-07-29T07:46:54.160Z] INFO: [CALL AUTOMATION CONTROLLER] getConfig response: {"configFound":true,"configId":"6a69aba1702aa7e92f0e8f05","companyId":"69f8b601247c51deb2aa1751","mappingsCount":1}
[2026-07-29T07:47:41.534Z] INFO: [CALL AUTOMATION CONTROLLER] saveConfig request: {"userId":"69f8b601247c51deb2aa1753","userRole":"admin","userCompanyId":"69f8b601247c51deb2aa1751","mappingsCount":1,"targetCallerMappings":[{"targetSimId":"6a69a547702aa7e92f0e8dcf","callerSimIds":["6a69a4af702aa7e92f0e8cc5"],"callDuration":10}],"frequency":"daily","callDuration":19,"scheduledTime":"13:19","scheduledDay":"monday","isActive":true}
[2026-07-29T07:47:41.535Z] INFO: [CALL AUTOMATION] saveConfig called {"userId":"69f8b601247c51deb2aa1753","userRole":"admin","companyId":"69f8b601247c51deb2aa1751","companyIdType":"object","userCompanyId":"69f8b601247c51deb2aa1751","mappingsCount":1}
[2026-07-29T07:47:41.700Z] INFO: [CALL AUTOMATION] saveConfig called with: {"companyId":"69f8b601247c51deb2aa1751","isNewFormat":true,"frequency":"daily","scheduledTime":"13:19","scheduledDay":"monday","callDuration":19,"isActive":true,"existingConfig":"6a69aba1702aa7e92f0e8f05"}
[2026-07-29T07:47:41.780Z] INFO: [CALL AUTOMATION] Config saved successfully: {"configId":"6a69aba1702aa7e92f0e8f05","companyId":"69f8b601247c51deb2aa1751","isNew":"update","mappingsCount":1,"mappings":[{"targetSimId":"6a69a547702aa7e92f0e8dcf","callerSimIds":["6a69a4af702aa7e92f0e8cc5"],"callDuration":10}],"frequency":"daily","scheduledTime":"13:19","isActive":true}
[2026-07-29T07:47:41.929Z] INFO: [CALL AUTOMATION] populateConfig: Mappings after population {"configId":"6a69aba1702aa7e92f0e8f05","mappingsCount":1,"mappings":[{"targetSimId":"6a69a547702aa7e92f0e8dcf","targetMobileNumber":"+919665522166","callerCount":1,"callerIds":["6a69a4af702aa7e92f0e8cc5"],"callDuration":10}]}
[2026-07-29T07:47:42.006Z] INFO: Audit log created: CALL_AUTOMATION.CALL_AUTOMATION_CONFIG_SAVE {"logId":"6a69b01d702aa7e92f0e94e0","performedBy":"69f8b601247c51deb2aa1753","companyId":"69f8b601247c51deb2aa1751"}
[2026-07-29T07:47:42.304Z] INFO: [CALL AUTOMATION] getEligibleSims called {"userId":"69f8b601247c51deb2aa1753","userRole":"admin","companyId":"69f8b601247c51deb2aa1751","userCompanyId":"69f8b601247c51deb2aa1751"}
[2026-07-29T07:47:42.309Z] INFO: [CALL AUTOMATION CONTROLLER] getConfig request: {"userId":"69f8b601247c51deb2aa1753","userRole":"admin","userCompanyId":"69f8b601247c51deb2aa1751","reqCompanyId":"69f8b601247c51deb2aa1751","queryCompanyId":"not provided","resolvedCompanyId":"69f8b601247c51deb2aa1751"}
[2026-07-29T07:47:42.310Z] INFO: [CALL AUTOMATION] getConfig called {"userId":"69f8b601247c51deb2aa1753","userRole":"admin","targetCompanyId":"69f8b601247c51deb2aa1751","targetCompanyIdType":"object","userCompanyId":"69f8b601247c51deb2aa1751","paramCompanyId":"69f8b601247c51deb2aa1751"}
[2026-07-29T07:47:42.443Z] INFO: [CALL AUTOMATION] getEligibleSims result {"totalSims":18,"callers":3,"potentialTargets":18,"callerNumbers":["+918805753927","+918805770897","+919637979102"]}
[2026-07-29T07:47:42.532Z] INFO: [CALL AUTOMATION] populateConfig: Mappings after population {"configId":"6a69aba1702aa7e92f0e8f05","mappingsCount":1,"mappings":[{"targetSimId":"6a69a547702aa7e92f0e8dcf","targetMobileNumber":"+919665522166","callerCount":1,"callerIds":["6a69a4af702aa7e92f0e8cc5"],"callDuration":10}]}
[2026-07-29T07:47:42.533Z] INFO: [CALL AUTOMATION] getConfig returning: {"configId":"6a69aba1702aa7e92f0e8f05","companyId":"69f8b601247c51deb2aa1751","mappingsCount":1,"frequency":"daily","scheduledTime":"13:19","isActive":true}
[2026-07-29T07:47:42.534Z] INFO: [CALL AUTOMATION CONTROLLER] getConfig response: {"configFound":true,"configId":"6a69aba1702aa7e92f0e8f05","companyId":"69f8b601247c51deb2aa1751","mappingsCount":1}
[2026-07-29T07:50:00.450Z] INFO: Starting WhatsApp inactive check job
[2026-07-29T07:50:00.451Z] INFO: [WhatsApp Cron] Processing inactive messages...
[2026-07-29T07:50:00.455Z] INFO: Starting Telegram inactive check job
[2026-07-29T07:50:00.456Z] INFO: [Telegram Cron] Processing inactive messages...
[2026-07-29T07:50:00.459Z] INFO: Starting WiFi alert check job
[2026-07-29T07:50:00.795Z] INFO: [Telegram Cron] Processed 0 messages, updated 0 SIMs
[2026-07-29T07:50:00.797Z] INFO: Telegram inactive check completed: 0 messages processed, 0 SIMs marked inactive
[2026-07-29T07:50:00.798Z] INFO: [WhatsApp Cron] Processed 0 messages, updated 0 SIMs
[2026-07-29T07:50:00.798Z] INFO: WhatsApp inactive check completed: 0 messages processed, 0 SIMs marked inactive
[2026-07-29T07:50:09.184Z] INFO: [WIFI ALERT] All checks completed {"checked":0,"skipped":3,"alertsCreated":0,"alertsUpdated":0,"alertsResolved":0,"emailsSent":0,"emailErrors":[],"errors":[],"offlineAlertsCreated":0,"wifiOffAlertsCreated":0,"disconnectedAlertsCreated":0,"notificationsCreated":0}
[2026-07-29T07:50:09.188Z] INFO: WiFi alert check job completed
[2026-07-29T07:50:22.693Z] INFO: [CALL AUTOMATION CONTROLLER] getConfig request: {"userId":"69f8b601247c51deb2aa1753","userRole":"admin","userCompanyId":"69f8b601247c51deb2aa1751","reqCompanyId":"69f8b601247c51deb2aa1751","queryCompanyId":"not provided","resolvedCompanyId":"69f8b601247c51deb2aa1751"}
[2026-07-29T07:50:22.695Z] INFO: [CALL AUTOMATION] getConfig called {"userId":"69f8b601247c51deb2aa1753","userRole":"admin","targetCompanyId":"69f8b601247c51deb2aa1751","targetCompanyIdType":"object","userCompanyId":"69f8b601247c51deb2aa1751","paramCompanyId":"69f8b601247c51deb2aa1751"}
[2026-07-29T07:50:22.733Z] INFO: [CALL AUTOMATION] getEligibleSims called {"userId":"69f8b601247c51deb2aa1753","userRole":"admin","companyId":"69f8b601247c51deb2aa1751","userCompanyId":"69f8b601247c51deb2aa1751"}
[2026-07-29T07:50:23.082Z] INFO: [CALL AUTOMATION] getEligibleSims result {"totalSims":18,"callers":3,"potentialTargets":18,"callerNumbers":["+918805753927","+918805770897","+919637979102"]}
[2026-07-29T07:50:23.358Z] INFO: [CALL AUTOMATION] populateConfig: Mappings after population {"configId":"6a69aba1702aa7e92f0e8f05","mappingsCount":1,"mappings":[{"targetSimId":"6a69a547702aa7e92f0e8dcf","targetMobileNumber":"+919665522166","callerCount":1,"callerIds":["6a69a4af702aa7e92f0e8cc5"],"callDuration":10}]}
[2026-07-29T07:50:23.359Z] INFO: [CALL AUTOMATION] getConfig returning: {"configId":"6a69aba1702aa7e92f0e8f05","companyId":"69f8b601247c51deb2aa1751","mappingsCount":1,"frequency":"daily","scheduledTime":"13:19","isActive":true}
[2026-07-29T07:50:23.360Z] INFO: [CALL AUTOMATION CONTROLLER] getConfig response: {"configFound":true,"configId":"6a69aba1702aa7e92f0e8f05","companyId":"69f8b601247c51deb2aa1751","mappingsCount":1}
[2026-07-29T07:50:23.904Z] INFO: [CALL AUTOMATION] getEligibleSims called {"userId":"69f8b601247c51deb2aa1753","userRole":"admin","companyId":"69f8b601247c51deb2aa1751","userCompanyId":"69f8b601247c51deb2aa1751"}
[2026-07-29T07:50:23.920Z] INFO: [CALL AUTOMATION CONTROLLER] getConfig request: {"userId":"69f8b601247c51deb2aa1753","userRole":"admin","userCompanyId":"69f8b601247c51deb2aa1751","reqCompanyId":"69f8b601247c51deb2aa1751","queryCompanyId":"not provided","resolvedCompanyId":"69f8b601247c51deb2aa1751"}
[2026-07-29T07:50:23.921Z] INFO: [CALL AUTOMATION] getConfig called {"userId":"69f8b601247c51deb2aa1753","userRole":"admin","targetCompanyId":"69f8b601247c51deb2aa1751","targetCompanyIdType":"object","userCompanyId":"69f8b601247c51deb2aa1751","paramCompanyId":"69f8b601247c51deb2aa1751"}
[2026-07-29T07:50:24.284Z] INFO: [CALL AUTOMATION] getEligibleSims result {"totalSims":18,"callers":3,"potentialTargets":18,"callerNumbers":["+918805753927","+918805770897","+919637979102"]}
[2026-07-29T07:50:24.539Z] INFO: [CALL AUTOMATION] populateConfig: Mappings after population {"configId":"6a69aba1702aa7e92f0e8f05","mappingsCount":1,"mappings":[{"targetSimId":"6a69a547702aa7e92f0e8dcf","targetMobileNumber":"+919665522166","callerCount":1,"callerIds":["6a69a4af702aa7e92f0e8cc5"],"callDuration":10}]}
[2026-07-29T07:50:24.542Z] INFO: [CALL AUTOMATION] getConfig returning: {"configId":"6a69aba1702aa7e92f0e8f05","companyId":"69f8b601247c51deb2aa1751","mappingsCount":1,"frequency":"daily","scheduledTime":"13:19","isActive":true}
[2026-07-29T07:50:24.543Z] INFO: [CALL AUTOMATION CONTROLLER] getConfig response: {"configFound":true,"configId":"6a69aba1702aa7e92f0e8f05","companyId":"69f8b601247c51deb2aa1751","mappingsCount":1}
[2026-07-29T07:50:55.472Z] INFO: [CALL AUTOMATION CONTROLLER] getConfig request: {"userId":"69f8b601247c51deb2aa1753","userRole":"admin","userCompanyId":"69f8b601247c51deb2aa1751","reqCompanyId":"69f8b601247c51deb2aa1751","queryCompanyId":"not provided","resolvedCompanyId":"69f8b601247c51deb2aa1751"}
[2026-07-29T07:50:55.474Z] INFO: [CALL AUTOMATION] getConfig called {"userId":"69f8b601247c51deb2aa1753","userRole":"admin","targetCompanyId":"69f8b601247c51deb2aa1751","targetCompanyIdType":"object","userCompanyId":"69f8b601247c51deb2aa1751","paramCompanyId":"69f8b601247c51deb2aa1751"}
[2026-07-29T07:50:55.477Z] INFO: [CALL AUTOMATION] getEligibleSims called {"userId":"69f8b601247c51deb2aa1753","userRole":"admin","companyId":"69f8b601247c51deb2aa1751","userCompanyId":"69f8b601247c51deb2aa1751"}
[2026-07-29T07:50:55.686Z] INFO: [CALL AUTOMATION] getEligibleSims result {"totalSims":18,"callers":3,"potentialTargets":18,"callerNumbers":["+918805753927","+918805770897","+919637979102"]}
[2026-07-29T07:50:55.809Z] INFO: [CALL AUTOMATION] populateConfig: Mappings after population {"configId":"6a69aba1702aa7e92f0e8f05","mappingsCount":1,"mappings":[{"targetSimId":"6a69a547702aa7e92f0e8dcf","targetMobileNumber":"+919665522166","callerCount":1,"callerIds":["6a69a4af702aa7e92f0e8cc5"],"callDuration":10}]}
[2026-07-29T07:50:55.812Z] INFO: [CALL AUTOMATION] getConfig returning: {"configId":"6a69aba1702aa7e92f0e8f05","companyId":"69f8b601247c51deb2aa1751","mappingsCount":1,"frequency":"daily","scheduledTime":"13:19","isActive":true}
[2026-07-29T07:50:55.813Z] INFO: [CALL AUTOMATION CONTROLLER] getConfig response: {"configFound":true,"configId":"6a69aba1702aa7e92f0e8f05","companyId":"69f8b601247c51deb2aa1751","mappingsCount":1}
[2026-07-29T07:50:56.203Z] INFO: [CALL AUTOMATION] getEligibleSims called {"userId":"69f8b601247c51deb2aa1753","userRole":"admin","companyId":"69f8b601247c51deb2aa1751","userCompanyId":"69f8b601247c51deb2aa1751"}
[2026-07-29T07:50:56.266Z] INFO: [CALL AUTOMATION CONTROLLER] getConfig request: {"userId":"69f8b601247c51deb2aa1753","userRole":"admin","userCompanyId":"69f8b601247c51deb2aa1751","reqCompanyId":"69f8b601247c51deb2aa1751","queryCompanyId":"not provided","resolvedCompanyId":"69f8b601247c51deb2aa1751"}
[2026-07-29T07:50:56.267Z] INFO: [CALL AUTOMATION] getConfig called {"userId":"69f8b601247c51deb2aa1753","userRole":"admin","targetCompanyId":"69f8b601247c51deb2aa1751","targetCompanyIdType":"object","userCompanyId":"69f8b601247c51deb2aa1751","paramCompanyId":"69f8b601247c51deb2aa1751"}
[2026-07-29T07:50:56.375Z] INFO: [CALL AUTOMATION] getEligibleSims result {"totalSims":18,"callers":3,"potentialTargets":18,"callerNumbers":["+918805753927","+918805770897","+919637979102"]}
[2026-07-29T07:50:56.575Z] INFO: [CALL AUTOMATION] populateConfig: Mappings after population {"configId":"6a69aba1702aa7e92f0e8f05","mappingsCount":1,"mappings":[{"targetSimId":"6a69a547702aa7e92f0e8dcf","targetMobileNumber":"+919665522166","callerCount":1,"callerIds":["6a69a4af702aa7e92f0e8cc5"],"callDuration":10}]}
[2026-07-29T07:50:56.577Z] INFO: [CALL AUTOMATION] getConfig returning: {"configId":"6a69aba1702aa7e92f0e8f05","companyId":"69f8b601247c51deb2aa1751","mappingsCount":1,"frequency":"daily","scheduledTime":"13:19","isActive":true}
[2026-07-29T07:50:56.578Z] INFO: [CALL AUTOMATION CONTROLLER] getConfig response: {"configFound":true,"configId":"6a69aba1702aa7e92f0e8f05","companyId":"69f8b601247c51deb2aa1751","mappingsCount":1}
[2026-07-29T07:52:33.346Z] INFO: [CALL AUTOMATION CONTROLLER] getConfig request: {"userId":"69f8b601247c51deb2aa1753","userRole":"admin","userCompanyId":"69f8b601247c51deb2aa1751","reqCompanyId":"69f8b601247c51deb2aa1751","queryCompanyId":"not provided","resolvedCompanyId":"69f8b601247c51deb2aa1751"}
[2026-07-29T07:52:33.347Z] INFO: [CALL AUTOMATION] getConfig called {"userId":"69f8b601247c51deb2aa1753","userRole":"admin","targetCompanyId":"69f8b601247c51deb2aa1751","targetCompanyIdType":"object","userCompanyId":"69f8b601247c51deb2aa1751","paramCompanyId":"69f8b601247c51deb2aa1751"}
[2026-07-29T07:52:33.369Z] INFO: [CALL AUTOMATION] getEligibleSims called {"userId":"69f8b601247c51deb2aa1753","userRole":"admin","companyId":"69f8b601247c51deb2aa1751","userCompanyId":"69f8b601247c51deb2aa1751"}
[2026-07-29T07:52:33.682Z] INFO: [CALL AUTOMATION] getEligibleSims result {"totalSims":18,"callers":3,"potentialTargets":18,"callerNumbers":["+918805753927","+918805770897","+919637979102"]}
[2026-07-29T07:52:33.696Z] INFO: [CALL AUTOMATION] populateConfig: Mappings after population {"configId":"6a69aba1702aa7e92f0e8f05","mappingsCount":1,"mappings":[{"targetSimId":"6a69a547702aa7e92f0e8dcf","targetMobileNumber":"+919665522166","callerCount":1,"callerIds":["6a69a4af702aa7e92f0e8cc5"],"callDuration":10}]}
[2026-07-29T07:52:33.698Z] INFO: [CALL AUTOMATION] getConfig returning: {"configId":"6a69aba1702aa7e92f0e8f05","companyId":"69f8b601247c51deb2aa1751","mappingsCount":1,"frequency":"daily","scheduledTime":"13:19","isActive":true}
[2026-07-29T07:52:33.699Z] INFO: [CALL AUTOMATION CONTROLLER] getConfig response: {"configFound":true,"configId":"6a69aba1702aa7e92f0e8f05","companyId":"69f8b601247c51deb2aa1751","mappingsCount":1}
[2026-07-29T07:52:34.258Z] INFO: [CALL AUTOMATION] getEligibleSims called {"userId":"69f8b601247c51deb2aa1753","userRole":"admin","companyId":"69f8b601247c51deb2aa1751","userCompanyId":"69f8b601247c51deb2aa1751"}
[2026-07-29T07:52:34.354Z] INFO: [CALL AUTOMATION CONTROLLER] getConfig request: {"userId":"69f8b601247c51deb2aa1753","userRole":"admin","userCompanyId":"69f8b601247c51deb2aa1751","reqCompanyId":"69f8b601247c51deb2aa1751","queryCompanyId":"not provided","resolvedCompanyId":"69f8b601247c51deb2aa1751"}
[2026-07-29T07:52:34.355Z] INFO: [CALL AUTOMATION] getConfig called {"userId":"69f8b601247c51deb2aa1753","userRole":"admin","targetCompanyId":"69f8b601247c51deb2aa1751","targetCompanyIdType":"object","userCompanyId":"69f8b601247c51deb2aa1751","paramCompanyId":"69f8b601247c51deb2aa1751"}
[2026-07-29T07:52:34.557Z] INFO: [CALL AUTOMATION] getEligibleSims result {"totalSims":18,"callers":3,"potentialTargets":18,"callerNumbers":["+918805753927","+918805770897","+919637979102"]}
[2026-07-29T07:52:34.727Z] INFO: [CALL AUTOMATION] populateConfig: Mappings after population {"configId":"6a69aba1702aa7e92f0e8f05","mappingsCount":1,"mappings":[{"targetSimId":"6a69a547702aa7e92f0e8dcf","targetMobileNumber":"+919665522166","callerCount":1,"callerIds":["6a69a4af702aa7e92f0e8cc5"],"callDuration":10}]}
[2026-07-29T07:52:34.728Z] INFO: [CALL AUTOMATION] getConfig returning: {"configId":"6a69aba1702aa7e92f0e8f05","companyId":"69f8b601247c51deb2aa1751","mappingsCount":1,"frequency":"daily","scheduledTime":"13:19","isActive":true}
[2026-07-29T07:52:34.729Z] INFO: [CALL AUTOMATION CONTROLLER] getConfig response: {"configFound":true,"configId":"6a69aba1702aa7e92f0e8f05","companyId":"69f8b601247c51deb2aa1751","mappingsCount":1}
[2026-07-29T07:55:00.440Z] INFO: Starting WhatsApp inactive check job
[2026-07-29T07:55:00.441Z] INFO: [WhatsApp Cron] Processing inactive messages...
[2026-07-29T07:55:00.443Z] INFO: Starting Telegram inactive check job
[2026-07-29T07:55:00.443Z] INFO: [Telegram Cron] Processing inactive messages...
[2026-07-29T07:55:00.545Z] INFO: [Telegram Cron] Processed 0 messages, updated 0 SIMs
[2026-07-29T07:55:00.546Z] INFO: Telegram inactive check completed: 0 messages processed, 0 SIMs marked inactive
[2026-07-29T07:55:00.547Z] INFO: [WhatsApp Cron] Processed 0 messages, updated 0 SIMs
[2026-07-29T07:55:00.547Z] INFO: WhatsApp inactive check completed: 0 messages processed, 0 SIMs marked inactive
[2026-07-29T08:00:00.397Z] INFO: Starting WhatsApp inactive check job
[2026-07-29T08:00:00.804Z] INFO: [WhatsApp Cron] Processing inactive messages...
[2026-07-29T08:00:00.806Z] INFO: Starting Telegram inactive check job
[2026-07-29T08:00:00.807Z] INFO: [Telegram Cron] Processing inactive messages...
[2026-07-29T08:00:00.925Z] INFO: [WhatsApp Cron] Processed 0 messages, updated 0 SIMs
[2026-07-29T08:00:00.925Z] INFO: WhatsApp inactive check completed: 0 messages processed, 0 SIMs marked inactive
[2026-07-29T08:00:00.930Z] INFO: [Telegram Cron] Processed 0 messages, updated 0 SIMs
[2026-07-29T08:00:00.930Z] INFO: Telegram inactive check completed: 0 messages processed, 0 SIMs marked inactive
[2026-07-29T08:05:00.760Z] INFO: Starting WhatsApp inactive check job
[2026-07-29T08:05:00.865Z] INFO: [WhatsApp Cron] Processing inactive messages...
[2026-07-29T08:05:00.868Z] INFO: Starting Telegram inactive check job
[2026-07-29T08:05:00.869Z] INFO: [Telegram Cron] Processing inactive messages...
[2026-07-29T08:05:00.954Z] INFO: [Telegram Cron] Processed 0 messages, updated 0 SIMs
[2026-07-29T08:05:00.955Z] INFO: Telegram inactive check completed: 0 messages processed, 0 SIMs marked inactive
[2026-07-29T08:05:00.957Z] INFO: [WhatsApp Cron] Processed 0 messages, updated 0 SIMs
[2026-07-29T08:05:00.957Z] INFO: WhatsApp inactive check completed: 0 messages processed, 0 SIMs marked inactive
[2026-07-29T08:06:08.800Z] INFO: Email configuration check {"hasHost":true,"host":"smtp.gmail.com","port":587,"hasUser":true,"hasPass":true,"hasFrom":true,"hasApiKey":false,"apiProvider":null,"bypassEmail":false}
[2026-07-29T08:06:08.865Z] INFO: Email service initialized successfully (SMTP) {"host":"smtp.gmail.com","port":587,"user":"santoshshimpankar.ukvalley@gmail.com"}
[2026-07-29T08:06:12.311Z] INFO: [WhatsApp] Twilio client initialized successfully
[2026-07-29T08:06:12.322Z] INFO: [Telegram] Bot token configured, service ready
[2026-07-29T08:06:15.337Z] INFO: Email transporter verified successfully - emails will be sent
[2026-07-29T08:06:17.479Z] INFO: Email configuration check {"hasHost":true,"host":"smtp.gmail.com","port":587,"hasUser":true,"hasPass":true,"hasFrom":true,"hasApiKey":false,"apiProvider":null,"bypassEmail":false}
[2026-07-29T08:06:17.489Z] INFO: Email service initialized successfully (SMTP) {"host":"smtp.gmail.com","port":587,"user":"santoshshimpankar.ukvalley@gmail.com"}
[2026-07-29T08:06:18.338Z] INFO: [WhatsApp] Twilio client initialized successfully
[2026-07-29T08:06:18.350Z] INFO: [Telegram] Bot token configured, service ready
[2026-07-29T08:06:21.106Z] INFO: Email transporter verified successfully - emails will be sent
[2026-07-29T08:06:23.376Z] INFO: Initializing cron jobs...
[2026-07-29T08:06:23.451Z] INFO: Job recharge-reminder scheduled: 0 9 * * *
[2026-07-29T08:06:23.452Z] INFO: Job inactive-sim-alert scheduled: 0 10 * * *
[2026-07-29T08:06:23.454Z] INFO: Job subscription-expiry-check scheduled: 0 8 * * *
[2026-07-29T08:06:23.455Z] INFO: Job data-cleanup scheduled: 0 2 * * 0
[2026-07-29T08:06:23.457Z] INFO: Job whatsapp-inactive-check scheduled: */5 * * * *
[2026-07-29T08:06:23.460Z] INFO: Job telegram-inactive-check scheduled: */5 * * * *
[2026-07-29T08:06:23.462Z] INFO: Job wifi-alert-check scheduled: */20 * * * *
[2026-07-29T08:06:23.464Z] INFO: Job wifi-metrics-cleanup scheduled: 0 3 * * 0
[2026-07-29T08:06:23.466Z] INFO: Job report-delivery scheduled: * * * * *
[2026-07-29T08:06:23.467Z] INFO: All cron jobs initialized
[2026-07-29T08:06:44.843Z] INFO: Email configuration check {"hasHost":true,"host":"smtp.gmail.com","port":587,"hasUser":true,"hasPass":true,"hasFrom":true,"hasApiKey":false,"apiProvider":null,"bypassEmail":false}
[2026-07-29T08:06:44.851Z] INFO: Email service initialized successfully (SMTP) {"host":"smtp.gmail.com","port":587,"user":"santoshshimpankar.ukvalley@gmail.com"}
[2026-07-29T08:06:45.870Z] INFO: [WhatsApp] Twilio client initialized successfully
[2026-07-29T08:06:45.881Z] INFO: [Telegram] Bot token configured, service ready
[2026-07-29T08:06:48.710Z] INFO: Email transporter verified successfully - emails will be sent
[2026-07-29T08:06:50.937Z] INFO: Initializing cron jobs...
[2026-07-29T08:06:51.002Z] INFO: Job recharge-reminder scheduled: 0 9 * * *
[2026-07-29T08:06:51.005Z] INFO: Job inactive-sim-alert scheduled: 0 10 * * *
[2026-07-29T08:06:51.007Z] INFO: Job subscription-expiry-check scheduled: 0 8 * * *
[2026-07-29T08:06:51.009Z] INFO: Job data-cleanup scheduled: 0 2 * * 0
[2026-07-29T08:06:51.012Z] INFO: Job whatsapp-inactive-check scheduled: */5 * * * *
[2026-07-29T08:06:51.015Z] INFO: Job telegram-inactive-check scheduled: */5 * * * *
[2026-07-29T08:06:51.016Z] INFO: Job wifi-alert-check scheduled: */20 * * * *
[2026-07-29T08:06:51.018Z] INFO: Job wifi-metrics-cleanup scheduled: 0 3 * * 0
[2026-07-29T08:06:51.021Z] INFO: Job report-delivery scheduled: * * * * *
[2026-07-29T08:06:51.023Z] INFO: All cron jobs initialized
[2026-07-29T08:06:57.103Z] INFO: Email configuration check {"hasHost":true,"host":"smtp.gmail.com","port":587,"hasUser":true,"hasPass":true,"hasFrom":true,"hasApiKey":false,"apiProvider":null,"bypassEmail":false}
[2026-07-29T08:06:57.125Z] INFO: Email service initialized successfully (SMTP) {"host":"smtp.gmail.com","port":587,"user":"santoshshimpankar.ukvalley@gmail.com"}
[2026-07-29T08:06:58.150Z] INFO: [WhatsApp] Twilio client initialized successfully
[2026-07-29T08:06:58.161Z] INFO: [Telegram] Bot token configured, service ready
[2026-07-29T08:07:01.017Z] INFO: Email transporter verified successfully - emails will be sent
[2026-07-29T08:07:04.407Z] INFO: Initializing cron jobs...
[2026-07-29T08:07:04.446Z] INFO: Job recharge-reminder scheduled: 0 9 * * *
[2026-07-29T08:07:04.449Z] INFO: Job inactive-sim-alert scheduled: 0 10 * * *
[2026-07-29T08:07:04.450Z] INFO: Job subscription-expiry-check scheduled: 0 8 * * *
[2026-07-29T08:07:04.452Z] INFO: Job data-cleanup scheduled: 0 2 * * 0
[2026-07-29T08:07:04.454Z] INFO: Job whatsapp-inactive-check scheduled: */5 * * * *
[2026-07-29T08:07:04.456Z] INFO: Job telegram-inactive-check scheduled: */5 * * * *
[2026-07-29T08:07:04.458Z] INFO: Job wifi-alert-check scheduled: */20 * * * *
[2026-07-29T08:07:04.460Z] INFO: Job wifi-metrics-cleanup scheduled: 0 3 * * 0
[2026-07-29T08:07:04.463Z] INFO: Job report-delivery scheduled: * * * * *
[2026-07-29T08:07:04.464Z] INFO: All cron jobs initialized
[2026-07-29T08:10:00.737Z] INFO: Starting WhatsApp inactive check job
[2026-07-29T08:10:00.855Z] INFO: [WhatsApp Cron] Processing inactive messages...
[2026-07-29T08:10:00.865Z] INFO: Starting Telegram inactive check job
[2026-07-29T08:10:00.867Z] INFO: [Telegram Cron] Processing inactive messages...
[2026-07-29T08:10:00.870Z] INFO: Starting WiFi alert check job
[2026-07-29T08:10:00.928Z] INFO: [WhatsApp Cron] Processed 0 messages, updated 0 SIMs
[2026-07-29T08:10:00.931Z] INFO: WhatsApp inactive check completed: 0 messages processed, 0 SIMs marked inactive
[2026-07-29T08:10:00.937Z] INFO: [Telegram Cron] Processed 0 messages, updated 0 SIMs
[2026-07-29T08:10:00.945Z] INFO: Telegram inactive check completed: 0 messages processed, 0 SIMs marked inactive
[2026-07-29T08:10:02.930Z] INFO: [WIFI ALERT] All checks completed {"checked":0,"skipped":3,"alertsCreated":0,"alertsUpdated":0,"alertsResolved":0,"emailsSent":0,"emailErrors":[],"errors":[],"offlineAlertsCreated":0,"wifiOffAlertsCreated":0,"disconnectedAlertsCreated":0,"notificationsCreated":0}
[2026-07-29T08:10:02.931Z] INFO: WiFi alert check job completed
[2026-07-29T08:13:47.843Z] INFO: Email configuration check {"hasHost":true,"host":"smtp.gmail.com","port":587,"hasUser":true,"hasPass":true,"hasFrom":true,"hasApiKey":false,"apiProvider":null,"bypassEmail":false}
[2026-07-29T08:13:47.876Z] INFO: Email service initialized successfully (SMTP) {"host":"smtp.gmail.com","port":587,"user":"santoshshimpankar.ukvalley@gmail.com"}
[2026-07-29T08:13:49.707Z] INFO: Email configuration check {"hasHost":true,"host":"smtp.gmail.com","port":587,"hasUser":true,"hasPass":true,"hasFrom":true,"hasApiKey":false,"apiProvider":null,"bypassEmail":false}
[2026-07-29T08:13:49.717Z] INFO: Email service initialized successfully (SMTP) {"host":"smtp.gmail.com","port":587,"user":"santoshshimpankar.ukvalley@gmail.com"}
[2026-07-29T08:13:52.253Z] INFO: [WhatsApp] Twilio client initialized successfully
[2026-07-29T08:13:52.268Z] INFO: [Telegram] Bot token configured, service ready
[2026-07-29T08:13:55.049Z] INFO: Email transporter verified successfully - emails will be sent
[2026-07-29T08:13:57.928Z] INFO: Initializing cron jobs...
[2026-07-29T08:13:57.998Z] INFO: Job recharge-reminder scheduled: 0 9 * * *
[2026-07-29T08:13:58.000Z] INFO: Job inactive-sim-alert scheduled: 0 10 * * *
[2026-07-29T08:13:58.003Z] INFO: Job subscription-expiry-check scheduled: 0 8 * * *
[2026-07-29T08:13:58.006Z] INFO: Job data-cleanup scheduled: 0 2 * * 0
[2026-07-29T08:13:58.010Z] INFO: Job whatsapp-inactive-check scheduled: */5 * * * *
[2026-07-29T08:13:58.013Z] INFO: Job telegram-inactive-check scheduled: */5 * * * *
[2026-07-29T08:13:58.017Z] INFO: Job wifi-alert-check scheduled: */20 * * * *
[2026-07-29T08:13:58.021Z] INFO: Job wifi-metrics-cleanup scheduled: 0 3 * * 0
[2026-07-29T08:13:58.023Z] INFO: Job report-delivery scheduled: * * * * *
[2026-07-29T08:13:58.025Z] INFO: All cron jobs initialized
[2026-07-29T08:15:00.543Z] INFO: Starting WhatsApp inactive check job
[2026-07-29T08:15:00.771Z] INFO: [WhatsApp Cron] Processing inactive messages...
[2026-07-29T08:15:00.780Z] INFO: Starting Telegram inactive check job
[2026-07-29T08:15:00.782Z] INFO: [Telegram Cron] Processing inactive messages...
[2026-07-29T08:15:00.847Z] INFO: [WhatsApp Cron] Processed 0 messages, updated 0 SIMs
[2026-07-29T08:15:00.848Z] INFO: WhatsApp inactive check completed: 0 messages processed, 0 SIMs marked inactive
[2026-07-29T08:15:00.856Z] INFO: [Telegram Cron] Processed 0 messages, updated 0 SIMs
[2026-07-29T08:15:00.857Z] INFO: Telegram inactive check completed: 0 messages processed, 0 SIMs marked inactive
[2026-07-29T08:16:13.789Z] INFO: Email configuration check {"hasHost":true,"host":"smtp.gmail.com","port":587,"hasUser":true,"hasPass":true,"hasFrom":true,"hasApiKey":false,"apiProvider":null,"bypassEmail":false}
[2026-07-29T08:16:13.800Z] INFO: Email service initialized successfully (SMTP) {"host":"smtp.gmail.com","port":587,"user":"santoshshimpankar.ukvalley@gmail.com"}
[2026-07-29T08:16:15.817Z] INFO: [WhatsApp] Twilio client initialized successfully
[2026-07-29T08:16:15.832Z] INFO: [Telegram] Bot token configured, service ready
[2026-07-29T08:16:20.048Z] INFO: Email configuration check {"hasHost":true,"host":"smtp.gmail.com","port":587,"hasUser":true,"hasPass":true,"hasFrom":true,"hasApiKey":false,"apiProvider":null,"bypassEmail":false}
[2026-07-29T08:16:20.058Z] INFO: Email service initialized successfully (SMTP) {"host":"smtp.gmail.com","port":587,"user":"santoshshimpankar.ukvalley@gmail.com"}
[2026-07-29T08:16:20.835Z] INFO: [WhatsApp] Twilio client initialized successfully
[2026-07-29T08:16:20.846Z] INFO: [Telegram] Bot token configured, service ready
[2026-07-29T08:16:23.320Z] INFO: Email transporter verified successfully - emails will be sent
[2026-07-29T08:16:25.719Z] INFO: Initializing cron jobs...
[2026-07-29T08:16:25.783Z] INFO: Job recharge-reminder scheduled: 0 9 * * *
[2026-07-29T08:16:25.785Z] INFO: Job inactive-sim-alert scheduled: 0 10 * * *
[2026-07-29T08:16:25.788Z] INFO: Job subscription-expiry-check scheduled: 0 8 * * *
[2026-07-29T08:16:25.791Z] INFO: Job data-cleanup scheduled: 0 2 * * 0
[2026-07-29T08:16:25.795Z] INFO: Job whatsapp-inactive-check scheduled: */5 * * * *
[2026-07-29T08:16:25.798Z] INFO: Job telegram-inactive-check scheduled: */5 * * * *
[2026-07-29T08:16:25.802Z] INFO: Job wifi-alert-check scheduled: */20 * * * *
[2026-07-29T08:16:25.805Z] INFO: Job wifi-metrics-cleanup scheduled: 0 3 * * 0
[2026-07-29T08:16:25.807Z] INFO: Job report-delivery scheduled: * * * * *
[2026-07-29T08:16:25.808Z] INFO: All cron jobs initialized
[2026-07-29T08:16:28.417Z] INFO: Email configuration check {"hasHost":true,"host":"smtp.gmail.com","port":587,"hasUser":true,"hasPass":true,"hasFrom":true,"hasApiKey":false,"apiProvider":null,"bypassEmail":false}
[2026-07-29T08:16:28.428Z] INFO: Email service initialized successfully (SMTP) {"host":"smtp.gmail.com","port":587,"user":"santoshshimpankar.ukvalley@gmail.com"}
[2026-07-29T08:16:29.388Z] INFO: [WhatsApp] Twilio client initialized successfully
[2026-07-29T08:16:29.513Z] INFO: [Telegram] Bot token configured, service ready
[2026-07-29T08:16:31.913Z] INFO: Email transporter verified successfully - emails will be sent
[2026-07-29T08:16:34.028Z] INFO: Initializing cron jobs...
[2026-07-29T08:16:34.054Z] INFO: Job recharge-reminder scheduled: 0 9 * * *
[2026-07-29T08:16:34.056Z] INFO: Job inactive-sim-alert scheduled: 0 10 * * *
[2026-07-29T08:16:34.057Z] INFO: Job subscription-expiry-check scheduled: 0 8 * * *
[2026-07-29T08:16:34.058Z] INFO: Job data-cleanup scheduled: 0 2 * * 0
[2026-07-29T08:16:34.061Z] INFO: Job whatsapp-inactive-check scheduled: */5 * * * *
[2026-07-29T08:16:34.063Z] INFO: Job telegram-inactive-check scheduled: */5 * * * *
[2026-07-29T08:16:34.064Z] INFO: Job wifi-alert-check scheduled: */20 * * * *
[2026-07-29T08:16:34.065Z] INFO: Job wifi-metrics-cleanup scheduled: 0 3 * * 0
[2026-07-29T08:16:34.068Z] INFO: Job report-delivery scheduled: * * * * *
[2026-07-29T08:16:34.069Z] INFO: All cron jobs initialized
[2026-07-29T08:16:37.926Z] INFO: Email configuration check {"hasHost":true,"host":"smtp.gmail.com","port":587,"hasUser":true,"hasPass":true,"hasFrom":true,"hasApiKey":false,"apiProvider":null,"bypassEmail":false}
[2026-07-29T08:16:37.941Z] INFO: Email service initialized successfully (SMTP) {"host":"smtp.gmail.com","port":587,"user":"santoshshimpankar.ukvalley@gmail.com"}
[2026-07-29T08:16:38.881Z] INFO: [WhatsApp] Twilio client initialized successfully
[2026-07-29T08:16:38.900Z] INFO: [Telegram] Bot token configured, service ready
[2026-07-29T08:16:41.939Z] INFO: Email transporter verified successfully - emails will be sent
[2026-07-29T08:16:43.648Z] INFO: Initializing cron jobs...
[2026-07-29T08:16:43.683Z] INFO: Job recharge-reminder scheduled: 0 9 * * *
[2026-07-29T08:16:43.685Z] INFO: Job inactive-sim-alert scheduled: 0 10 * * *
[2026-07-29T08:16:43.687Z] INFO: Job subscription-expiry-check scheduled: 0 8 * * *
[2026-07-29T08:16:43.689Z] INFO: Job data-cleanup scheduled: 0 2 * * 0
[2026-07-29T08:16:43.692Z] INFO: Job whatsapp-inactive-check scheduled: */5 * * * *
[2026-07-29T08:16:43.694Z] INFO: Job telegram-inactive-check scheduled: */5 * * * *
[2026-07-29T08:16:43.695Z] INFO: Job wifi-alert-check scheduled: */20 * * * *
[2026-07-29T08:16:43.698Z] INFO: Job wifi-metrics-cleanup scheduled: 0 3 * * 0
[2026-07-29T08:16:43.703Z] INFO: Job report-delivery scheduled: * * * * *
[2026-07-29T08:16:43.707Z] INFO: All cron jobs initialized
[2026-07-29T08:20:00.467Z] INFO: Starting WhatsApp inactive check job
[2026-07-29T08:20:00.575Z] INFO: [WhatsApp Cron] Processing inactive messages...
[2026-07-29T08:20:00.584Z] INFO: Starting Telegram inactive check job
[2026-07-29T08:20:00.586Z] INFO: [Telegram Cron] Processing inactive messages...
[2026-07-29T08:20:00.646Z] INFO: [WhatsApp Cron] Processed 0 messages, updated 0 SIMs
[2026-07-29T08:20:00.647Z] INFO: WhatsApp inactive check completed: 0 messages processed, 0 SIMs marked inactive
[2026-07-29T08:20:00.658Z] INFO: [Telegram Cron] Processed 0 messages, updated 0 SIMs
[2026-07-29T08:20:00.659Z] INFO: Telegram inactive check completed: 0 messages processed, 0 SIMs marked inactive
[2026-07-29T08:20:25.222Z] INFO: [CALL AUTOMATION] getEligibleSims called {"userId":"69f8b601247c51deb2aa1753","userRole":"admin","companyId":"69f8b601247c51deb2aa1751","userCompanyId":"69f8b601247c51deb2aa1751"}
[2026-07-29T08:20:25.233Z] INFO: [CALL AUTOMATION CONTROLLER] getConfig request: {"userId":"69f8b601247c51deb2aa1753","userRole":"admin","userCompanyId":"69f8b601247c51deb2aa1751","reqCompanyId":"69f8b601247c51deb2aa1751","queryCompanyId":"not provided","resolvedCompanyId":"69f8b601247c51deb2aa1751"}
[2026-07-29T08:20:25.234Z] INFO: [CALL AUTOMATION] getConfig called {"userId":"69f8b601247c51deb2aa1753","userRole":"admin","targetCompanyId":"69f8b601247c51deb2aa1751","targetCompanyIdType":"object","userCompanyId":"69f8b601247c51deb2aa1751","paramCompanyId":"69f8b601247c51deb2aa1751"}
[2026-07-29T08:20:25.450Z] INFO: [CALL AUTOMATION] getEligibleSims result {"totalSims":18,"callers":3,"potentialTargets":18,"callerNumbers":["+918805753927","+918805770897","+919637979102"]}
[2026-07-29T08:20:25.537Z] INFO: [CALL AUTOMATION] populateConfig: Mappings after population {"configId":"6a69aba1702aa7e92f0e8f05","mappingsCount":1,"mappings":[{"targetSimId":"6a69a547702aa7e92f0e8dcf","targetMobileNumber":"+919665522166","callerCount":1,"callerIds":["6a69a4af702aa7e92f0e8cc5"],"callDuration":10}]}
[2026-07-29T08:20:25.540Z] INFO: [CALL AUTOMATION] getConfig returning: {"configId":"6a69aba1702aa7e92f0e8f05","companyId":"69f8b601247c51deb2aa1751","mappingsCount":1,"frequency":"daily","scheduledTime":"13:19","isActive":true}
[2026-07-29T08:20:25.541Z] INFO: [CALL AUTOMATION CONTROLLER] getConfig response: {"configFound":true,"configId":"6a69aba1702aa7e92f0e8f05","companyId":"69f8b601247c51deb2aa1751","mappingsCount":1}
[2026-07-29T08:20:25.786Z] INFO: [CALL AUTOMATION] getEligibleSims called {"userId":"69f8b601247c51deb2aa1753","userRole":"admin","companyId":"69f8b601247c51deb2aa1751","userCompanyId":"69f8b601247c51deb2aa1751"}
[2026-07-29T08:20:25.835Z] INFO: [CALL AUTOMATION CONTROLLER] getConfig request: {"userId":"69f8b601247c51deb2aa1753","userRole":"admin","userCompanyId":"69f8b601247c51deb2aa1751","reqCompanyId":"69f8b601247c51deb2aa1751","queryCompanyId":"not provided","resolvedCompanyId":"69f8b601247c51deb2aa1751"}
[2026-07-29T08:20:25.836Z] INFO: [CALL AUTOMATION] getConfig called {"userId":"69f8b601247c51deb2aa1753","userRole":"admin","targetCompanyId":"69f8b601247c51deb2aa1751","targetCompanyIdType":"object","userCompanyId":"69f8b601247c51deb2aa1751","paramCompanyId":"69f8b601247c51deb2aa1751"}
[2026-07-29T08:20:25.929Z] INFO: [CALL AUTOMATION] getEligibleSims result {"totalSims":18,"callers":3,"potentialTargets":18,"callerNumbers":["+918805753927","+918805770897","+919637979102"]}
[2026-07-29T08:20:26.040Z] INFO: [CALL AUTOMATION] populateConfig: Mappings after population {"configId":"6a69aba1702aa7e92f0e8f05","mappingsCount":1,"mappings":[{"targetSimId":"6a69a547702aa7e92f0e8dcf","targetMobileNumber":"+919665522166","callerCount":1,"callerIds":["6a69a4af702aa7e92f0e8cc5"],"callDuration":10}]}
[2026-07-29T08:20:26.042Z] INFO: [CALL AUTOMATION] getConfig returning: {"configId":"6a69aba1702aa7e92f0e8f05","companyId":"69f8b601247c51deb2aa1751","mappingsCount":1,"frequency":"daily","scheduledTime":"13:19","isActive":true}
[2026-07-29T08:20:26.043Z] INFO: [CALL AUTOMATION CONTROLLER] getConfig response: {"configFound":true,"configId":"6a69aba1702aa7e92f0e8f05","companyId":"69f8b601247c51deb2aa1751","mappingsCount":1}
[2026-07-29T08:25:00.427Z] INFO: Starting WhatsApp inactive check job
[2026-07-29T08:25:00.447Z] INFO: [WhatsApp Cron] Processing inactive messages...
[2026-07-29T08:25:00.453Z] INFO: Starting Telegram inactive check job
[2026-07-29T08:25:00.455Z] INFO: [Telegram Cron] Processing inactive messages...
[2026-07-29T08:25:00.513Z] INFO: [WhatsApp Cron] Processed 0 messages, updated 0 SIMs
[2026-07-29T08:25:00.514Z] INFO: WhatsApp inactive check completed: 0 messages processed, 0 SIMs marked inactive
[2026-07-29T08:25:00.525Z] INFO: [Telegram Cron] Processed 0 messages, updated 0 SIMs
[2026-07-29T08:25:00.526Z] INFO: Telegram inactive check completed: 0 messages processed, 0 SIMs marked inactive
[2026-07-29T08:30:00.165Z] INFO: Starting WhatsApp inactive check job
[2026-07-29T08:30:00.287Z] INFO: [WhatsApp Cron] Processing inactive messages...
[2026-07-29T08:30:00.292Z] INFO: Starting Telegram inactive check job
[2026-07-29T08:30:00.294Z] INFO: [Telegram Cron] Processing inactive messages...
[2026-07-29T08:30:00.306Z] INFO: Starting WiFi alert check job
[2026-07-29T08:30:00.339Z] INFO: [WhatsApp Cron] Processed 0 messages, updated 0 SIMs
[2026-07-29T08:30:00.341Z] INFO: WhatsApp inactive check completed: 0 messages processed, 0 SIMs marked inactive
[2026-07-29T08:30:00.357Z] INFO: [Telegram Cron] Processed 0 messages, updated 0 SIMs
[2026-07-29T08:30:00.358Z] INFO: Telegram inactive check completed: 0 messages processed, 0 SIMs marked inactive
[2026-07-29T08:30:02.467Z] INFO: [WIFI ALERT] All checks completed {"checked":0,"skipped":3,"alertsCreated":0,"alertsUpdated":0,"alertsResolved":0,"emailsSent":0,"emailErrors":[],"errors":[],"offlineAlertsCreated":0,"wifiOffAlertsCreated":0,"disconnectedAlertsCreated":0,"notificationsCreated":0}
[2026-07-29T08:30:02.469Z] INFO: WiFi alert check job completed
[2026-07-29T08:31:11.723Z] INFO: Email configuration check {"hasHost":true,"host":"smtp.gmail.com","port":587,"hasUser":true,"hasPass":true,"hasFrom":true,"hasApiKey":false,"apiProvider":null,"bypassEmail":false}
[2026-07-29T08:31:11.757Z] INFO: Email service initialized successfully (SMTP) {"host":"smtp.gmail.com","port":587,"user":"santoshshimpankar.ukvalley@gmail.com"}
[2026-07-29T08:31:15.572Z] INFO: [WhatsApp] Twilio client initialized successfully
[2026-07-29T08:31:15.599Z] INFO: [Telegram] Bot token configured, service ready
[2026-07-29T08:31:18.588Z] INFO: Email transporter verified successfully - emails will be sent
[2026-07-29T08:31:21.499Z] INFO: Initializing cron jobs...
[2026-07-29T08:31:21.624Z] INFO: Job recharge-reminder scheduled: 0 9 * * *
[2026-07-29T08:31:21.626Z] INFO: Job inactive-sim-alert scheduled: 0 10 * * *
[2026-07-29T08:31:21.628Z] INFO: Job subscription-expiry-check scheduled: 0 8 * * *
[2026-07-29T08:31:21.630Z] INFO: Job data-cleanup scheduled: 0 2 * * 0
[2026-07-29T08:31:21.632Z] INFO: Job whatsapp-inactive-check scheduled: */5 * * * *
[2026-07-29T08:31:21.635Z] INFO: Job telegram-inactive-check scheduled: */5 * * * *
[2026-07-29T08:31:21.638Z] INFO: Job wifi-alert-check scheduled: */20 * * * *
[2026-07-29T08:31:21.643Z] INFO: Job wifi-metrics-cleanup scheduled: 0 3 * * 0
[2026-07-29T08:31:21.647Z] INFO: Job report-delivery scheduled: * * * * *
[2026-07-29T08:31:21.647Z] INFO: All cron jobs initialized
[2026-07-29T08:35:00.522Z] INFO: Starting WhatsApp inactive check job
[2026-07-29T08:35:00.907Z] INFO: [WhatsApp Cron] Processing inactive messages...
[2026-07-29T08:35:00.913Z] INFO: Starting Telegram inactive check job
[2026-07-29T08:35:00.914Z] INFO: [Telegram Cron] Processing inactive messages...
[2026-07-29T08:35:00.982Z] INFO: [WhatsApp Cron] Processed 0 messages, updated 0 SIMs
[2026-07-29T08:35:00.983Z] INFO: WhatsApp inactive check completed: 0 messages processed, 0 SIMs marked inactive
[2026-07-29T08:35:00.986Z] INFO: [Telegram Cron] Processed 0 messages, updated 0 SIMs
[2026-07-29T08:35:00.988Z] INFO: Telegram inactive check completed: 0 messages processed, 0 SIMs marked inactive
[2026-07-29T08:40:00.828Z] INFO: Starting WhatsApp inactive check job
[2026-07-29T08:40:01.170Z] INFO: [WhatsApp Cron] Processing inactive messages...
[2026-07-29T08:40:01.538Z] INFO: [WhatsApp Cron] Processed 0 messages, updated 0 SIMs
[2026-07-29T08:40:01.539Z] INFO: WhatsApp inactive check completed: 0 messages processed, 0 SIMs marked inactive
[2026-07-29T08:45:00.047Z] INFO: Starting WhatsApp inactive check job
[2026-07-29T08:45:00.440Z] INFO: [WhatsApp Cron] Processing inactive messages...
[2026-07-29T08:45:00.442Z] INFO: Starting Telegram inactive check job
[2026-07-29T08:45:00.447Z] INFO: [Telegram Cron] Processing inactive messages...
[2026-07-29T08:45:00.512Z] INFO: [WhatsApp Cron] Processed 0 messages, updated 0 SIMs
[2026-07-29T08:45:00.513Z] INFO: WhatsApp inactive check completed: 0 messages processed, 0 SIMs marked inactive
[2026-07-29T08:45:00.531Z] INFO: [Telegram Cron] Processed 0 messages, updated 0 SIMs
[2026-07-29T08:45:00.532Z] INFO: Telegram inactive check completed: 0 messages processed, 0 SIMs marked inactive
[2026-07-29T08:50:00.991Z] INFO: Starting WhatsApp inactive check job
[2026-07-29T08:50:01.339Z] INFO: [WhatsApp Cron] Processing inactive messages...
[2026-07-29T08:50:01.402Z] INFO: [WhatsApp Cron] Processed 0 messages, updated 0 SIMs
[2026-07-29T08:50:01.403Z] INFO: WhatsApp inactive check completed: 0 messages processed, 0 SIMs marked inactive
[2026-07-29T08:55:00.554Z] INFO: Starting WhatsApp inactive check job
[2026-07-29T08:55:00.657Z] INFO: [WhatsApp Cron] Processing inactive messages...
[2026-07-29T08:55:00.662Z] INFO: Starting Telegram inactive check job
[2026-07-29T08:55:00.664Z] INFO: [Telegram Cron] Processing inactive messages...
[2026-07-29T08:55:00.725Z] INFO: [WhatsApp Cron] Processed 0 messages, updated 0 SIMs
[2026-07-29T08:55:00.726Z] INFO: WhatsApp inactive check completed: 0 messages processed, 0 SIMs marked inactive
[2026-07-29T08:55:00.734Z] INFO: [Telegram Cron] Processed 0 messages, updated 0 SIMs
[2026-07-29T08:55:00.736Z] INFO: Telegram inactive check completed: 0 messages processed, 0 SIMs marked inactive
[2026-07-29T09:00:00.055Z] INFO: Starting WhatsApp inactive check job
[2026-07-29T09:00:00.159Z] INFO: [WhatsApp Cron] Processing inactive messages...
[2026-07-29T09:00:00.161Z] INFO: Starting Telegram inactive check job
[2026-07-29T09:00:00.163Z] INFO: [Telegram Cron] Processing inactive messages...
[2026-07-29T09:00:00.220Z] INFO: [WhatsApp Cron] Processed 0 messages, updated 0 SIMs
[2026-07-29T09:00:00.221Z] INFO: WhatsApp inactive check completed: 0 messages processed, 0 SIMs marked inactive
[2026-07-29T09:00:00.231Z] INFO: [Telegram Cron] Processed 0 messages, updated 0 SIMs
[2026-07-29T09:00:00.232Z] INFO: Telegram inactive check completed: 0 messages processed, 0 SIMs marked inactive
[2026-07-29T09:05:00.914Z] INFO: Starting WhatsApp inactive check job
[2026-07-29T09:05:01.244Z] INFO: [WhatsApp Cron] Processing inactive messages...
[2026-07-29T09:05:01.310Z] INFO: [WhatsApp Cron] Processed 0 messages, updated 0 SIMs
[2026-07-29T09:05:01.310Z] INFO: WhatsApp inactive check completed: 0 messages processed, 0 SIMs marked inactive
[2026-07-29T09:10:00.253Z] INFO: Starting WhatsApp inactive check job
[2026-07-29T09:10:00.352Z] INFO: [WhatsApp Cron] Processing inactive messages...
[2026-07-29T09:10:00.354Z] INFO: Starting Telegram inactive check job
[2026-07-29T09:10:00.354Z] INFO: [Telegram Cron] Processing inactive messages...
[2026-07-29T09:10:00.364Z] INFO: Starting WiFi alert check job
[2026-07-29T09:10:00.420Z] INFO: [Telegram Cron] Processed 0 messages, updated 0 SIMs
[2026-07-29T09:10:00.421Z] INFO: Telegram inactive check completed: 0 messages processed, 0 SIMs marked inactive
[2026-07-29T09:10:00.422Z] INFO: [WhatsApp Cron] Processed 0 messages, updated 0 SIMs
[2026-07-29T09:10:00.423Z] INFO: WhatsApp inactive check completed: 0 messages processed, 0 SIMs marked inactive
[2026-07-29T09:10:02.400Z] INFO: [WIFI ALERT] All checks completed {"checked":0,"skipped":3,"alertsCreated":0,"alertsUpdated":0,"alertsResolved":0,"emailsSent":0,"emailErrors":[],"errors":[],"offlineAlertsCreated":0,"wifiOffAlertsCreated":0,"disconnectedAlertsCreated":0,"notificationsCreated":0}
[2026-07-29T09:10:02.404Z] INFO: WiFi alert check job completed
[2026-07-29T09:15:00.174Z] INFO: Starting WhatsApp inactive check job
[2026-07-29T09:15:00.524Z] INFO: [WhatsApp Cron] Processing inactive messages...
[2026-07-29T09:15:00.526Z] INFO: Starting Telegram inactive check job
[2026-07-29T09:15:00.527Z] INFO: [Telegram Cron] Processing inactive messages...
[2026-07-29T09:15:00.587Z] INFO: [WhatsApp Cron] Processed 0 messages, updated 0 SIMs
[2026-07-29T09:15:00.588Z] INFO: WhatsApp inactive check completed: 0 messages processed, 0 SIMs marked inactive
[2026-07-29T09:15:00.590Z] INFO: [Telegram Cron] Processed 0 messages, updated 0 SIMs
[2026-07-29T09:15:00.591Z] INFO: Telegram inactive check completed: 0 messages processed, 0 SIMs marked inactive
[2026-07-29T09:15:19.954Z] INFO: [CALL AUTOMATION] getEligibleSims called {"userId":"69f8b601247c51deb2aa1753","userRole":"admin","companyId":"69f8b601247c51deb2aa1751","userCompanyId":"69f8b601247c51deb2aa1751"}
[2026-07-29T09:15:19.968Z] INFO: [CALL AUTOMATION CONTROLLER] getConfig request: {"userId":"69f8b601247c51deb2aa1753","userRole":"admin","userCompanyId":"69f8b601247c51deb2aa1751","reqCompanyId":"69f8b601247c51deb2aa1751","queryCompanyId":"not provided","resolvedCompanyId":"69f8b601247c51deb2aa1751"}
[2026-07-29T09:15:19.970Z] INFO: [CALL AUTOMATION] getConfig called {"userId":"69f8b601247c51deb2aa1753","userRole":"admin","targetCompanyId":"69f8b601247c51deb2aa1751","targetCompanyIdType":"object","userCompanyId":"69f8b601247c51deb2aa1751","paramCompanyId":"69f8b601247c51deb2aa1751"}
[2026-07-29T09:15:20.272Z] INFO: [CALL AUTOMATION] getEligibleSims result {"totalSims":18,"callers":3,"potentialTargets":18,"callerNumbers":["+918805753927","+918805770897","+919637979102"]}
[2026-07-29T09:15:20.374Z] INFO: [CALL AUTOMATION] populateConfig: Mappings after population {"configId":"6a69aba1702aa7e92f0e8f05","mappingsCount":1,"mappings":[{"targetSimId":"6a69a547702aa7e92f0e8dcf","targetMobileNumber":"+919665522166","callerCount":1,"callerIds":["6a69a4af702aa7e92f0e8cc5"],"callDuration":10}]}
[2026-07-29T09:15:20.378Z] INFO: [CALL AUTOMATION] getConfig returning: {"configId":"6a69aba1702aa7e92f0e8f05","companyId":"69f8b601247c51deb2aa1751","mappingsCount":1,"frequency":"daily","scheduledTime":"13:19","isActive":true}
[2026-07-29T09:15:20.379Z] INFO: [CALL AUTOMATION CONTROLLER] getConfig response: {"configFound":true,"configId":"6a69aba1702aa7e92f0e8f05","companyId":"69f8b601247c51deb2aa1751","mappingsCount":1}
[2026-07-29T09:15:20.546Z] INFO: [CALL AUTOMATION] getEligibleSims called {"userId":"69f8b601247c51deb2aa1753","userRole":"admin","companyId":"69f8b601247c51deb2aa1751","userCompanyId":"69f8b601247c51deb2aa1751"}
[2026-07-29T09:15:20.650Z] INFO: [CALL AUTOMATION CONTROLLER] getConfig request: {"userId":"69f8b601247c51deb2aa1753","userRole":"admin","userCompanyId":"69f8b601247c51deb2aa1751","reqCompanyId":"69f8b601247c51deb2aa1751","queryCompanyId":"not provided","resolvedCompanyId":"69f8b601247c51deb2aa1751"}
[2026-07-29T09:15:20.651Z] INFO: [CALL AUTOMATION] getConfig called {"userId":"69f8b601247c51deb2aa1753","userRole":"admin","targetCompanyId":"69f8b601247c51deb2aa1751","targetCompanyIdType":"object","userCompanyId":"69f8b601247c51deb2aa1751","paramCompanyId":"69f8b601247c51deb2aa1751"}
[2026-07-29T09:15:20.673Z] INFO: [CALL AUTOMATION] getEligibleSims result {"totalSims":18,"callers":3,"potentialTargets":18,"callerNumbers":["+918805753927","+918805770897","+919637979102"]}
[2026-07-29T09:15:20.849Z] INFO: [CALL AUTOMATION] populateConfig: Mappings after population {"configId":"6a69aba1702aa7e92f0e8f05","mappingsCount":1,"mappings":[{"targetSimId":"6a69a547702aa7e92f0e8dcf","targetMobileNumber":"+919665522166","callerCount":1,"callerIds":["6a69a4af702aa7e92f0e8cc5"],"callDuration":10}]}
[2026-07-29T09:15:20.851Z] INFO: [CALL AUTOMATION] getConfig returning: {"configId":"6a69aba1702aa7e92f0e8f05","companyId":"69f8b601247c51deb2aa1751","mappingsCount":1,"frequency":"daily","scheduledTime":"13:19","isActive":true}
[2026-07-29T09:15:20.852Z] INFO: [CALL AUTOMATION CONTROLLER] getConfig response: {"configFound":true,"configId":"6a69aba1702aa7e92f0e8f05","companyId":"69f8b601247c51deb2aa1751","mappingsCount":1}
[2026-07-29T09:20:00.115Z] INFO: Starting WhatsApp inactive check job
[2026-07-29T09:20:00.224Z] INFO: [WhatsApp Cron] Processing inactive messages...
[2026-07-29T09:20:00.229Z] INFO: Starting Telegram inactive check job
[2026-07-29T09:20:00.230Z] INFO: [Telegram Cron] Processing inactive messages...
[2026-07-29T09:20:00.285Z] INFO: [Telegram Cron] Processed 0 messages, updated 0 SIMs
[2026-07-29T09:20:00.285Z] INFO: Telegram inactive check completed: 0 messages processed, 0 SIMs marked inactive
[2026-07-29T09:20:00.294Z] INFO: [WhatsApp Cron] Processed 0 messages, updated 0 SIMs
[2026-07-29T09:20:00.295Z] INFO: WhatsApp inactive check completed: 0 messages processed, 0 SIMs marked inactive
[2026-07-29T09:25:00.930Z] INFO: Starting WhatsApp inactive check job
[2026-07-29T09:25:01.257Z] INFO: [WhatsApp Cron] Processing inactive messages...
[2026-07-29T09:25:01.335Z] INFO: [WhatsApp Cron] Processed 0 messages, updated 0 SIMs
[2026-07-29T09:25:01.336Z] INFO: WhatsApp inactive check completed: 0 messages processed, 0 SIMs marked inactive
[2026-07-29T09:30:00.966Z] INFO: Starting WhatsApp inactive check job
[2026-07-29T09:30:01.309Z] INFO: [WhatsApp Cron] Processing inactive messages...
[2026-07-29T09:30:01.388Z] INFO: [WhatsApp Cron] Processed 0 messages, updated 0 SIMs
[2026-07-29T09:30:01.389Z] INFO: WhatsApp inactive check completed: 0 messages processed, 0 SIMs marked inactive
[2026-07-29T09:35:00.871Z] INFO: Starting WhatsApp inactive check job
[2026-07-29T09:35:01.285Z] INFO: [WhatsApp Cron] Processing inactive messages...
[2026-07-29T09:35:01.355Z] INFO: [WhatsApp Cron] Processed 0 messages, updated 0 SIMs
[2026-07-29T09:35:01.355Z] INFO: WhatsApp inactive check completed: 0 messages processed, 0 SIMs marked inactive
[2026-07-29T09:40:00.830Z] INFO: Starting WhatsApp inactive check job
[2026-07-29T09:40:00.848Z] INFO: [WhatsApp Cron] Processing inactive messages...
[2026-07-29T09:40:00.854Z] INFO: Starting Telegram inactive check job
[2026-07-29T09:40:00.905Z] INFO: [Telegram Cron] Processing inactive messages...
[2026-07-29T09:40:00.936Z] INFO: [WhatsApp Cron] Processed 0 messages, updated 0 SIMs
[2026-07-29T09:40:00.985Z] INFO: WhatsApp inactive check completed: 0 messages processed, 0 SIMs marked inactive
[2026-07-29T09:40:00.990Z] INFO: [Telegram Cron] Processed 0 messages, updated 0 SIMs
[2026-07-29T09:40:00.994Z] INFO: Telegram inactive check completed: 0 messages processed, 0 SIMs marked inactive
[2026-07-29T09:45:00.098Z] INFO: Starting WhatsApp inactive check job
[2026-07-29T09:45:00.114Z] INFO: [WhatsApp Cron] Processing inactive messages...
[2026-07-29T09:45:00.118Z] INFO: Starting Telegram inactive check job
[2026-07-29T09:45:00.118Z] INFO: [Telegram Cron] Processing inactive messages...
[2026-07-29T09:45:00.185Z] INFO: [WhatsApp Cron] Processed 0 messages, updated 0 SIMs
[2026-07-29T09:45:00.187Z] INFO: WhatsApp inactive check completed: 0 messages processed, 0 SIMs marked inactive
[2026-07-29T09:45:00.188Z] INFO: [Telegram Cron] Processed 0 messages, updated 0 SIMs
[2026-07-29T09:45:00.193Z] INFO: Telegram inactive check completed: 0 messages processed, 0 SIMs marked inactive
[2026-07-29T09:50:00.387Z] INFO: Starting WiFi alert check job
[2026-07-29T09:50:00.826Z] INFO: Starting WhatsApp inactive check job
[2026-07-29T09:50:00.827Z] INFO: [WhatsApp Cron] Processing inactive messages...
[2026-07-29T09:50:00.832Z] INFO: Starting Telegram inactive check job
[2026-07-29T09:50:00.833Z] INFO: [Telegram Cron] Processing inactive messages...
[2026-07-29T09:50:00.890Z] INFO: [WhatsApp Cron] Processed 0 messages, updated 0 SIMs
[2026-07-29T09:50:00.891Z] INFO: WhatsApp inactive check completed: 0 messages processed, 0 SIMs marked inactive
[2026-07-29T09:50:00.895Z] INFO: [Telegram Cron] Processed 0 messages, updated 0 SIMs
[2026-07-29T09:50:00.896Z] INFO: Telegram inactive check completed: 0 messages processed, 0 SIMs marked inactive
[2026-07-29T09:50:02.457Z] INFO: [WIFI ALERT] All checks completed {"checked":0,"skipped":3,"alertsCreated":0,"alertsUpdated":0,"alertsResolved":0,"emailsSent":0,"emailErrors":[],"errors":[],"offlineAlertsCreated":0,"wifiOffAlertsCreated":0,"disconnectedAlertsCreated":0,"notificationsCreated":0}
[2026-07-29T09:50:02.458Z] INFO: WiFi alert check job completed
[2026-07-29T09:55:00.875Z] INFO: Starting WhatsApp inactive check job
[2026-07-29T09:55:00.935Z] INFO: [WhatsApp Cron] Processing inactive messages...
[2026-07-29T09:55:00.941Z] INFO: Starting Telegram inactive check job
[2026-07-29T09:55:00.942Z] INFO: [Telegram Cron] Processing inactive messages...
[2026-07-29T09:55:00.992Z] INFO: [WhatsApp Cron] Processed 0 messages, updated 0 SIMs
[2026-07-29T09:55:00.993Z] INFO: WhatsApp inactive check completed: 0 messages processed, 0 SIMs marked inactive
[2026-07-29T09:55:01.001Z] INFO: [Telegram Cron] Processed 0 messages, updated 0 SIMs
[2026-07-29T09:55:01.003Z] INFO: Telegram inactive check completed: 0 messages processed, 0 SIMs marked inactive
[2026-07-29T10:00:00.490Z] INFO: Starting WhatsApp inactive check job
[2026-07-29T10:00:00.804Z] INFO: [WhatsApp Cron] Processing inactive messages...
[2026-07-29T10:00:00.807Z] INFO: Starting Telegram inactive check job
[2026-07-29T10:00:00.808Z] INFO: [Telegram Cron] Processing inactive messages...
[2026-07-29T10:00:00.875Z] INFO: [Telegram Cron] Processed 0 messages, updated 0 SIMs
[2026-07-29T10:00:00.876Z] INFO: Telegram inactive check completed: 0 messages processed, 0 SIMs marked inactive
[2026-07-29T10:00:00.877Z] INFO: [WhatsApp Cron] Processed 0 messages, updated 0 SIMs
[2026-07-29T10:00:00.878Z] INFO: WhatsApp inactive check completed: 0 messages processed, 0 SIMs marked inactive
[2026-07-29T10:05:00.348Z] INFO: Starting WhatsApp inactive check job
[2026-07-29T10:05:00.665Z] INFO: [WhatsApp Cron] Processing inactive messages...
[2026-07-29T10:05:00.668Z] INFO: Starting Telegram inactive check job
[2026-07-29T10:05:00.669Z] INFO: [Telegram Cron] Processing inactive messages...
[2026-07-29T10:05:00.734Z] INFO: [Telegram Cron] Processed 0 messages, updated 0 SIMs
[2026-07-29T10:05:00.735Z] INFO: Telegram inactive check completed: 0 messages processed, 0 SIMs marked inactive
[2026-07-29T10:05:00.740Z] INFO: [WhatsApp Cron] Processed 0 messages, updated 0 SIMs
[2026-07-29T10:05:00.741Z] INFO: WhatsApp inactive check completed: 0 messages processed, 0 SIMs marked inactive
[2026-07-29T10:10:00.217Z] INFO: Starting WhatsApp inactive check job
[2026-07-29T10:10:00.249Z] INFO: [WhatsApp Cron] Processing inactive messages...
[2026-07-29T10:10:00.252Z] INFO: Starting Telegram inactive check job
[2026-07-29T10:10:00.254Z] INFO: [Telegram Cron] Processing inactive messages...
[2026-07-29T10:10:00.259Z] INFO: Starting WiFi alert check job
[2026-07-29T10:10:00.317Z] INFO: [WhatsApp Cron] Processed 0 messages, updated 0 SIMs
[2026-07-29T10:10:00.319Z] INFO: WhatsApp inactive check completed: 0 messages processed, 0 SIMs marked inactive
[2026-07-29T10:10:00.321Z] INFO: [Telegram Cron] Processed 0 messages, updated 0 SIMs
[2026-07-29T10:10:00.321Z] INFO: Telegram inactive check completed: 0 messages processed, 0 SIMs marked inactive
[2026-07-29T10:10:02.299Z] INFO: [WIFI ALERT] All checks completed {"checked":0,"skipped":3,"alertsCreated":0,"alertsUpdated":0,"alertsResolved":0,"emailsSent":0,"emailErrors":[],"errors":[],"offlineAlertsCreated":0,"wifiOffAlertsCreated":0,"disconnectedAlertsCreated":0,"notificationsCreated":0}
[2026-07-29T10:10:02.301Z] INFO: WiFi alert check job completed
[2026-07-29T10:15:00.752Z] INFO: Starting WhatsApp inactive check job
[2026-07-29T10:15:00.761Z] INFO: [WhatsApp Cron] Processing inactive messages...
[2026-07-29T10:15:00.765Z] INFO: Starting Telegram inactive check job
[2026-07-29T10:15:00.766Z] INFO: [Telegram Cron] Processing inactive messages...
[2026-07-29T10:15:00.831Z] INFO: [Telegram Cron] Processed 0 messages, updated 0 SIMs
[2026-07-29T10:15:00.832Z] INFO: Telegram inactive check completed: 0 messages processed, 0 SIMs marked inactive
[2026-07-29T10:15:00.838Z] INFO: [WhatsApp Cron] Processed 0 messages, updated 0 SIMs
[2026-07-29T10:15:00.839Z] INFO: WhatsApp inactive check completed: 0 messages processed, 0 SIMs marked inactive
[2026-07-29T10:16:25.571Z] INFO: Email configuration check {"hasHost":true,"host":"smtp.gmail.com","port":587,"hasUser":true,"hasPass":true,"hasFrom":true,"hasApiKey":false,"apiProvider":null,"bypassEmail":false}
[2026-07-29T10:16:25.606Z] INFO: Email service initialized successfully (SMTP) {"host":"smtp.gmail.com","port":587,"user":"santoshshimpankar.ukvalley@gmail.com"}
[2026-07-29T10:16:31.596Z] INFO: [WhatsApp] Twilio client initialized successfully
[2026-07-29T10:16:31.618Z] INFO: [Telegram] Bot token configured, service ready
[2026-07-29T10:16:34.686Z] INFO: Email transporter verified successfully - emails will be sent
[2026-07-29T10:16:37.271Z] INFO: Initializing cron jobs...
[2026-07-29T10:16:37.561Z] INFO: Job recharge-reminder scheduled: 0 9 * * *
[2026-07-29T10:16:37.578Z] INFO: Job inactive-sim-alert scheduled: 0 10 * * *
[2026-07-29T10:16:37.584Z] INFO: Job subscription-expiry-check scheduled: 0 8 * * *
[2026-07-29T10:16:37.588Z] INFO: Job data-cleanup scheduled: 0 2 * * 0
[2026-07-29T10:16:37.596Z] INFO: Job whatsapp-inactive-check scheduled: */5 * * * *
[2026-07-29T10:16:37.606Z] INFO: Job telegram-inactive-check scheduled: */5 * * * *
[2026-07-29T10:16:37.612Z] INFO: Job wifi-alert-check scheduled: */20 * * * *
[2026-07-29T10:16:37.615Z] INFO: Job wifi-metrics-cleanup scheduled: 0 3 * * 0
[2026-07-29T10:16:37.629Z] INFO: Job report-delivery scheduled: * * * * *
[2026-07-29T10:16:37.630Z] INFO: All cron jobs initialized
[2026-07-29T10:20:00.098Z] INFO: Starting WhatsApp inactive check job
[2026-07-29T10:20:00.136Z] INFO: [WhatsApp Cron] Processing inactive messages...
[2026-07-29T10:20:00.167Z] INFO: Starting Telegram inactive check job
[2026-07-29T10:20:00.173Z] INFO: [Telegram Cron] Processing inactive messages...
[2026-07-29T10:20:00.313Z] INFO: [WhatsApp Cron] Processed 0 messages, updated 0 SIMs
[2026-07-29T10:20:00.314Z] INFO: WhatsApp inactive check completed: 0 messages processed, 0 SIMs marked inactive
[2026-07-29T10:20:00.319Z] INFO: [Telegram Cron] Processed 0 messages, updated 0 SIMs
[2026-07-29T10:20:00.320Z] INFO: Telegram inactive check completed: 0 messages processed, 0 SIMs marked inactive
[2026-07-29T10:25:00.587Z] INFO: Starting WhatsApp inactive check job
[2026-07-29T10:25:00.610Z] INFO: [WhatsApp Cron] Processing inactive messages...
[2026-07-29T10:25:00.665Z] INFO: Starting Telegram inactive check job
[2026-07-29T10:25:00.667Z] INFO: [Telegram Cron] Processing inactive messages...
[2026-07-29T10:25:00.699Z] INFO: [WhatsApp Cron] Processed 0 messages, updated 0 SIMs
[2026-07-29T10:25:00.700Z] INFO: WhatsApp inactive check completed: 0 messages processed, 0 SIMs marked inactive
[2026-07-29T10:25:00.733Z] INFO: [Telegram Cron] Processed 0 messages, updated 0 SIMs
[2026-07-29T10:25:00.734Z] INFO: Telegram inactive check completed: 0 messages processed, 0 SIMs marked inactive
[2026-07-29T10:30:00.569Z] INFO: Starting WhatsApp inactive check job
[2026-07-29T10:30:00.617Z] INFO: [WhatsApp Cron] Processing inactive messages...
[2026-07-29T10:30:00.632Z] INFO: Starting Telegram inactive check job
[2026-07-29T10:30:00.635Z] INFO: [Telegram Cron] Processing inactive messages...
[2026-07-29T10:30:00.641Z] INFO: Starting WiFi alert check job
[2026-07-29T10:30:00.743Z] INFO: [WhatsApp Cron] Processed 0 messages, updated 0 SIMs
[2026-07-29T10:30:00.744Z] INFO: WhatsApp inactive check completed: 0 messages processed, 0 SIMs marked inactive
[2026-07-29T10:30:00.746Z] INFO: [Telegram Cron] Processed 0 messages, updated 0 SIMs
[2026-07-29T10:30:00.747Z] INFO: Telegram inactive check completed: 0 messages processed, 0 SIMs marked inactive
[2026-07-29T10:30:02.620Z] INFO: [WIFI ALERT] All checks completed {"checked":0,"skipped":3,"alertsCreated":0,"alertsUpdated":0,"alertsResolved":0,"emailsSent":0,"emailErrors":[],"errors":[],"offlineAlertsCreated":0,"wifiOffAlertsCreated":0,"disconnectedAlertsCreated":0,"notificationsCreated":0}
[2026-07-29T10:30:02.621Z] INFO: WiFi alert check job completed
[2026-07-29T10:35:00.971Z] INFO: Starting WhatsApp inactive check job
[2026-07-29T10:35:01.085Z] INFO: [WhatsApp Cron] Processing inactive messages...
[2026-07-29T10:35:01.157Z] INFO: [WhatsApp Cron] Processed 0 messages, updated 0 SIMs
[2026-07-29T10:35:01.157Z] INFO: WhatsApp inactive check completed: 0 messages processed, 0 SIMs marked inactive
[2026-07-29T10:40:00.841Z] INFO: Starting WhatsApp inactive check job
[2026-07-29T10:40:00.971Z] INFO: [WhatsApp Cron] Processing inactive messages...
[2026-07-29T10:40:00.975Z] INFO: Starting Telegram inactive check job
[2026-07-29T10:40:00.978Z] INFO: [Telegram Cron] Processing inactive messages...
[2026-07-29T10:40:01.033Z] INFO: [WhatsApp Cron] Processed 0 messages, updated 0 SIMs
[2026-07-29T10:40:01.034Z] INFO: WhatsApp inactive check completed: 0 messages processed, 0 SIMs marked inactive
[2026-07-29T10:40:01.035Z] INFO: [Telegram Cron] Processed 0 messages, updated 0 SIMs
[2026-07-29T10:40:01.036Z] INFO: Telegram inactive check completed: 0 messages processed, 0 SIMs marked inactive
[2026-07-29T10:45:00.226Z] INFO: Starting WhatsApp inactive check job
[2026-07-29T10:45:00.299Z] INFO: [WhatsApp Cron] Processing inactive messages...
[2026-07-29T10:45:00.346Z] INFO: Starting Telegram inactive check job
[2026-07-29T10:45:00.479Z] INFO: [Telegram Cron] Processing inactive messages...
[2026-07-29T10:45:00.590Z] INFO: [WhatsApp Cron] Processed 0 messages, updated 0 SIMs
[2026-07-29T10:45:00.622Z] INFO: WhatsApp inactive check completed: 0 messages processed, 0 SIMs marked inactive
[2026-07-29T10:45:00.729Z] INFO: [Telegram Cron] Processed 0 messages, updated 0 SIMs
[2026-07-29T10:45:00.782Z] INFO: Telegram inactive check completed: 0 messages processed, 0 SIMs marked inactive
[2026-07-29T10:50:00.469Z] INFO: Starting WhatsApp inactive check job
[2026-07-29T10:50:00.523Z] INFO: [WhatsApp Cron] Processing inactive messages...
[2026-07-29T10:50:00.532Z] INFO: Starting Telegram inactive check job
[2026-07-29T10:50:00.534Z] INFO: [Telegram Cron] Processing inactive messages...
[2026-07-29T10:50:00.542Z] INFO: Starting WiFi alert check job
[2026-07-29T10:50:00.926Z] INFO: [Telegram Cron] Processed 0 messages, updated 0 SIMs
[2026-07-29T10:50:00.962Z] INFO: Telegram inactive check completed: 0 messages processed, 0 SIMs marked inactive
[2026-07-29T10:50:01.016Z] INFO: [WhatsApp Cron] Processed 0 messages, updated 0 SIMs
[2026-07-29T10:50:01.055Z] INFO: WhatsApp inactive check completed: 0 messages processed, 0 SIMs marked inactive
[2026-07-29T10:50:05.409Z] INFO: [WIFI ALERT] All checks completed {"checked":0,"skipped":3,"alertsCreated":0,"alertsUpdated":0,"alertsResolved":0,"emailsSent":0,"emailErrors":[],"errors":[],"offlineAlertsCreated":0,"wifiOffAlertsCreated":0,"disconnectedAlertsCreated":0,"notificationsCreated":0}
[2026-07-29T10:50:05.440Z] INFO: WiFi alert check job completed
[2026-07-29T10:55:00.466Z] INFO: Starting WhatsApp inactive check job
[2026-07-29T10:55:00.682Z] INFO: [WhatsApp Cron] Processing inactive messages...
[2026-07-29T10:55:00.761Z] INFO: Starting Telegram inactive check job
[2026-07-29T10:55:00.785Z] INFO: [Telegram Cron] Processing inactive messages...
[2026-07-29T10:55:00.976Z] INFO: [WhatsApp Cron] Processed 0 messages, updated 0 SIMs
[2026-07-29T10:55:01.067Z] INFO: WhatsApp inactive check completed: 0 messages processed, 0 SIMs marked inactive
[2026-07-29T10:55:01.200Z] INFO: [Telegram Cron] Processed 0 messages, updated 0 SIMs
[2026-07-29T10:55:01.331Z] INFO: Telegram inactive check completed: 0 messages processed, 0 SIMs marked inactive
[2026-07-29T11:00:00.479Z] INFO: Starting WhatsApp inactive check job
[2026-07-29T11:00:00.605Z] INFO: [WhatsApp Cron] Processing inactive messages...
[2026-07-29T11:00:00.687Z] INFO: Starting Telegram inactive check job
[2026-07-29T11:00:00.695Z] INFO: [Telegram Cron] Processing inactive messages...
[2026-07-29T11:00:00.807Z] INFO: [WhatsApp Cron] Processed 0 messages, updated 0 SIMs
[2026-07-29T11:00:00.836Z] INFO: WhatsApp inactive check completed: 0 messages processed, 0 SIMs marked inactive
[2026-07-29T11:00:00.869Z] INFO: [Telegram Cron] Processed 0 messages, updated 0 SIMs
[2026-07-29T11:00:00.901Z] INFO: Telegram inactive check completed: 0 messages processed, 0 SIMs marked inactive
[2026-07-29T11:05:00.234Z] INFO: Starting WhatsApp inactive check job
[2026-07-29T11:05:00.428Z] INFO: [WhatsApp Cron] Processing inactive messages...
[2026-07-29T11:05:00.504Z] INFO: Starting Telegram inactive check job
[2026-07-29T11:05:00.534Z] INFO: [Telegram Cron] Processing inactive messages...
[2026-07-29T11:05:00.670Z] INFO: [WhatsApp Cron] Processed 0 messages, updated 0 SIMs
[2026-07-29T11:05:00.688Z] INFO: WhatsApp inactive check completed: 0 messages processed, 0 SIMs marked inactive
[2026-07-29T11:05:00.728Z] INFO: [Telegram Cron] Processed 0 messages, updated 0 SIMs
[2026-07-29T11:05:00.780Z] INFO: Telegram inactive check completed: 0 messages processed, 0 SIMs marked inactive
[2026-07-29T11:10:00.166Z] INFO: Starting WhatsApp inactive check job
[2026-07-29T11:10:00.320Z] INFO: [WhatsApp Cron] Processing inactive messages...
[2026-07-29T11:10:00.420Z] INFO: Starting Telegram inactive check job
[2026-07-29T11:10:00.423Z] INFO: [Telegram Cron] Processing inactive messages...
[2026-07-29T11:10:00.430Z] INFO: Starting WiFi alert check job
[2026-07-29T11:10:00.502Z] INFO: [Telegram Cron] Processed 0 messages, updated 0 SIMs
[2026-07-29T11:10:00.505Z] INFO: Telegram inactive check completed: 0 messages processed, 0 SIMs marked inactive
[2026-07-29T11:10:00.508Z] INFO: [WhatsApp Cron] Processed 0 messages, updated 0 SIMs
[2026-07-29T11:10:00.509Z] INFO: WhatsApp inactive check completed: 0 messages processed, 0 SIMs marked inactive
[2026-07-29T11:10:03.225Z] INFO: [WIFI ALERT] All checks completed {"checked":0,"skipped":3,"alertsCreated":0,"alertsUpdated":0,"alertsResolved":0,"emailsSent":0,"emailErrors":[],"errors":[],"offlineAlertsCreated":0,"wifiOffAlertsCreated":0,"disconnectedAlertsCreated":0,"notificationsCreated":0}
[2026-07-29T11:10:03.227Z] INFO: WiFi alert check job completed
[2026-07-29T11:15:00.643Z] INFO: Starting WhatsApp inactive check job
[2026-07-29T11:15:00.751Z] INFO: [WhatsApp Cron] Processing inactive messages...
[2026-07-29T11:15:00.757Z] INFO: Starting Telegram inactive check job
[2026-07-29T11:15:00.758Z] INFO: [Telegram Cron] Processing inactive messages...
[2026-07-29T11:15:00.823Z] INFO: [Telegram Cron] Processed 0 messages, updated 0 SIMs
[2026-07-29T11:15:00.823Z] INFO: Telegram inactive check completed: 0 messages processed, 0 SIMs marked inactive
[2026-07-29T11:15:00.828Z] INFO: [WhatsApp Cron] Processed 0 messages, updated 0 SIMs
[2026-07-29T11:15:00.829Z] INFO: WhatsApp inactive check completed: 0 messages processed, 0 SIMs marked inactive
[2026-07-29T11:20:00.115Z] INFO: Starting WhatsApp inactive check job
[2026-07-29T11:20:00.432Z] INFO: [WhatsApp Cron] Processing inactive messages...
[2026-07-29T11:20:00.436Z] INFO: Starting Telegram inactive check job
[2026-07-29T11:20:00.437Z] INFO: [Telegram Cron] Processing inactive messages...
[2026-07-29T11:20:00.601Z] INFO: [WhatsApp Cron] Processed 0 messages, updated 0 SIMs
[2026-07-29T11:20:00.603Z] INFO: WhatsApp inactive check completed: 0 messages processed, 0 SIMs marked inactive
[2026-07-29T11:20:00.619Z] INFO: [Telegram Cron] Processed 0 messages, updated 0 SIMs
[2026-07-29T11:20:00.620Z] INFO: Telegram inactive check completed: 0 messages processed, 0 SIMs marked inactive
[2026-07-29T11:25:00.868Z] INFO: Starting WhatsApp inactive check job
[2026-07-29T11:25:01.215Z] INFO: [WhatsApp Cron] Processing inactive messages...
[2026-07-29T11:25:01.287Z] INFO: [WhatsApp Cron] Processed 0 messages, updated 0 SIMs
[2026-07-29T11:25:01.288Z] INFO: WhatsApp inactive check completed: 0 messages processed, 0 SIMs marked inactive
[2026-07-29T11:30:00.035Z] INFO: Starting WhatsApp inactive check job
[2026-07-29T11:30:00.364Z] INFO: [WhatsApp Cron] Processing inactive messages...
[2026-07-29T11:30:00.368Z] INFO: Starting Telegram inactive check job
[2026-07-29T11:30:00.371Z] INFO: [Telegram Cron] Processing inactive messages...
[2026-07-29T11:30:00.376Z] INFO: Starting WiFi alert check job
[2026-07-29T11:30:00.431Z] INFO: [WhatsApp Cron] Processed 0 messages, updated 0 SIMs
[2026-07-29T11:30:00.432Z] INFO: WhatsApp inactive check completed: 0 messages processed, 0 SIMs marked inactive
[2026-07-29T11:30:00.441Z] INFO: [Telegram Cron] Processed 0 messages, updated 0 SIMs
[2026-07-29T11:30:00.442Z] INFO: Telegram inactive check completed: 0 messages processed, 0 SIMs marked inactive
[2026-07-29T11:30:02.110Z] INFO: [WIFI ALERT] All checks completed {"checked":0,"skipped":3,"alertsCreated":0,"alertsUpdated":0,"alertsResolved":0,"emailsSent":0,"emailErrors":[],"errors":[],"offlineAlertsCreated":0,"wifiOffAlertsCreated":0,"disconnectedAlertsCreated":0,"notificationsCreated":0}
[2026-07-29T11:30:02.111Z] INFO: WiFi alert check job completed
[2026-07-29T11:35:00.817Z] INFO: Starting WhatsApp inactive check job
[2026-07-29T11:35:01.031Z] INFO: [WhatsApp Cron] Processing inactive messages...
[2026-07-29T11:35:01.301Z] INFO: [WhatsApp Cron] Processed 0 messages, updated 0 SIMs
[2026-07-29T11:35:01.311Z] INFO: WhatsApp inactive check completed: 0 messages processed, 0 SIMs marked inactive
[2026-07-29T11:40:00.983Z] INFO: Starting WhatsApp inactive check job
[2026-07-29T11:40:01.032Z] INFO: [WhatsApp Cron] Processing inactive messages...
[2026-07-29T11:40:01.109Z] INFO: [WhatsApp Cron] Processed 0 messages, updated 0 SIMs
[2026-07-29T11:40:01.131Z] INFO: WhatsApp inactive check completed: 0 messages processed, 0 SIMs marked inactive
[2026-07-29T11:45:00.989Z] INFO: Starting WhatsApp inactive check job
[2026-07-29T11:45:01.005Z] INFO: [WhatsApp Cron] Processing inactive messages...
[2026-07-29T11:45:01.068Z] INFO: [WhatsApp Cron] Processed 0 messages, updated 0 SIMs
[2026-07-29T11:45:01.070Z] INFO: WhatsApp inactive check completed: 0 messages processed, 0 SIMs marked inactive
[2026-07-29T11:55:00.206Z] INFO: Starting WhatsApp inactive check job
[2026-07-29T11:55:00.230Z] INFO: [WhatsApp Cron] Processing inactive messages...
[2026-07-29T11:55:00.242Z] INFO: Starting Telegram inactive check job
[2026-07-29T11:55:00.248Z] INFO: [Telegram Cron] Processing inactive messages...
[2026-07-29T11:55:00.317Z] INFO: [WhatsApp Cron] Processed 0 messages, updated 0 SIMs
[2026-07-29T11:55:00.318Z] INFO: WhatsApp inactive check completed: 0 messages processed, 0 SIMs marked inactive
[2026-07-29T11:55:00.382Z] INFO: [Telegram Cron] Processed 0 messages, updated 0 SIMs
[2026-07-29T11:55:00.388Z] INFO: Telegram inactive check completed: 0 messages processed, 0 SIMs marked inactive
[2026-07-29T12:00:00.431Z] INFO: Starting WhatsApp inactive check job
[2026-07-29T12:00:00.545Z] INFO: [WhatsApp Cron] Processing inactive messages...
[2026-07-29T12:00:00.557Z] INFO: Starting Telegram inactive check job
[2026-07-29T12:00:00.559Z] INFO: [Telegram Cron] Processing inactive messages...
[2026-07-29T12:00:01.000Z] INFO: [WhatsApp Cron] Processed 0 messages, updated 0 SIMs
[2026-07-29T12:00:01.001Z] INFO: WhatsApp inactive check completed: 0 messages processed, 0 SIMs marked inactive
[2026-07-29T12:00:01.010Z] INFO: [Telegram Cron] Processed 0 messages, updated 0 SIMs
[2026-07-29T12:00:01.011Z] INFO: Telegram inactive check completed: 0 messages processed, 0 SIMs marked inactive
[2026-07-29T12:05:00.777Z] INFO: Starting WhatsApp inactive check job
[2026-07-29T12:05:00.807Z] INFO: [WhatsApp Cron] Processing inactive messages...
[2026-07-29T12:05:00.881Z] INFO: [WhatsApp Cron] Processed 0 messages, updated 0 SIMs
[2026-07-29T12:05:00.882Z] INFO: WhatsApp inactive check completed: 0 messages processed, 0 SIMs marked inactive
[2026-07-29T12:05:00.919Z] INFO: Starting Telegram inactive check job
[2026-07-29T12:05:00.920Z] INFO: [Telegram Cron] Processing inactive messages...
[2026-07-29T12:05:00.985Z] INFO: [Telegram Cron] Processed 0 messages, updated 0 SIMs
[2026-07-29T12:05:00.986Z] INFO: Telegram inactive check completed: 0 messages processed, 0 SIMs marked inactive
[2026-07-29T12:10:00.034Z] INFO: Starting Telegram inactive check job
[2026-07-29T12:10:00.137Z] INFO: [Telegram Cron] Processing inactive messages...
[2026-07-29T12:10:00.142Z] INFO: Starting WiFi alert check job
[2026-07-29T12:10:00.260Z] INFO: [Telegram Cron] Processed 0 messages, updated 0 SIMs
[2026-07-29T12:10:00.261Z] INFO: Telegram inactive check completed: 0 messages processed, 0 SIMs marked inactive
[2026-07-29T12:10:00.744Z] INFO: Starting WhatsApp inactive check job
[2026-07-29T12:10:00.745Z] INFO: [WhatsApp Cron] Processing inactive messages...
[2026-07-29T12:10:00.814Z] INFO: [WhatsApp Cron] Processed 0 messages, updated 0 SIMs
[2026-07-29T12:10:00.815Z] INFO: WhatsApp inactive check completed: 0 messages processed, 0 SIMs marked inactive
[2026-07-29T12:10:02.594Z] INFO: [WIFI ALERT] All checks completed {"checked":0,"skipped":3,"alertsCreated":0,"alertsUpdated":0,"alertsResolved":0,"emailsSent":0,"emailErrors":[],"errors":[],"offlineAlertsCreated":0,"wifiOffAlertsCreated":0,"disconnectedAlertsCreated":0,"notificationsCreated":0}
[2026-07-29T12:10:02.595Z] INFO: WiFi alert check job completed
[2026-07-29T12:15:00.443Z] INFO: Starting WhatsApp inactive check job
[2026-07-29T12:15:00.514Z] INFO: [WhatsApp Cron] Processing inactive messages...
[2026-07-29T12:15:00.577Z] INFO: [WhatsApp Cron] Processed 0 messages, updated 0 SIMs
[2026-07-29T12:15:00.578Z] INFO: WhatsApp inactive check completed: 0 messages processed, 0 SIMs marked inactive
[2026-07-29T12:15:00.771Z] INFO: Starting Telegram inactive check job
[2026-07-29T12:15:00.772Z] INFO: [Telegram Cron] Processing inactive messages...
[2026-07-29T12:15:00.828Z] INFO: [Telegram Cron] Processed 0 messages, updated 0 SIMs
[2026-07-29T12:15:00.829Z] INFO: Telegram inactive check completed: 0 messages processed, 0 SIMs marked inactive
[2026-07-29T12:20:00.380Z] INFO: Starting WhatsApp inactive check job
[2026-07-29T12:20:00.490Z] INFO: [WhatsApp Cron] Processing inactive messages...
[2026-07-29T12:20:00.506Z] INFO: [WhatsApp Cron] Processed 0 messages, updated 0 SIMs
[2026-07-29T12:20:00.507Z] INFO: WhatsApp inactive check completed: 0 messages processed, 0 SIMs marked inactive
[2026-07-29T12:20:00.706Z] INFO: Starting Telegram inactive check job
[2026-07-29T12:20:00.707Z] INFO: [Telegram Cron] Processing inactive messages...
[2026-07-29T12:20:00.722Z] INFO: [Telegram Cron] Processed 0 messages, updated 0 SIMs
[2026-07-29T12:20:00.723Z] INFO: Telegram inactive check completed: 0 messages processed, 0 SIMs marked inactive
[2026-07-29T12:25:00.802Z] INFO: Starting WhatsApp inactive check job
[2026-07-29T12:25:00.840Z] INFO: [WhatsApp Cron] Processing inactive messages...
[2026-07-29T12:25:00.850Z] INFO: Starting Telegram inactive check job
[2026-07-29T12:25:00.853Z] INFO: [Telegram Cron] Processing inactive messages...
[2026-07-29T12:25:00.920Z] INFO: [WhatsApp Cron] Processed 0 messages, updated 0 SIMs
[2026-07-29T12:25:00.921Z] INFO: WhatsApp inactive check completed: 0 messages processed, 0 SIMs marked inactive
[2026-07-29T12:25:00.924Z] INFO: [Telegram Cron] Processed 0 messages, updated 0 SIMs
[2026-07-29T12:25:00.925Z] INFO: Telegram inactive check completed: 0 messages processed, 0 SIMs marked inactive
[2026-07-29T12:30:00.638Z] INFO: Starting WhatsApp inactive check job
[2026-07-29T12:30:00.849Z] INFO: [WhatsApp Cron] Processing inactive messages...
[2026-07-29T12:30:00.960Z] INFO: Starting Telegram inactive check job
[2026-07-29T12:30:00.983Z] INFO: [Telegram Cron] Processing inactive messages...
[2026-07-29T12:30:01.024Z] INFO: [WhatsApp Cron] Processed 0 messages, updated 0 SIMs
[2026-07-29T12:30:01.042Z] INFO: WhatsApp inactive check completed: 0 messages processed, 0 SIMs marked inactive
[2026-07-29T12:30:01.060Z] INFO: [Telegram Cron] Processed 0 messages, updated 0 SIMs
[2026-07-29T12:30:01.087Z] INFO: Telegram inactive check completed: 0 messages processed, 0 SIMs marked inactive
[2026-07-29T12:35:00.768Z] INFO: Starting WhatsApp inactive check job
[2026-07-29T12:35:01.109Z] INFO: [WhatsApp Cron] Processing inactive messages...
[2026-07-29T12:35:01.130Z] INFO: [WhatsApp Cron] Processed 0 messages, updated 0 SIMs
[2026-07-29T12:35:01.131Z] INFO: WhatsApp inactive check completed: 0 messages processed, 0 SIMs marked inactive
[2026-07-29T12:45:00.780Z] INFO: Starting WhatsApp inactive check job
[2026-07-29T12:45:01.142Z] INFO: [WhatsApp Cron] Processing inactive messages...
[2026-07-29T12:45:01.171Z] INFO: [WhatsApp Cron] Processed 0 messages, updated 0 SIMs
[2026-07-29T12:45:01.173Z] INFO: WhatsApp inactive check completed: 0 messages processed, 0 SIMs marked inactive
[2026-07-29T12:50:00.028Z] INFO: Starting WhatsApp inactive check job
[2026-07-29T12:50:00.362Z] INFO: [WhatsApp Cron] Processing inactive messages...
[2026-07-29T12:50:00.368Z] INFO: Starting Telegram inactive check job
[2026-07-29T12:50:00.372Z] INFO: [Telegram Cron] Processing inactive messages...
[2026-07-29T12:50:00.378Z] INFO: Starting WiFi alert check job
[2026-07-29T12:50:00.464Z] INFO: [WhatsApp Cron] Processed 0 messages, updated 0 SIMs
[2026-07-29T12:50:00.464Z] INFO: WhatsApp inactive check completed: 0 messages processed, 0 SIMs marked inactive
[2026-07-29T12:50:00.466Z] INFO: [Telegram Cron] Processed 0 messages, updated 0 SIMs
[2026-07-29T12:50:00.467Z] INFO: Telegram inactive check completed: 0 messages processed, 0 SIMs marked inactive
[2026-07-29T12:50:00.929Z] INFO: [WIFI ALERT] All checks completed {"checked":0,"skipped":3,"alertsCreated":0,"alertsUpdated":0,"alertsResolved":0,"emailsSent":0,"emailErrors":[],"errors":[],"offlineAlertsCreated":0,"wifiOffAlertsCreated":0,"disconnectedAlertsCreated":0,"notificationsCreated":0}
[2026-07-29T12:50:00.930Z] INFO: WiFi alert check job completed
[2026-07-29T12:55:00.087Z] INFO: Starting WhatsApp inactive check job
[2026-07-29T12:55:00.423Z] INFO: [WhatsApp Cron] Processing inactive messages...
[2026-07-29T12:55:00.426Z] INFO: Starting Telegram inactive check job
[2026-07-29T12:55:00.428Z] INFO: [Telegram Cron] Processing inactive messages...
[2026-07-29T12:55:00.450Z] INFO: [Telegram Cron] Processed 0 messages, updated 0 SIMs
[2026-07-29T12:55:00.451Z] INFO: Telegram inactive check completed: 0 messages processed, 0 SIMs marked inactive
[2026-07-29T12:55:00.453Z] INFO: [WhatsApp Cron] Processed 0 messages, updated 0 SIMs
[2026-07-29T12:55:00.453Z] INFO: WhatsApp inactive check completed: 0 messages processed, 0 SIMs marked inactive
[2026-07-29T13:00:00.237Z] INFO: Starting WhatsApp inactive check job
[2026-07-29T13:00:00.637Z] INFO: [WhatsApp Cron] Processing inactive messages...
[2026-07-29T13:00:00.641Z] INFO: Starting Telegram inactive check job
[2026-07-29T13:00:00.642Z] INFO: [Telegram Cron] Processing inactive messages...
[2026-07-29T13:00:00.652Z] INFO: [WhatsApp Cron] Processed 0 messages, updated 0 SIMs
[2026-07-29T13:00:00.653Z] INFO: WhatsApp inactive check completed: 0 messages processed, 0 SIMs marked inactive
[2026-07-29T13:00:00.656Z] INFO: [Telegram Cron] Processed 0 messages, updated 0 SIMs
[2026-07-29T13:00:00.657Z] INFO: Telegram inactive check completed: 0 messages processed, 0 SIMs marked inactive
[2026-07-29T13:04:20.387Z] INFO: [CALL AUTOMATION] getEligibleSims called {"userId":"69f8b601247c51deb2aa1753","userRole":"admin","companyId":"69f8b601247c51deb2aa1751","userCompanyId":"69f8b601247c51deb2aa1751"}
[2026-07-29T13:04:20.420Z] INFO: [CALL AUTOMATION CONTROLLER] getConfig request: {"userId":"69f8b601247c51deb2aa1753","userRole":"admin","userCompanyId":"69f8b601247c51deb2aa1751","reqCompanyId":"69f8b601247c51deb2aa1751","queryCompanyId":"not provided","resolvedCompanyId":"69f8b601247c51deb2aa1751"}
[2026-07-29T13:04:20.423Z] INFO: [CALL AUTOMATION] getConfig called {"userId":"69f8b601247c51deb2aa1753","userRole":"admin","targetCompanyId":"69f8b601247c51deb2aa1751","targetCompanyIdType":"object","userCompanyId":"69f8b601247c51deb2aa1751","paramCompanyId":"69f8b601247c51deb2aa1751"}
[2026-07-29T13:04:20.645Z] INFO: [CALL AUTOMATION] getEligibleSims result {"totalSims":18,"callers":3,"potentialTargets":18,"callerNumbers":["+918805753927","+918805770897","+919637979102"]}
[2026-07-29T13:04:20.685Z] INFO: [CALL AUTOMATION] populateConfig: Mappings after population {"configId":"6a69aba1702aa7e92f0e8f05","mappingsCount":1,"mappings":[{"targetSimId":"6a69a547702aa7e92f0e8dcf","targetMobileNumber":"+919665522166","callerCount":1,"callerIds":["6a69a4af702aa7e92f0e8cc5"],"callDuration":10}]}
[2026-07-29T13:04:20.689Z] INFO: [CALL AUTOMATION] getConfig returning: {"configId":"6a69aba1702aa7e92f0e8f05","companyId":"69f8b601247c51deb2aa1751","mappingsCount":1,"frequency":"daily","scheduledTime":"13:19","isActive":true}
[2026-07-29T13:04:20.690Z] INFO: [CALL AUTOMATION CONTROLLER] getConfig response: {"configFound":true,"configId":"6a69aba1702aa7e92f0e8f05","companyId":"69f8b601247c51deb2aa1751","mappingsCount":1}
[2026-07-29T13:04:20.764Z] INFO: [CALL AUTOMATION] getEligibleSims called {"userId":"69f8b601247c51deb2aa1753","userRole":"admin","companyId":"69f8b601247c51deb2aa1751","userCompanyId":"69f8b601247c51deb2aa1751"}
[2026-07-29T13:04:20.801Z] INFO: [CALL AUTOMATION CONTROLLER] getConfig request: {"userId":"69f8b601247c51deb2aa1753","userRole":"admin","userCompanyId":"69f8b601247c51deb2aa1751","reqCompanyId":"69f8b601247c51deb2aa1751","queryCompanyId":"not provided","resolvedCompanyId":"69f8b601247c51deb2aa1751"}
[2026-07-29T13:04:20.802Z] INFO: [CALL AUTOMATION] getConfig called {"userId":"69f8b601247c51deb2aa1753","userRole":"admin","targetCompanyId":"69f8b601247c51deb2aa1751","targetCompanyIdType":"object","userCompanyId":"69f8b601247c51deb2aa1751","paramCompanyId":"69f8b601247c51deb2aa1751"}
[2026-07-29T13:04:20.816Z] INFO: [CALL AUTOMATION] getEligibleSims result {"totalSims":18,"callers":3,"potentialTargets":18,"callerNumbers":["+918805753927","+918805770897","+919637979102"]}
[2026-07-29T13:04:20.867Z] INFO: [CALL AUTOMATION] populateConfig: Mappings after population {"configId":"6a69aba1702aa7e92f0e8f05","mappingsCount":1,"mappings":[{"targetSimId":"6a69a547702aa7e92f0e8dcf","targetMobileNumber":"+919665522166","callerCount":1,"callerIds":["6a69a4af702aa7e92f0e8cc5"],"callDuration":10}]}
[2026-07-29T13:04:20.870Z] INFO: [CALL AUTOMATION] getConfig returning: {"configId":"6a69aba1702aa7e92f0e8f05","companyId":"69f8b601247c51deb2aa1751","mappingsCount":1,"frequency":"daily","scheduledTime":"13:19","isActive":true}
[2026-07-29T13:04:20.872Z] INFO: [CALL AUTOMATION CONTROLLER] getConfig response: {"configFound":true,"configId":"6a69aba1702aa7e92f0e8f05","companyId":"69f8b601247c51deb2aa1751","mappingsCount":1}
[2026-07-29T13:04:45.920Z] INFO: [CALL AUTOMATION CONTROLLER] saveConfig request: {"userId":"69f8b601247c51deb2aa1753","userRole":"admin","userCompanyId":"69f8b601247c51deb2aa1751","mappingsCount":1,"targetCallerMappings":[{"targetSimId":"6a69a547702aa7e92f0e8dcf","callerSimIds":["6a69a4af702aa7e92f0e8cc5"],"callDuration":10}],"frequency":"daily","callDuration":19,"scheduledTime":"18:36","scheduledDay":"monday","isActive":true}
[2026-07-29T13:04:45.924Z] INFO: [CALL AUTOMATION] saveConfig called {"userId":"69f8b601247c51deb2aa1753","userRole":"admin","companyId":"69f8b601247c51deb2aa1751","companyIdType":"object","userCompanyId":"69f8b601247c51deb2aa1751","mappingsCount":1}
[2026-07-29T13:04:45.966Z] INFO: [CALL AUTOMATION] saveConfig called with: {"companyId":"69f8b601247c51deb2aa1751","isNewFormat":true,"frequency":"daily","scheduledTime":"18:36","scheduledDay":"monday","callDuration":19,"isActive":true,"existingConfig":"6a69aba1702aa7e92f0e8f05"}
[2026-07-29T13:04:46.034Z] INFO: [CALL AUTOMATION] Config saved successfully: {"configId":"6a69aba1702aa7e92f0e8f05","companyId":"69f8b601247c51deb2aa1751","isNew":"update","mappingsCount":1,"mappings":[{"targetSimId":"6a69a547702aa7e92f0e8dcf","callerSimIds":["6a69a4af702aa7e92f0e8cc5"],"callDuration":10}],"frequency":"daily","scheduledTime":"18:36","isActive":true}
[2026-07-29T13:04:46.069Z] INFO: [CALL AUTOMATION] populateConfig: Mappings after population {"configId":"6a69aba1702aa7e92f0e8f05","mappingsCount":1,"mappings":[{"targetSimId":"6a69a547702aa7e92f0e8dcf","targetMobileNumber":"+919665522166","callerCount":1,"callerIds":["6a69a4af702aa7e92f0e8cc5"],"callDuration":10}]}
[2026-07-29T13:04:46.098Z] INFO: Audit log created: CALL_AUTOMATION.CALL_AUTOMATION_CONFIG_SAVE {"logId":"6a69fa6ec6f95d18f3334278","performedBy":"69f8b601247c51deb2aa1753","companyId":"69f8b601247c51deb2aa1751"}
[2026-07-29T13:04:46.181Z] INFO: [CALL AUTOMATION CONTROLLER] getConfig request: {"userId":"69f8b601247c51deb2aa1753","userRole":"admin","userCompanyId":"69f8b601247c51deb2aa1751","reqCompanyId":"69f8b601247c51deb2aa1751","queryCompanyId":"not provided","resolvedCompanyId":"69f8b601247c51deb2aa1751"}
[2026-07-29T13:04:46.282Z] INFO: [CALL AUTOMATION] getConfig called {"userId":"69f8b601247c51deb2aa1753","userRole":"admin","targetCompanyId":"69f8b601247c51deb2aa1751","targetCompanyIdType":"object","userCompanyId":"69f8b601247c51deb2aa1751","paramCompanyId":"69f8b601247c51deb2aa1751"}
[2026-07-29T13:04:46.288Z] INFO: [CALL AUTOMATION] getEligibleSims called {"userId":"69f8b601247c51deb2aa1753","userRole":"admin","companyId":"69f8b601247c51deb2aa1751","userCompanyId":"69f8b601247c51deb2aa1751"}
[2026-07-29T13:04:46.332Z] INFO: [CALL AUTOMATION] getEligibleSims result {"totalSims":18,"callers":3,"potentialTargets":18,"callerNumbers":["+918805753927","+918805770897","+919637979102"]}
[2026-07-29T13:04:46.356Z] INFO: [CALL AUTOMATION] populateConfig: Mappings after population {"configId":"6a69aba1702aa7e92f0e8f05","mappingsCount":1,"mappings":[{"targetSimId":"6a69a547702aa7e92f0e8dcf","targetMobileNumber":"+919665522166","callerCount":1,"callerIds":["6a69a4af702aa7e92f0e8cc5"],"callDuration":10}]}
[2026-07-29T13:04:46.361Z] INFO: [CALL AUTOMATION] getConfig returning: {"configId":"6a69aba1702aa7e92f0e8f05","companyId":"69f8b601247c51deb2aa1751","mappingsCount":1,"frequency":"daily","scheduledTime":"18:36","isActive":true}
[2026-07-29T13:04:46.362Z] INFO: [CALL AUTOMATION CONTROLLER] getConfig response: {"configFound":true,"configId":"6a69aba1702aa7e92f0e8f05","companyId":"69f8b601247c51deb2aa1751","mappingsCount":1}
[2026-07-29T13:05:00.428Z] INFO: Starting WhatsApp inactive check job
[2026-07-29T13:05:00.430Z] INFO: [WhatsApp Cron] Processing inactive messages...
[2026-07-29T13:05:00.433Z] INFO: Starting Telegram inactive check job
[2026-07-29T13:05:00.434Z] INFO: [Telegram Cron] Processing inactive messages...
[2026-07-29T13:05:00.445Z] INFO: [WhatsApp Cron] Processed 0 messages, updated 0 SIMs
[2026-07-29T13:05:00.446Z] INFO: WhatsApp inactive check completed: 0 messages processed, 0 SIMs marked inactive
[2026-07-29T13:05:00.450Z] INFO: [Telegram Cron] Processed 0 messages, updated 0 SIMs
[2026-07-29T13:05:00.451Z] INFO: Telegram inactive check completed: 0 messages processed, 0 SIMs marked inactive
[2026-07-29T13:08:13.330Z] INFO: [CALL AUTOMATION CONTROLLER] saveConfig request: {"userId":"69f8b601247c51deb2aa1753","userRole":"admin","userCompanyId":"69f8b601247c51deb2aa1751","mappingsCount":1,"targetCallerMappings":[{"targetSimId":"6a69a547702aa7e92f0e8dcf","callerSimIds":["6a69a4af702aa7e92f0e8cc5"],"callDuration":10}],"frequency":"daily","callDuration":19,"scheduledTime":"18:40","scheduledDay":"monday","isActive":true}
[2026-07-29T13:08:13.332Z] INFO: [CALL AUTOMATION] saveConfig called {"userId":"69f8b601247c51deb2aa1753","userRole":"admin","companyId":"69f8b601247c51deb2aa1751","companyIdType":"object","userCompanyId":"69f8b601247c51deb2aa1751","mappingsCount":1}
[2026-07-29T13:08:13.368Z] INFO: [CALL AUTOMATION] saveConfig called with: {"companyId":"69f8b601247c51deb2aa1751","isNewFormat":true,"frequency":"daily","scheduledTime":"18:40","scheduledDay":"monday","callDuration":19,"isActive":true,"existingConfig":"6a69aba1702aa7e92f0e8f05"}
[2026-07-29T13:08:13.414Z] INFO: [CALL AUTOMATION] Config saved successfully: {"configId":"6a69aba1702aa7e92f0e8f05","companyId":"69f8b601247c51deb2aa1751","isNew":"update","mappingsCount":1,"mappings":[{"targetSimId":"6a69a547702aa7e92f0e8dcf","callerSimIds":["6a69a4af702aa7e92f0e8cc5"],"callDuration":10}],"frequency":"daily","scheduledTime":"18:40","isActive":true}
[2026-07-29T13:08:13.450Z] INFO: [CALL AUTOMATION] populateConfig: Mappings after population {"configId":"6a69aba1702aa7e92f0e8f05","mappingsCount":1,"mappings":[{"targetSimId":"6a69a547702aa7e92f0e8dcf","targetMobileNumber":"+919665522166","callerCount":1,"callerIds":["6a69a4af702aa7e92f0e8cc5"],"callDuration":10}]}
[2026-07-29T13:08:13.473Z] INFO: Audit log created: CALL_AUTOMATION.CALL_AUTOMATION_CONFIG_SAVE {"logId":"6a69fb3dc6f95d18f33342c0","performedBy":"69f8b601247c51deb2aa1753","companyId":"69f8b601247c51deb2aa1751"}
[2026-07-29T13:08:13.559Z] INFO: [CALL AUTOMATION CONTROLLER] getConfig request: {"userId":"69f8b601247c51deb2aa1753","userRole":"admin","userCompanyId":"69f8b601247c51deb2aa1751","reqCompanyId":"69f8b601247c51deb2aa1751","queryCompanyId":"not provided","resolvedCompanyId":"69f8b601247c51deb2aa1751"}
[2026-07-29T13:08:13.560Z] INFO: [CALL AUTOMATION] getConfig called {"userId":"69f8b601247c51deb2aa1753","userRole":"admin","targetCompanyId":"69f8b601247c51deb2aa1751","targetCompanyIdType":"object","userCompanyId":"69f8b601247c51deb2aa1751","paramCompanyId":"69f8b601247c51deb2aa1751"}
[2026-07-29T13:08:13.569Z] INFO: [CALL AUTOMATION] getEligibleSims called {"userId":"69f8b601247c51deb2aa1753","userRole":"admin","companyId":"69f8b601247c51deb2aa1751","userCompanyId":"69f8b601247c51deb2aa1751"}
[2026-07-29T13:08:13.619Z] INFO: [CALL AUTOMATION] getEligibleSims result {"totalSims":18,"callers":3,"potentialTargets":18,"callerNumbers":["+918805753927","+918805770897","+919637979102"]}
[2026-07-29T13:08:13.636Z] INFO: [CALL AUTOMATION] populateConfig: Mappings after population {"configId":"6a69aba1702aa7e92f0e8f05","mappingsCount":1,"mappings":[{"targetSimId":"6a69a547702aa7e92f0e8dcf","targetMobileNumber":"+919665522166","callerCount":1,"callerIds":["6a69a4af702aa7e92f0e8cc5"],"callDuration":10}]}
[2026-07-29T13:08:13.641Z] INFO: [CALL AUTOMATION] getConfig returning: {"configId":"6a69aba1702aa7e92f0e8f05","companyId":"69f8b601247c51deb2aa1751","mappingsCount":1,"frequency":"daily","scheduledTime":"18:40","isActive":true}
[2026-07-29T13:08:13.643Z] INFO: [CALL AUTOMATION CONTROLLER] getConfig response: {"configFound":true,"configId":"6a69aba1702aa7e92f0e8f05","companyId":"69f8b601247c51deb2aa1751","mappingsCount":1}
[2026-07-29T13:10:00.612Z] INFO: Starting WhatsApp inactive check job
[2026-07-29T13:10:00.713Z] INFO: [WhatsApp Cron] Processing inactive messages...
[2026-07-29T13:10:00.719Z] INFO: Starting Telegram inactive check job
[2026-07-29T13:10:00.721Z] INFO: [Telegram Cron] Processing inactive messages...
[2026-07-29T13:10:00.726Z] INFO: Starting WiFi alert check job
[2026-07-29T13:10:00.735Z] INFO: [WhatsApp Cron] Processed 0 messages, updated 0 SIMs
[2026-07-29T13:10:00.737Z] INFO: WhatsApp inactive check completed: 0 messages processed, 0 SIMs marked inactive
[2026-07-29T13:10:00.739Z] INFO: [Telegram Cron] Processed 0 messages, updated 0 SIMs
[2026-07-29T13:10:00.740Z] INFO: Telegram inactive check completed: 0 messages processed, 0 SIMs marked inactive
[2026-07-29T13:10:01.479Z] INFO: [WIFI ALERT] All checks completed {"checked":0,"skipped":3,"alertsCreated":0,"alertsUpdated":0,"alertsResolved":0,"emailsSent":0,"emailErrors":[],"errors":[],"offlineAlertsCreated":0,"wifiOffAlertsCreated":0,"disconnectedAlertsCreated":0,"notificationsCreated":0}
[2026-07-29T13:10:01.480Z] INFO: WiFi alert check job completed
[2026-07-29T13:12:50.711Z] INFO: [CALL AUTOMATION CONTROLLER] saveConfig request: {"userId":"69f8b601247c51deb2aa1753","userRole":"admin","userCompanyId":"69f8b601247c51deb2aa1751","mappingsCount":1,"targetCallerMappings":[{"targetSimId":"6a69a547702aa7e92f0e8dcf","callerSimIds":["6a69a4af702aa7e92f0e8cc5"],"callDuration":10}],"frequency":"daily","callDuration":19,"scheduledTime":"18:45","scheduledDay":"monday","isActive":true}
[2026-07-29T13:12:50.713Z] INFO: [CALL AUTOMATION] saveConfig called {"userId":"69f8b601247c51deb2aa1753","userRole":"admin","companyId":"69f8b601247c51deb2aa1751","companyIdType":"object","userCompanyId":"69f8b601247c51deb2aa1751","mappingsCount":1}
[2026-07-29T13:12:50.784Z] INFO: [CALL AUTOMATION] saveConfig called with: {"companyId":"69f8b601247c51deb2aa1751","isNewFormat":true,"frequency":"daily","scheduledTime":"18:45","scheduledDay":"monday","callDuration":19,"isActive":true,"existingConfig":"6a69aba1702aa7e92f0e8f05"}
[2026-07-29T13:12:50.834Z] INFO: [CALL AUTOMATION] Config saved successfully: {"configId":"6a69aba1702aa7e92f0e8f05","companyId":"69f8b601247c51deb2aa1751","isNew":"update","mappingsCount":1,"mappings":[{"targetSimId":"6a69a547702aa7e92f0e8dcf","callerSimIds":["6a69a4af702aa7e92f0e8cc5"],"callDuration":10}],"frequency":"daily","scheduledTime":"18:45","isActive":true}
[2026-07-29T13:12:50.877Z] INFO: [CALL AUTOMATION] populateConfig: Mappings after population {"configId":"6a69aba1702aa7e92f0e8f05","mappingsCount":1,"mappings":[{"targetSimId":"6a69a547702aa7e92f0e8dcf","targetMobileNumber":"+919665522166","callerCount":1,"callerIds":["6a69a4af702aa7e92f0e8cc5"],"callDuration":10}]}
[2026-07-29T13:12:50.899Z] INFO: Audit log created: CALL_AUTOMATION.CALL_AUTOMATION_CONFIG_SAVE {"logId":"6a69fc52c6f95d18f3334324","performedBy":"69f8b601247c51deb2aa1753","companyId":"69f8b601247c51deb2aa1751"}
[2026-07-29T13:12:50.988Z] INFO: [CALL AUTOMATION CONTROLLER] getConfig request: {"userId":"69f8b601247c51deb2aa1753","userRole":"admin","userCompanyId":"69f8b601247c51deb2aa1751","reqCompanyId":"69f8b601247c51deb2aa1751","queryCompanyId":"not provided","resolvedCompanyId":"69f8b601247c51deb2aa1751"}
[2026-07-29T13:12:50.990Z] INFO: [CALL AUTOMATION] getConfig called {"userId":"69f8b601247c51deb2aa1753","userRole":"admin","targetCompanyId":"69f8b601247c51deb2aa1751","targetCompanyIdType":"object","userCompanyId":"69f8b601247c51deb2aa1751","paramCompanyId":"69f8b601247c51deb2aa1751"}
[2026-07-29T13:12:50.998Z] INFO: [CALL AUTOMATION] getEligibleSims called {"userId":"69f8b601247c51deb2aa1753","userRole":"admin","companyId":"69f8b601247c51deb2aa1751","userCompanyId":"69f8b601247c51deb2aa1751"}
[2026-07-29T13:12:51.045Z] INFO: [CALL AUTOMATION] getEligibleSims result {"totalSims":18,"callers":3,"potentialTargets":18,"callerNumbers":["+918805753927","+918805770897","+919637979102"]}
[2026-07-29T13:12:51.320Z] INFO: [CALL AUTOMATION] populateConfig: Mappings after population {"configId":"6a69aba1702aa7e92f0e8f05","mappingsCount":1,"mappings":[{"targetSimId":"6a69a547702aa7e92f0e8dcf","targetMobileNumber":"+919665522166","callerCount":1,"callerIds":["6a69a4af702aa7e92f0e8cc5"],"callDuration":10}]}
[2026-07-29T13:12:51.324Z] INFO: [CALL AUTOMATION] getConfig returning: {"configId":"6a69aba1702aa7e92f0e8f05","companyId":"69f8b601247c51deb2aa1751","mappingsCount":1,"frequency":"daily","scheduledTime":"18:45","isActive":true}
[2026-07-29T13:12:51.326Z] INFO: [CALL AUTOMATION CONTROLLER] getConfig response: {"configFound":true,"configId":"6a69aba1702aa7e92f0e8f05","companyId":"69f8b601247c51deb2aa1751","mappingsCount":1}
[2026-07-29T13:13:12.985Z] INFO: [CALL AUTOMATION CONTROLLER] saveConfig request: {"userId":"69f8b601247c51deb2aa1753","userRole":"admin","userCompanyId":"69f8b601247c51deb2aa1751","mappingsCount":1,"targetCallerMappings":[{"targetSimId":"6a69a547702aa7e92f0e8dcf","callerSimIds":["6a69a4af702aa7e92f0e8cc5"],"callDuration":10}],"frequency":"daily","callDuration":19,"scheduledTime":"18:44","scheduledDay":"monday","isActive":true}
[2026-07-29T13:13:12.988Z] INFO: [CALL AUTOMATION] saveConfig called {"userId":"69f8b601247c51deb2aa1753","userRole":"admin","companyId":"69f8b601247c51deb2aa1751","companyIdType":"object","userCompanyId":"69f8b601247c51deb2aa1751","mappingsCount":1}
[2026-07-29T13:13:13.024Z] INFO: [CALL AUTOMATION] saveConfig called with: {"companyId":"69f8b601247c51deb2aa1751","isNewFormat":true,"frequency":"daily","scheduledTime":"18:44","scheduledDay":"monday","callDuration":19,"isActive":true,"existingConfig":"6a69aba1702aa7e92f0e8f05"}
[2026-07-29T13:13:13.048Z] INFO: [CALL AUTOMATION] Config saved successfully: {"configId":"6a69aba1702aa7e92f0e8f05","companyId":"69f8b601247c51deb2aa1751","isNew":"update","mappingsCount":1,"mappings":[{"targetSimId":"6a69a547702aa7e92f0e8dcf","callerSimIds":["6a69a4af702aa7e92f0e8cc5"],"callDuration":10}],"frequency":"daily","scheduledTime":"18:44","isActive":true}
[2026-07-29T13:13:13.081Z] INFO: [CALL AUTOMATION] populateConfig: Mappings after population {"configId":"6a69aba1702aa7e92f0e8f05","mappingsCount":1,"mappings":[{"targetSimId":"6a69a547702aa7e92f0e8dcf","targetMobileNumber":"+919665522166","callerCount":1,"callerIds":["6a69a4af702aa7e92f0e8cc5"],"callDuration":10}]}
[2026-07-29T13:13:13.105Z] INFO: Audit log created: CALL_AUTOMATION.CALL_AUTOMATION_CONFIG_SAVE {"logId":"6a69fc69c6f95d18f3334343","performedBy":"69f8b601247c51deb2aa1753","companyId":"69f8b601247c51deb2aa1751"}
[2026-07-29T13:13:13.188Z] INFO: [CALL AUTOMATION CONTROLLER] getConfig request: {"userId":"69f8b601247c51deb2aa1753","userRole":"admin","userCompanyId":"69f8b601247c51deb2aa1751","reqCompanyId":"69f8b601247c51deb2aa1751","queryCompanyId":"not provided","resolvedCompanyId":"69f8b601247c51deb2aa1751"}
[2026-07-29T13:13:13.189Z] INFO: [CALL AUTOMATION] getConfig called {"userId":"69f8b601247c51deb2aa1753","userRole":"admin","targetCompanyId":"69f8b601247c51deb2aa1751","targetCompanyIdType":"object","userCompanyId":"69f8b601247c51deb2aa1751","paramCompanyId":"69f8b601247c51deb2aa1751"}
[2026-07-29T13:13:13.196Z] INFO: [CALL AUTOMATION] getEligibleSims called {"userId":"69f8b601247c51deb2aa1753","userRole":"admin","companyId":"69f8b601247c51deb2aa1751","userCompanyId":"69f8b601247c51deb2aa1751"}
[2026-07-29T13:13:13.236Z] INFO: [CALL AUTOMATION] getEligibleSims result {"totalSims":18,"callers":3,"potentialTargets":18,"callerNumbers":["+918805753927","+918805770897","+919637979102"]}
[2026-07-29T13:13:13.247Z] INFO: [CALL AUTOMATION] populateConfig: Mappings after population {"configId":"6a69aba1702aa7e92f0e8f05","mappingsCount":1,"mappings":[{"targetSimId":"6a69a547702aa7e92f0e8dcf","targetMobileNumber":"+919665522166","callerCount":1,"callerIds":["6a69a4af702aa7e92f0e8cc5"],"callDuration":10}]}
[2026-07-29T13:13:13.251Z] INFO: [CALL AUTOMATION] getConfig returning: {"configId":"6a69aba1702aa7e92f0e8f05","companyId":"69f8b601247c51deb2aa1751","mappingsCount":1,"frequency":"daily","scheduledTime":"18:44","isActive":true}
[2026-07-29T13:13:13.255Z] INFO: [CALL AUTOMATION CONTROLLER] getConfig response: {"configFound":true,"configId":"6a69aba1702aa7e92f0e8f05","companyId":"69f8b601247c51deb2aa1751","mappingsCount":1}
[2026-07-29T13:15:00.852Z] INFO: Starting WhatsApp inactive check job
[2026-07-29T13:15:00.853Z] INFO: [WhatsApp Cron] Processing inactive messages...
[2026-07-29T13:15:00.869Z] INFO: [WhatsApp Cron] Processed 0 messages, updated 0 SIMs
[2026-07-29T13:15:00.870Z] INFO: WhatsApp inactive check completed: 0 messages processed, 0 SIMs marked inactive
[2026-07-29T13:15:00.911Z] INFO: Starting Telegram inactive check job
[2026-07-29T13:15:00.913Z] INFO: [Telegram Cron] Processing inactive messages...
[2026-07-29T13:15:00.929Z] INFO: [Telegram Cron] Processed 0 messages, updated 0 SIMs
[2026-07-29T13:15:00.930Z] INFO: Telegram inactive check completed: 0 messages processed, 0 SIMs marked inactive
[2026-07-29T13:15:01.712Z] INFO: [CALL AUTOMATION CONTROLLER] saveConfig request: {"userId":"69f8b601247c51deb2aa1753","userRole":"admin","userCompanyId":"69f8b601247c51deb2aa1751","mappingsCount":1,"targetCallerMappings":[{"targetSimId":"6a69a547702aa7e92f0e8dcf","callerSimIds":["6a69a4af702aa7e92f0e8cc5"],"callDuration":10}],"frequency":"daily","callDuration":19,"scheduledTime":"18:46","scheduledDay":"monday","isActive":true}
[2026-07-29T13:15:01.714Z] INFO: [CALL AUTOMATION] saveConfig called {"userId":"69f8b601247c51deb2aa1753","userRole":"admin","companyId":"69f8b601247c51deb2aa1751","companyIdType":"object","userCompanyId":"69f8b601247c51deb2aa1751","mappingsCount":1}
[2026-07-29T13:15:01.750Z] INFO: [CALL AUTOMATION] saveConfig called with: {"companyId":"69f8b601247c51deb2aa1751","isNewFormat":true,"frequency":"daily","scheduledTime":"18:46","scheduledDay":"monday","callDuration":19,"isActive":true,"existingConfig":"6a69aba1702aa7e92f0e8f05"}
[2026-07-29T13:15:01.791Z] INFO: [CALL AUTOMATION] Config saved successfully: {"configId":"6a69aba1702aa7e92f0e8f05","companyId":"69f8b601247c51deb2aa1751","isNew":"update","mappingsCount":1,"mappings":[{"targetSimId":"6a69a547702aa7e92f0e8dcf","callerSimIds":["6a69a4af702aa7e92f0e8cc5"],"callDuration":10}],"frequency":"daily","scheduledTime":"18:46","isActive":true}
[2026-07-29T13:15:01.827Z] INFO: [CALL AUTOMATION] populateConfig: Mappings after population {"configId":"6a69aba1702aa7e92f0e8f05","mappingsCount":1,"mappings":[{"targetSimId":"6a69a547702aa7e92f0e8dcf","targetMobileNumber":"+919665522166","callerCount":1,"callerIds":["6a69a4af702aa7e92f0e8cc5"],"callDuration":10}]}
[2026-07-29T13:15:01.850Z] INFO: Audit log created: CALL_AUTOMATION.CALL_AUTOMATION_CONFIG_SAVE {"logId":"6a69fcd5c6f95d18f3334380","performedBy":"69f8b601247c51deb2aa1753","companyId":"69f8b601247c51deb2aa1751"}
[2026-07-29T13:15:01.930Z] INFO: [CALL AUTOMATION CONTROLLER] getConfig request: {"userId":"69f8b601247c51deb2aa1753","userRole":"admin","userCompanyId":"69f8b601247c51deb2aa1751","reqCompanyId":"69f8b601247c51deb2aa1751","queryCompanyId":"not provided","resolvedCompanyId":"69f8b601247c51deb2aa1751"}
[2026-07-29T13:15:01.932Z] INFO: [CALL AUTOMATION] getConfig called {"userId":"69f8b601247c51deb2aa1753","userRole":"admin","targetCompanyId":"69f8b601247c51deb2aa1751","targetCompanyIdType":"object","userCompanyId":"69f8b601247c51deb2aa1751","paramCompanyId":"69f8b601247c51deb2aa1751"}
[2026-07-29T13:15:01.938Z] INFO: [CALL AUTOMATION] getEligibleSims called {"userId":"69f8b601247c51deb2aa1753","userRole":"admin","companyId":"69f8b601247c51deb2aa1751","userCompanyId":"69f8b601247c51deb2aa1751"}
[2026-07-29T13:15:01.979Z] INFO: [CALL AUTOMATION] getEligibleSims result {"totalSims":18,"callers":3,"potentialTargets":18,"callerNumbers":["+918805753927","+918805770897","+919637979102"]}
[2026-07-29T13:15:01.996Z] INFO: [CALL AUTOMATION] populateConfig: Mappings after population {"configId":"6a69aba1702aa7e92f0e8f05","mappingsCount":1,"mappings":[{"targetSimId":"6a69a547702aa7e92f0e8dcf","targetMobileNumber":"+919665522166","callerCount":1,"callerIds":["6a69a4af702aa7e92f0e8cc5"],"callDuration":10}]}
[2026-07-29T13:15:02.000Z] INFO: [CALL AUTOMATION] getConfig returning: {"configId":"6a69aba1702aa7e92f0e8f05","companyId":"69f8b601247c51deb2aa1751","mappingsCount":1,"frequency":"daily","scheduledTime":"18:46","isActive":true}
[2026-07-29T13:15:02.001Z] INFO: [CALL AUTOMATION CONTROLLER] getConfig response: {"configFound":true,"configId":"6a69aba1702aa7e92f0e8f05","companyId":"69f8b601247c51deb2aa1751","mappingsCount":1}
[2026-07-29T13:16:01.446Z] INFO: [CALL AUTOMATION CONTROLLER] saveConfig request: {"userId":"69f8b601247c51deb2aa1753","userRole":"admin","userCompanyId":"69f8b601247c51deb2aa1751","mappingsCount":1,"targetCallerMappings":[{"targetSimId":"6a69a547702aa7e92f0e8dcf","callerSimIds":["6a69a4af702aa7e92f0e8cc5"],"callDuration":10}],"frequency":"daily","callDuration":19,"scheduledTime":"18:48","scheduledDay":"monday","isActive":true}
[2026-07-29T13:16:01.448Z] INFO: [CALL AUTOMATION] saveConfig called {"userId":"69f8b601247c51deb2aa1753","userRole":"admin","companyId":"69f8b601247c51deb2aa1751","companyIdType":"object","userCompanyId":"69f8b601247c51deb2aa1751","mappingsCount":1}
[2026-07-29T13:16:01.482Z] INFO: [CALL AUTOMATION] saveConfig called with: {"companyId":"69f8b601247c51deb2aa1751","isNewFormat":true,"frequency":"daily","scheduledTime":"18:48","scheduledDay":"monday","callDuration":19,"isActive":true,"existingConfig":"6a69aba1702aa7e92f0e8f05"}
[2026-07-29T13:16:01.513Z] INFO: [CALL AUTOMATION] Config saved successfully: {"configId":"6a69aba1702aa7e92f0e8f05","companyId":"69f8b601247c51deb2aa1751","isNew":"update","mappingsCount":1,"mappings":[{"targetSimId":"6a69a547702aa7e92f0e8dcf","callerSimIds":["6a69a4af702aa7e92f0e8cc5"],"callDuration":10}],"frequency":"daily","scheduledTime":"18:48","isActive":true}
[2026-07-29T13:16:01.549Z] INFO: [CALL AUTOMATION] populateConfig: Mappings after population {"configId":"6a69aba1702aa7e92f0e8f05","mappingsCount":1,"mappings":[{"targetSimId":"6a69a547702aa7e92f0e8dcf","targetMobileNumber":"+919665522166","callerCount":1,"callerIds":["6a69a4af702aa7e92f0e8cc5"],"callDuration":10}]}
[2026-07-29T13:16:01.572Z] INFO: Audit log created: CALL_AUTOMATION.CALL_AUTOMATION_CONFIG_SAVE {"logId":"6a69fd11c6f95d18f33343c9","performedBy":"69f8b601247c51deb2aa1753","companyId":"69f8b601247c51deb2aa1751"}
[2026-07-29T13:16:01.674Z] INFO: [CALL AUTOMATION CONTROLLER] getConfig request: {"userId":"69f8b601247c51deb2aa1753","userRole":"admin","userCompanyId":"69f8b601247c51deb2aa1751","reqCompanyId":"69f8b601247c51deb2aa1751","queryCompanyId":"not provided","resolvedCompanyId":"69f8b601247c51deb2aa1751"}
[2026-07-29T13:16:01.676Z] INFO: [CALL AUTOMATION] getConfig called {"userId":"69f8b601247c51deb2aa1753","userRole":"admin","targetCompanyId":"69f8b601247c51deb2aa1751","targetCompanyIdType":"object","userCompanyId":"69f8b601247c51deb2aa1751","paramCompanyId":"69f8b601247c51deb2aa1751"}
[2026-07-29T13:16:01.683Z] INFO: [CALL AUTOMATION] getEligibleSims called {"userId":"69f8b601247c51deb2aa1753","userRole":"admin","companyId":"69f8b601247c51deb2aa1751","userCompanyId":"69f8b601247c51deb2aa1751"}
[2026-07-29T13:16:01.724Z] INFO: [CALL AUTOMATION] getEligibleSims result {"totalSims":18,"callers":3,"potentialTargets":18,"callerNumbers":["+918805753927","+918805770897","+919637979102"]}
[2026-07-29T13:16:01.741Z] INFO: [CALL AUTOMATION] populateConfig: Mappings after population {"configId":"6a69aba1702aa7e92f0e8f05","mappingsCount":1,"mappings":[{"targetSimId":"6a69a547702aa7e92f0e8dcf","targetMobileNumber":"+919665522166","callerCount":1,"callerIds":["6a69a4af702aa7e92f0e8cc5"],"callDuration":10}]}
[2026-07-29T13:16:01.743Z] INFO: [CALL AUTOMATION] getConfig returning: {"configId":"6a69aba1702aa7e92f0e8f05","companyId":"69f8b601247c51deb2aa1751","mappingsCount":1,"frequency":"daily","scheduledTime":"18:48","isActive":true}
[2026-07-29T13:16:01.744Z] INFO: [CALL AUTOMATION CONTROLLER] getConfig response: {"configFound":true,"configId":"6a69aba1702aa7e92f0e8f05","companyId":"69f8b601247c51deb2aa1751","mappingsCount":1}
[2026-07-29T13:16:52.975Z] INFO: Fetched audit logs {"userId":"69f8b601247c51deb2aa1753","userRole":"admin","companyId":"69f8b601247c51deb2aa1751","filters":{"companyId":"69f8b601247c51deb2aa1751"},"count":10,"total":2559}
[2026-07-29T13:16:53.308Z] INFO: Fetched audit logs {"userId":"69f8b601247c51deb2aa1753","userRole":"admin","companyId":"69f8b601247c51deb2aa1751","filters":{"companyId":"69f8b601247c51deb2aa1751"},"count":10,"total":2559}
[2026-07-29T13:16:54.040Z] INFO: Fetched audit logs {"userId":"69f8b601247c51deb2aa1753","userRole":"admin","companyId":"69f8b601247c51deb2aa1751","filters":{"companyId":"69f8b601247c51deb2aa1751"},"count":10,"total":2559}
[2026-07-29T13:17:04.748Z] INFO: [CALL AUTOMATION] getEligibleSims called {"userId":"69f8b601247c51deb2aa1753","userRole":"admin","companyId":"69f8b601247c51deb2aa1751","userCompanyId":"69f8b601247c51deb2aa1751"}
[2026-07-29T13:17:04.758Z] INFO: [CALL AUTOMATION CONTROLLER] getConfig request: {"userId":"69f8b601247c51deb2aa1753","userRole":"admin","userCompanyId":"69f8b601247c51deb2aa1751","reqCompanyId":"69f8b601247c51deb2aa1751","queryCompanyId":"not provided","resolvedCompanyId":"69f8b601247c51deb2aa1751"}
[2026-07-29T13:17:04.760Z] INFO: [CALL AUTOMATION] getConfig called {"userId":"69f8b601247c51deb2aa1753","userRole":"admin","targetCompanyId":"69f8b601247c51deb2aa1751","targetCompanyIdType":"object","userCompanyId":"69f8b601247c51deb2aa1751","paramCompanyId":"69f8b601247c51deb2aa1751"}
[2026-07-29T13:17:04.811Z] INFO: [CALL AUTOMATION] getEligibleSims result {"totalSims":18,"callers":3,"potentialTargets":18,"callerNumbers":["+918805753927","+918805770897","+919637979102"]}
[2026-07-29T13:17:04.857Z] INFO: [CALL AUTOMATION] populateConfig: Mappings after population {"configId":"6a69aba1702aa7e92f0e8f05","mappingsCount":1,"mappings":[{"targetSimId":"6a69a547702aa7e92f0e8dcf","targetMobileNumber":"+919665522166","callerCount":1,"callerIds":["6a69a4af702aa7e92f0e8cc5"],"callDuration":10}]}
[2026-07-29T13:17:04.860Z] INFO: [CALL AUTOMATION] getConfig returning: {"configId":"6a69aba1702aa7e92f0e8f05","companyId":"69f8b601247c51deb2aa1751","mappingsCount":1,"frequency":"daily","scheduledTime":"18:48","isActive":true}
[2026-07-29T13:17:04.862Z] INFO: [CALL AUTOMATION CONTROLLER] getConfig response: {"configFound":true,"configId":"6a69aba1702aa7e92f0e8f05","companyId":"69f8b601247c51deb2aa1751","mappingsCount":1}
[2026-07-29T13:17:04.920Z] INFO: [CALL AUTOMATION] getEligibleSims called {"userId":"69f8b601247c51deb2aa1753","userRole":"admin","companyId":"69f8b601247c51deb2aa1751","userCompanyId":"69f8b601247c51deb2aa1751"}
[2026-07-29T13:17:04.956Z] INFO: [CALL AUTOMATION CONTROLLER] getConfig request: {"userId":"69f8b601247c51deb2aa1753","userRole":"admin","userCompanyId":"69f8b601247c51deb2aa1751","reqCompanyId":"69f8b601247c51deb2aa1751","queryCompanyId":"not provided","resolvedCompanyId":"69f8b601247c51deb2aa1751"}
[2026-07-29T13:17:04.958Z] INFO: [CALL AUTOMATION] getConfig called {"userId":"69f8b601247c51deb2aa1753","userRole":"admin","targetCompanyId":"69f8b601247c51deb2aa1751","targetCompanyIdType":"object","userCompanyId":"69f8b601247c51deb2aa1751","paramCompanyId":"69f8b601247c51deb2aa1751"}
[2026-07-29T13:17:04.974Z] INFO: [CALL AUTOMATION] getEligibleSims result {"totalSims":18,"callers":3,"potentialTargets":18,"callerNumbers":["+918805753927","+918805770897","+919637979102"]}
[2026-07-29T13:17:05.019Z] INFO: [CALL AUTOMATION] populateConfig: Mappings after population {"configId":"6a69aba1702aa7e92f0e8f05","mappingsCount":1,"mappings":[{"targetSimId":"6a69a547702aa7e92f0e8dcf","targetMobileNumber":"+919665522166","callerCount":1,"callerIds":["6a69a4af702aa7e92f0e8cc5"],"callDuration":10}]}
[2026-07-29T13:17:05.022Z] INFO: [CALL AUTOMATION] getConfig returning: {"configId":"6a69aba1702aa7e92f0e8f05","companyId":"69f8b601247c51deb2aa1751","mappingsCount":1,"frequency":"daily","scheduledTime":"18:48","isActive":true}
[2026-07-29T13:17:05.024Z] INFO: [CALL AUTOMATION CONTROLLER] getConfig response: {"configFound":true,"configId":"6a69aba1702aa7e92f0e8f05","companyId":"69f8b601247c51deb2aa1751","mappingsCount":1}
[2026-07-29T13:20:00.898Z] INFO: Starting WhatsApp inactive check job
[2026-07-29T13:20:01.023Z] INFO: [WhatsApp Cron] Processing inactive messages...
[2026-07-29T13:20:01.037Z] INFO: [WhatsApp Cron] Processed 0 messages, updated 0 SIMs
[2026-07-29T13:20:01.038Z] INFO: WhatsApp inactive check completed: 0 messages processed, 0 SIMs marked inactive
[2026-07-29T13:25:00.177Z] INFO: Starting WhatsApp inactive check job
[2026-07-29T13:25:00.522Z] INFO: [WhatsApp Cron] Processing inactive messages...
[2026-07-29T13:25:00.526Z] INFO: Starting Telegram inactive check job
[2026-07-29T13:25:00.527Z] INFO: [Telegram Cron] Processing inactive messages...
[2026-07-29T13:25:00.539Z] INFO: [WhatsApp Cron] Processed 0 messages, updated 0 SIMs
[2026-07-29T13:25:00.540Z] INFO: WhatsApp inactive check completed: 0 messages processed, 0 SIMs marked inactive
[2026-07-29T13:25:00.541Z] INFO: [Telegram Cron] Processed 0 messages, updated 0 SIMs
[2026-07-29T13:25:00.542Z] INFO: Telegram inactive check completed: 0 messages processed, 0 SIMs marked inactive
[2026-07-29T13:30:00.102Z] INFO: Starting WhatsApp inactive check job
[2026-07-29T13:30:00.103Z] INFO: [WhatsApp Cron] Processing inactive messages...
[2026-07-29T13:30:00.108Z] INFO: Starting Telegram inactive check job
[2026-07-29T13:30:00.109Z] INFO: [Telegram Cron] Processing inactive messages...
[2026-07-29T13:30:00.111Z] INFO: Starting WiFi alert check job
[2026-07-29T13:30:00.123Z] INFO: [WhatsApp Cron] Processed 0 messages, updated 0 SIMs
[2026-07-29T13:30:00.124Z] INFO: WhatsApp inactive check completed: 0 messages processed, 0 SIMs marked inactive
[2026-07-29T13:30:00.380Z] INFO: [Telegram Cron] Processed 0 messages, updated 0 SIMs
[2026-07-29T13:30:00.381Z] INFO: Telegram inactive check completed: 0 messages processed, 0 SIMs marked inactive
[2026-07-29T13:30:00.609Z] INFO: [WIFI ALERT] All checks completed {"checked":0,"skipped":3,"alertsCreated":0,"alertsUpdated":0,"alertsResolved":0,"emailsSent":0,"emailErrors":[],"errors":[],"offlineAlertsCreated":0,"wifiOffAlertsCreated":0,"disconnectedAlertsCreated":0,"notificationsCreated":0}
[2026-07-29T13:30:00.611Z] INFO: WiFi alert check job completed
[2026-07-29T16:30:00.125Z] INFO: Starting WhatsApp inactive check job
[2026-07-29T16:30:00.253Z] INFO: [WhatsApp Cron] Processing inactive messages...
[2026-07-29T16:30:00.260Z] INFO: Starting Telegram inactive check job
[2026-07-29T16:30:00.276Z] INFO: [Telegram Cron] Processing inactive messages...
[2026-07-29T16:30:00.281Z] INFO: Starting WiFi alert check job
[2026-07-29T16:30:00.301Z] INFO: [WhatsApp Cron] Processed 0 messages, updated 0 SIMs
[2026-07-29T16:30:00.302Z] INFO: WhatsApp inactive check completed: 0 messages processed, 0 SIMs marked inactive
[2026-07-29T16:30:01.119Z] INFO: [Telegram Cron] Processed 0 messages, updated 0 SIMs
[2026-07-29T16:30:01.119Z] INFO: Telegram inactive check completed: 0 messages processed, 0 SIMs marked inactive
[2026-07-29T16:30:02.890Z] INFO: [WIFI ALERT] All checks completed {"checked":0,"skipped":3,"alertsCreated":0,"alertsUpdated":0,"alertsResolved":0,"emailsSent":0,"emailErrors":[],"errors":[],"offlineAlertsCreated":0,"wifiOffAlertsCreated":0,"disconnectedAlertsCreated":0,"notificationsCreated":0}
[2026-07-29T16:30:02.895Z] INFO: WiFi alert check job completed
[2026-07-29T16:35:00.576Z] INFO: Starting WhatsApp inactive check job
[2026-07-29T16:35:00.696Z] INFO: [WhatsApp Cron] Processing inactive messages...
[2026-07-29T16:35:00.700Z] INFO: Starting Telegram inactive check job
[2026-07-29T16:35:00.701Z] INFO: [Telegram Cron] Processing inactive messages...
[2026-07-29T16:35:00.815Z] INFO: [WhatsApp Cron] Processed 0 messages, updated 0 SIMs
[2026-07-29T16:35:00.816Z] INFO: WhatsApp inactive check completed: 0 messages processed, 0 SIMs marked inactive
[2026-07-29T16:35:00.817Z] INFO: [Telegram Cron] Processed 0 messages, updated 0 SIMs
[2026-07-29T16:35:00.818Z] INFO: Telegram inactive check completed: 0 messages processed, 0 SIMs marked inactive
[2026-07-29T16:40:00.615Z] INFO: Starting WhatsApp inactive check job
[2026-07-29T16:40:01.013Z] INFO: [WhatsApp Cron] Processing inactive messages...
[2026-07-29T16:40:01.257Z] INFO: [WhatsApp Cron] Processed 0 messages, updated 0 SIMs
[2026-07-29T16:40:01.258Z] INFO: WhatsApp inactive check completed: 0 messages processed, 0 SIMs marked inactive
[2026-07-29T16:45:00.518Z] INFO: Starting WhatsApp inactive check job
[2026-07-29T16:45:00.657Z] INFO: [WhatsApp Cron] Processing inactive messages...
[2026-07-29T16:45:00.667Z] INFO: Starting Telegram inactive check job
[2026-07-29T16:45:00.677Z] INFO: [Telegram Cron] Processing inactive messages...
[2026-07-29T16:45:00.772Z] INFO: [WhatsApp Cron] Processed 0 messages, updated 0 SIMs
[2026-07-29T16:45:00.774Z] INFO: WhatsApp inactive check completed: 0 messages processed, 0 SIMs marked inactive
[2026-07-29T16:45:05.591Z] INFO: [Telegram Cron] Processed 0 messages, updated 0 SIMs
[2026-07-29T16:45:05.595Z] INFO: Telegram inactive check completed: 0 messages processed, 0 SIMs marked inactive
[2026-07-29T16:50:00.163Z] INFO: Starting WhatsApp inactive check job
[2026-07-29T16:50:00.191Z] INFO: [WhatsApp Cron] Processing inactive messages...
[2026-07-29T16:50:00.197Z] INFO: Starting Telegram inactive check job
[2026-07-29T16:50:00.200Z] INFO: [Telegram Cron] Processing inactive messages...
[2026-07-29T16:50:00.204Z] INFO: Starting WiFi alert check job
[2026-07-29T16:50:00.327Z] INFO: [Telegram Cron] Processed 0 messages, updated 0 SIMs
[2026-07-29T16:50:00.328Z] INFO: Telegram inactive check completed: 0 messages processed, 0 SIMs marked inactive
[2026-07-29T16:50:00.330Z] INFO: [WhatsApp Cron] Processed 0 messages, updated 0 SIMs
[2026-07-29T16:50:00.331Z] INFO: WhatsApp inactive check completed: 0 messages processed, 0 SIMs marked inactive
[2026-07-29T16:50:02.853Z] INFO: [WIFI ALERT] All checks completed {"checked":0,"skipped":3,"alertsCreated":0,"alertsUpdated":0,"alertsResolved":0,"emailsSent":0,"emailErrors":[],"errors":[],"offlineAlertsCreated":0,"wifiOffAlertsCreated":0,"disconnectedAlertsCreated":0,"notificationsCreated":0}
[2026-07-29T16:50:02.854Z] INFO: WiFi alert check job completed
[2026-07-29T16:55:00.291Z] INFO: Starting WhatsApp inactive check job
[2026-07-29T16:55:00.332Z] INFO: [WhatsApp Cron] Processing inactive messages...
[2026-07-29T16:55:00.354Z] INFO: Starting Telegram inactive check job
[2026-07-29T16:55:00.355Z] INFO: [Telegram Cron] Processing inactive messages...
[2026-07-29T16:55:00.419Z] INFO: [WhatsApp Cron] Processed 0 messages, updated 0 SIMs
[2026-07-29T16:55:00.422Z] INFO: WhatsApp inactive check completed: 0 messages processed, 0 SIMs marked inactive
[2026-07-29T16:55:00.425Z] INFO: [Telegram Cron] Processed 0 messages, updated 0 SIMs
[2026-07-29T16:55:00.426Z] INFO: Telegram inactive check completed: 0 messages processed, 0 SIMs marked inactive
[2026-07-30T07:01:43.107Z] INFO: Email configuration check {"hasHost":true,"host":"smtp.gmail.com","port":587,"hasUser":true,"hasPass":true,"hasFrom":true,"hasApiKey":false,"apiProvider":null,"bypassEmail":false}
[2026-07-30T07:01:43.201Z] INFO: Email service initialized successfully (SMTP) {"host":"smtp.gmail.com","port":587,"user":"santoshshimpankar.ukvalley@gmail.com"}
[2026-07-30T07:01:50.976Z] INFO: [WhatsApp] Twilio client initialized successfully
[2026-07-30T07:01:51.042Z] INFO: [Telegram] Bot token configured, service ready
[2026-07-30T07:01:55.766Z] INFO: Email transporter verified successfully - emails will be sent
[2026-07-30T07:01:57.496Z] INFO: Initializing cron jobs...
[2026-07-30T07:01:57.705Z] INFO: Job recharge-reminder scheduled: 0 9 * * *
[2026-07-30T07:01:57.709Z] INFO: Job inactive-sim-alert scheduled: 0 10 * * *
[2026-07-30T07:01:57.712Z] INFO: Job subscription-expiry-check scheduled: 0 8 * * *
[2026-07-30T07:01:57.716Z] INFO: Job data-cleanup scheduled: 0 2 * * 0
[2026-07-30T07:01:57.720Z] INFO: Job whatsapp-inactive-check scheduled: */5 * * * *
[2026-07-30T07:01:57.725Z] INFO: Job telegram-inactive-check scheduled: */5 * * * *
[2026-07-30T07:01:57.731Z] INFO: Job wifi-alert-check scheduled: */20 * * * *
[2026-07-30T07:01:57.736Z] INFO: Job wifi-metrics-cleanup scheduled: 0 3 * * 0
[2026-07-30T07:01:57.741Z] INFO: Job report-delivery scheduled: * * * * *
[2026-07-30T07:01:57.746Z] INFO: Job stale-payment-cleanup scheduled: */30 * * * *
[2026-07-30T07:01:57.749Z] INFO: All cron jobs initialized
[2026-07-30T07:05:00.763Z] INFO: Starting WhatsApp inactive check job
[2026-07-30T07:05:00.919Z] INFO: [WhatsApp Cron] Processing inactive messages...
[2026-07-30T07:05:00.962Z] INFO: [WhatsApp Cron] Processed 0 messages, updated 0 SIMs
[2026-07-30T07:05:00.963Z] INFO: WhatsApp inactive check completed: 0 messages processed, 0 SIMs marked inactive
[2026-07-30T07:05:00.968Z] INFO: Starting Telegram inactive check job
[2026-07-30T07:05:00.972Z] INFO: [Telegram Cron] Processing inactive messages...
[2026-07-30T07:05:01.043Z] INFO: [Telegram Cron] Processed 0 messages, updated 0 SIMs
[2026-07-30T07:05:01.044Z] INFO: Telegram inactive check completed: 0 messages processed, 0 SIMs marked inactive
[2026-07-30T07:10:00.709Z] INFO: Starting WhatsApp inactive check job
[2026-07-30T07:10:00.748Z] INFO: [WhatsApp Cron] Processing inactive messages...
[2026-07-30T07:10:00.789Z] INFO: Starting Telegram inactive check job
[2026-07-30T07:10:00.813Z] INFO: [Telegram Cron] Processing inactive messages...
[2026-07-30T07:10:00.861Z] INFO: Starting WiFi alert check job
[2026-07-30T07:10:01.016Z] INFO: [WhatsApp Cron] Processed 0 messages, updated 0 SIMs
[2026-07-30T07:10:01.026Z] INFO: WhatsApp inactive check completed: 0 messages processed, 0 SIMs marked inactive
[2026-07-30T07:10:01.037Z] INFO: [Telegram Cron] Processed 0 messages, updated 0 SIMs
[2026-07-30T07:10:01.058Z] INFO: Telegram inactive check completed: 0 messages processed, 0 SIMs marked inactive
[2026-07-30T07:10:03.357Z] INFO: [WIFI ALERT] All checks completed {"checked":0,"skipped":3,"alertsCreated":0,"alertsUpdated":0,"alertsResolved":0,"emailsSent":0,"emailErrors":[],"errors":[],"offlineAlertsCreated":0,"wifiOffAlertsCreated":0,"disconnectedAlertsCreated":0,"notificationsCreated":0}
[2026-07-30T07:10:03.364Z] INFO: WiFi alert check job completed
[2026-07-30T07:11:09.996Z] INFO: Email configuration check {"hasHost":true,"host":"smtp.gmail.com","port":587,"hasUser":true,"hasPass":true,"hasFrom":true}
[2026-07-30T07:11:10.117Z] INFO: Email service initialized successfully (SMTP) {"host":"smtp.gmail.com","port":587,"user":"santoshshimpankar.ukvalley@gmail.com"}
[2026-07-30T07:11:23.901Z] INFO: [WhatsApp] Twilio client initialized successfully
[2026-07-30T07:11:24.047Z] INFO: [Telegram] Bot token configured, service ready
[2026-07-30T07:11:29.187Z] INFO: Email transporter verified successfully - emails will be sent
[2026-07-30T07:11:32.776Z] INFO: Initializing cron jobs...
[2026-07-30T07:11:51.016Z] INFO: Email configuration check {"hasHost":true,"host":"smtp.gmail.com","port":587,"hasUser":true,"hasPass":true,"hasFrom":true}
[2026-07-30T07:11:51.474Z] INFO: Email service initialized successfully (SMTP) {"host":"smtp.gmail.com","port":587,"user":"santoshshimpankar.ukvalley@gmail.com"}
[2026-07-30T07:12:00.667Z] INFO: [WhatsApp] Twilio client initialized successfully
[2026-07-30T07:12:01.654Z] INFO: [Telegram] Bot token configured, service ready
[2026-07-30T07:12:08.157Z] INFO: Email transporter verified successfully - emails will be sent
[2026-07-30T07:12:10.057Z] INFO: Initializing cron jobs...
[2026-07-30T07:12:10.523Z] INFO: Job recharge-reminder scheduled: 0 9 * * *
[2026-07-30T07:12:10.628Z] INFO: Job inactive-sim-alert scheduled: 0 10 * * *
[2026-07-30T07:12:10.718Z] INFO: Job subscription-expiry-check scheduled: 0 8 * * *
[2026-07-30T07:12:10.827Z] INFO: Job data-cleanup scheduled: 0 2 * * 0
[2026-07-30T07:12:11.041Z] INFO: Job whatsapp-inactive-check scheduled: */5 * * * *
[2026-07-30T07:12:11.212Z] INFO: Job telegram-inactive-check scheduled: */5 * * * *
[2026-07-30T07:12:11.293Z] INFO: Job wifi-alert-check scheduled: */20 * * * *
[2026-07-30T07:12:11.375Z] INFO: Job wifi-metrics-cleanup scheduled: 0 3 * * 0
[2026-07-30T07:12:11.473Z] INFO: Job report-delivery scheduled: * * * * *
[2026-07-30T07:12:11.544Z] INFO: Job stale-payment-cleanup scheduled: */30 * * * *
[2026-07-30T07:12:11.674Z] INFO: All cron jobs initialized
[2026-07-30T07:15:00.051Z] INFO: Starting WhatsApp inactive check job
[2026-07-30T07:15:00.327Z] INFO: [WhatsApp Cron] Processing inactive messages...
[2026-07-30T07:15:00.446Z] INFO: Starting Telegram inactive check job
[2026-07-30T07:15:00.500Z] INFO: [Telegram Cron] Processing inactive messages...
[2026-07-30T07:15:00.597Z] INFO: [WhatsApp Cron] Processed 0 messages, updated 0 SIMs
[2026-07-30T07:15:00.625Z] INFO: WhatsApp inactive check completed: 0 messages processed, 0 SIMs marked inactive
[2026-07-30T07:15:00.793Z] INFO: [Telegram Cron] Processed 0 messages, updated 0 SIMs
[2026-07-30T07:15:00.869Z] INFO: Telegram inactive check completed: 0 messages processed, 0 SIMs marked inactive
[2026-07-30T07:20:00.857Z] INFO: Starting WhatsApp inactive check job
[2026-07-30T07:20:00.878Z] INFO: [WhatsApp Cron] Processing inactive messages...
[2026-07-30T07:20:00.908Z] INFO: Starting Telegram inactive check job
[2026-07-30T07:20:00.927Z] INFO: [Telegram Cron] Processing inactive messages...
[2026-07-30T07:25:00.912Z] INFO: Starting WhatsApp inactive check job
[2026-07-30T07:25:01.024Z] INFO: [WhatsApp Cron] Processing inactive messages...
[2026-07-30T07:25:02.435Z] INFO: [WhatsApp Cron] Processed 0 messages, updated 0 SIMs
[2026-07-30T07:25:02.436Z] INFO: WhatsApp inactive check completed: 0 messages processed, 0 SIMs marked inactive
[2026-07-30T07:29:29.833Z] INFO: Email configuration check {"hasHost":true,"host":"smtp.gmail.com","port":587,"hasUser":true,"hasPass":true,"hasFrom":true}
[2026-07-30T07:29:29.906Z] INFO: Email service initialized successfully (SMTP) {"host":"smtp.gmail.com","port":587,"user":"santoshshimpankar.ukvalley@gmail.com"}
[2026-07-30T07:29:33.854Z] INFO: [WhatsApp] Twilio client initialized successfully
[2026-07-30T07:29:33.901Z] INFO: [Telegram] Bot token configured, service ready
[2026-07-30T07:29:39.015Z] INFO: Email configuration check {"hasHost":true,"host":"smtp.gmail.com","port":587,"hasUser":true,"hasPass":true,"hasFrom":true}
[2026-07-30T07:29:39.043Z] INFO: Email service initialized successfully (SMTP) {"host":"smtp.gmail.com","port":587,"user":"santoshshimpankar.ukvalley@gmail.com"}
[2026-07-30T07:29:41.192Z] INFO: [WhatsApp] Twilio client initialized successfully
[2026-07-30T07:29:41.214Z] INFO: [Telegram] Bot token configured, service ready
[2026-07-30T07:29:42.542Z] INFO: Initializing cron jobs...
[2026-07-30T07:29:42.696Z] INFO: Job recharge-reminder scheduled: 0 9 * * *
[2026-07-30T07:29:42.699Z] INFO: Job inactive-sim-alert scheduled: 0 10 * * *
[2026-07-30T07:29:42.701Z] INFO: Job subscription-expiry-check scheduled: 0 8 * * *
[2026-07-30T07:29:42.706Z] INFO: Job data-cleanup scheduled: 0 2 * * 0
[2026-07-30T07:29:42.708Z] INFO: Job whatsapp-inactive-check scheduled: */5 * * * *
[2026-07-30T07:29:42.712Z] INFO: Job telegram-inactive-check scheduled: */5 * * * *
[2026-07-30T07:29:42.715Z] INFO: Job wifi-alert-check scheduled: */20 * * * *
[2026-07-30T07:29:42.716Z] INFO: Job wifi-metrics-cleanup scheduled: 0 3 * * 0
[2026-07-30T07:29:42.720Z] INFO: Job report-delivery scheduled: * * * * *
[2026-07-30T07:29:42.723Z] INFO: Job stale-payment-cleanup scheduled: */30 * * * *
[2026-07-30T07:29:42.724Z] INFO: All cron jobs initialized
[2026-07-30T07:29:43.092Z] INFO: Email transporter verified successfully - emails will be sent
[2026-07-30T07:30:00.853Z] INFO: Starting WhatsApp inactive check job
[2026-07-30T07:30:00.855Z] INFO: [WhatsApp Cron] Processing inactive messages...
[2026-07-30T07:30:00.867Z] INFO: Starting Telegram inactive check job
[2026-07-30T07:30:00.869Z] INFO: [Telegram Cron] Processing inactive messages...
[2026-07-30T07:30:00.872Z] INFO: Starting WiFi alert check job
[2026-07-30T07:30:00.878Z] INFO: Starting stale PayU payment cleanup job
[2026-07-30T07:30:00.884Z] INFO: [WhatsApp Cron] Processed 0 messages, updated 0 SIMs
[2026-07-30T07:30:00.884Z] INFO: WhatsApp inactive check completed: 0 messages processed, 0 SIMs marked inactive
[2026-07-30T07:30:00.887Z] INFO: [Telegram Cron] Processed 0 messages, updated 0 SIMs
[2026-07-30T07:30:00.888Z] INFO: Telegram inactive check completed: 0 messages processed, 0 SIMs marked inactive
[2026-07-30T07:30:00.909Z] INFO: [PayU] Cleaned up 0 stale payments
[2026-07-30T07:30:00.910Z] INFO: Stale payment cleanup completed: 0 payments cleaned up
[2026-07-30T07:30:00.924Z] INFO: Report delivery job: 0 sent, 5 skipped, 0 errors (total: 5 schedules)
[2026-07-30T07:30:01.335Z] INFO: [WIFI ALERT] All checks completed {"checked":0,"skipped":3,"alertsCreated":0,"alertsUpdated":0,"alertsResolved":0,"emailsSent":0,"emailErrors":[],"errors":[],"offlineAlertsCreated":0,"wifiOffAlertsCreated":0,"disconnectedAlertsCreated":0,"notificationsCreated":0}
[2026-07-30T07:30:01.336Z] INFO: WiFi alert check job completed
[2026-07-30T07:31:18.279Z] INFO: Email configuration check {"hasHost":true,"host":"smtp.gmail.com","port":587,"hasUser":true,"hasPass":true,"hasFrom":true}
[2026-07-30T07:31:18.359Z] INFO: Email service initialized successfully (SMTP) {"host":"smtp.gmail.com","port":587,"user":"santoshshimpankar.ukvalley@gmail.com"}
[2026-07-30T07:31:35.557Z] INFO: [WhatsApp] Twilio client initialized successfully
[2026-07-30T07:31:35.898Z] INFO: [Telegram] Bot token configured, service ready
[2026-07-30T07:31:41.641Z] INFO: Initializing cron jobs...
[2026-07-30T07:31:41.826Z] INFO: Job recharge-reminder scheduled: 0 9 * * *
[2026-07-30T07:31:41.828Z] INFO: Job inactive-sim-alert scheduled: 0 10 * * *
[2026-07-30T07:31:41.830Z] INFO: Job subscription-expiry-check scheduled: 0 8 * * *
[2026-07-30T07:31:41.832Z] INFO: Job data-cleanup scheduled: 0 2 * * 0
[2026-07-30T07:31:41.837Z] INFO: Job whatsapp-inactive-check scheduled: */5 * * * *
[2026-07-30T07:31:41.842Z] INFO: Job telegram-inactive-check scheduled: */5 * * * *
[2026-07-30T07:31:41.846Z] INFO: Job wifi-alert-check scheduled: */20 * * * *
[2026-07-30T07:31:41.848Z] INFO: Job wifi-metrics-cleanup scheduled: 0 3 * * 0
[2026-07-30T07:31:41.851Z] INFO: Job report-delivery scheduled: * * * * *
[2026-07-30T07:31:41.858Z] INFO: Job stale-payment-cleanup scheduled: */30 * * * *
[2026-07-30T07:31:41.860Z] INFO: All cron jobs initialized
[2026-07-30T07:31:41.914Z] INFO: Email transporter verified successfully - emails will be sent
[2026-07-30T07:32:00.188Z] INFO: Report delivery job: 0 sent, 5 skipped, 0 errors (total: 5 schedules)
[2026-07-30T07:32:23.681Z] INFO: Audit log created: AUTH.USER_LOGIN {"logId":"6a6afe0788438598d5512ce3","performedBy":"69f8b601247c51deb2aa1753","companyId":"69f8b601247c51deb2aa1751"}
[2026-07-30T07:33:00.891Z] INFO: Report delivery job: 0 sent, 4 skipped, 0 errors (total: 4 schedules)
[2026-07-30T07:34:00.326Z] INFO: Report delivery job: 0 sent, 4 skipped, 0 errors (total: 4 schedules)
[2026-07-30T07:35:00.850Z] INFO: Starting WhatsApp inactive check job
[2026-07-30T07:35:00.852Z] INFO: [WhatsApp Cron] Processing inactive messages...
[2026-07-30T07:35:00.858Z] INFO: Starting Telegram inactive check job
[2026-07-30T07:35:00.859Z] INFO: [Telegram Cron] Processing inactive messages...
[2026-07-30T07:35:00.868Z] INFO: [WhatsApp Cron] Processed 0 messages, updated 0 SIMs
[2026-07-30T07:35:00.869Z] INFO: WhatsApp inactive check completed: 0 messages processed, 0 SIMs marked inactive
[2026-07-30T07:35:00.874Z] INFO: [Telegram Cron] Processed 0 messages, updated 0 SIMs
[2026-07-30T07:35:00.875Z] INFO: Telegram inactive check completed: 0 messages processed, 0 SIMs marked inactive
[2026-07-30T07:35:00.960Z] INFO: Report delivery job: 0 sent, 4 skipped, 0 errors (total: 4 schedules)
[2026-07-30T07:36:00.528Z] INFO: Report delivery job: 0 sent, 5 skipped, 0 errors (total: 5 schedules)
[2026-07-30T07:37:00.151Z] INFO: Report delivery job: 0 sent, 5 skipped, 0 errors (total: 5 schedules)
[2026-07-30T07:38:00.827Z] INFO: Report delivery job: 0 sent, 5 skipped, 0 errors (total: 5 schedules)
[2026-07-30T07:39:00.481Z] INFO: Report delivery job: 0 sent, 5 skipped, 0 errors (total: 5 schedules)
[2026-07-30T07:39:47.830Z] INFO: Email configuration check {"hasHost":true,"host":"smtp.gmail.com","port":587,"hasUser":true,"hasPass":true,"hasFrom":true}
[2026-07-30T07:39:47.841Z] INFO: Email service initialized successfully (SMTP) {"host":"smtp.gmail.com","port":587,"user":"santoshshimpankar.ukvalley@gmail.com"}
[2026-07-30T07:39:52.240Z] INFO: [WhatsApp] Twilio client initialized successfully
[2026-07-30T07:39:52.288Z] INFO: [Telegram] Bot token configured, service ready
[2026-07-30T07:39:53.899Z] INFO: Initializing cron jobs...
[2026-07-30T07:39:54.040Z] INFO: Job recharge-reminder scheduled: 0 9 * * *
[2026-07-30T07:39:54.042Z] INFO: Job inactive-sim-alert scheduled: 0 10 * * *
[2026-07-30T07:39:54.045Z] INFO: Job subscription-expiry-check scheduled: 0 8 * * *
[2026-07-30T07:39:54.050Z] INFO: Job data-cleanup scheduled: 0 2 * * 0
[2026-07-30T07:39:54.053Z] INFO: Job whatsapp-inactive-check scheduled: */5 * * * *
[2026-07-30T07:39:54.054Z] INFO: Job telegram-inactive-check scheduled: */5 * * * *
[2026-07-30T07:39:54.056Z] INFO: Job wifi-alert-check scheduled: */20 * * * *
[2026-07-30T07:39:54.058Z] INFO: Job wifi-metrics-cleanup scheduled: 0 3 * * 0
[2026-07-30T07:39:54.060Z] INFO: Job report-delivery scheduled: * * * * *
[2026-07-30T07:39:54.062Z] INFO: Job stale-payment-cleanup scheduled: */30 * * * *
[2026-07-30T07:39:54.063Z] INFO: All cron jobs initialized
[2026-07-30T07:39:54.516Z] INFO: Email transporter verified successfully - emails will be sent
[2026-07-30T07:40:00.098Z] INFO: Starting WhatsApp inactive check job
[2026-07-30T07:40:00.100Z] INFO: [WhatsApp Cron] Processing inactive messages...
[2026-07-30T07:40:00.106Z] INFO: Starting Telegram inactive check job
[2026-07-30T07:40:00.108Z] INFO: [Telegram Cron] Processing inactive messages...
[2026-07-30T07:40:00.121Z] INFO: [WhatsApp Cron] Processed 0 messages, updated 0 SIMs
[2026-07-30T07:40:00.122Z] INFO: WhatsApp inactive check completed: 0 messages processed, 0 SIMs marked inactive
[2026-07-30T07:40:00.125Z] INFO: [Telegram Cron] Processed 0 messages, updated 0 SIMs
[2026-07-30T07:40:00.126Z] INFO: Telegram inactive check completed: 0 messages processed, 0 SIMs marked inactive
[2026-07-30T07:40:00.157Z] INFO: Report delivery job: 0 sent, 5 skipped, 0 errors (total: 5 schedules)
[2026-07-30T07:41:00.775Z] INFO: Report delivery job: 0 sent, 5 skipped, 0 errors (total: 5 schedules)
[2026-07-30T07:42:00.309Z] INFO: Report delivery job: 0 sent, 5 skipped, 0 errors (total: 5 schedules)
[2026-07-30T07:43:05.452Z] INFO: Email configuration check {"hasHost":true,"host":"smtp.gmail.com","port":587,"hasUser":true,"hasPass":true,"hasFrom":true}
[2026-07-30T07:43:05.473Z] INFO: Email service initialized successfully (SMTP) {"host":"smtp.gmail.com","port":587,"user":"santoshshimpankar.ukvalley@gmail.com"}
[2026-07-30T07:43:07.787Z] INFO: [WhatsApp] Twilio client initialized successfully
[2026-07-30T07:43:07.801Z] INFO: [Telegram] Bot token configured, service ready
[2026-07-30T07:43:09.461Z] INFO: Initializing cron jobs...
[2026-07-30T07:43:09.489Z] INFO: Job recharge-reminder scheduled: 0 9 * * *
[2026-07-30T07:43:09.491Z] INFO: Job inactive-sim-alert scheduled: 0 10 * * *
[2026-07-30T07:43:09.493Z] INFO: Job subscription-expiry-check scheduled: 0 8 * * *
[2026-07-30T07:43:09.495Z] INFO: Job data-cleanup scheduled: 0 2 * * 0
[2026-07-30T07:43:09.497Z] INFO: Job whatsapp-inactive-check scheduled: */5 * * * *
[2026-07-30T07:43:09.498Z] INFO: Job telegram-inactive-check scheduled: */5 * * * *
[2026-07-30T07:43:09.499Z] INFO: Job wifi-alert-check scheduled: */20 * * * *
[2026-07-30T07:43:09.501Z] INFO: Job wifi-metrics-cleanup scheduled: 0 3 * * 0
[2026-07-30T07:43:09.502Z] INFO: Job report-delivery scheduled: * * * * *
[2026-07-30T07:43:09.504Z] INFO: Job stale-payment-cleanup scheduled: */30 * * * *
[2026-07-30T07:43:09.505Z] INFO: All cron jobs initialized
[2026-07-30T07:43:09.836Z] INFO: Email transporter verified successfully - emails will be sent
[2026-07-30T07:44:00.124Z] INFO: Report delivery job: 0 sent, 5 skipped, 0 errors (total: 5 schedules)
[2026-07-30T07:44:47.649Z] INFO: Email configuration check {"hasHost":true,"host":"smtp.gmail.com","port":587,"hasUser":true,"hasPass":true,"hasFrom":true}
[2026-07-30T07:44:47.657Z] INFO: Email service initialized successfully (SMTP) {"host":"smtp.gmail.com","port":587,"user":"santoshshimpankar.ukvalley@gmail.com"}
[2026-07-30T07:44:48.602Z] INFO: [WhatsApp] Twilio client initialized successfully
[2026-07-30T07:44:48.615Z] INFO: [Telegram] Bot token configured, service ready
[2026-07-30T07:44:49.632Z] INFO: Initializing cron jobs...
[2026-07-30T07:44:49.664Z] INFO: Job recharge-reminder scheduled: 0 9 * * *
[2026-07-30T07:44:49.666Z] INFO: Job inactive-sim-alert scheduled: 0 10 * * *
[2026-07-30T07:44:49.669Z] INFO: Job subscription-expiry-check scheduled: 0 8 * * *
[2026-07-30T07:44:49.672Z] INFO: Job data-cleanup scheduled: 0 2 * * 0
[2026-07-30T07:44:49.676Z] INFO: Job whatsapp-inactive-check scheduled: */5 * * * *
[2026-07-30T07:44:49.678Z] INFO: Job telegram-inactive-check scheduled: */5 * * * *
[2026-07-30T07:44:49.680Z] INFO: Job wifi-alert-check scheduled: */20 * * * *
[2026-07-30T07:44:49.682Z] INFO: Job wifi-metrics-cleanup scheduled: 0 3 * * 0
[2026-07-30T07:44:49.684Z] INFO: Job report-delivery scheduled: * * * * *
[2026-07-30T07:44:49.685Z] INFO: Job stale-payment-cleanup scheduled: */30 * * * *
[2026-07-30T07:44:49.686Z] INFO: All cron jobs initialized
[2026-07-30T07:44:50.313Z] INFO: Email transporter verified successfully - emails will be sent
[2026-07-30T07:45:00.813Z] INFO: Starting WhatsApp inactive check job
[2026-07-30T07:45:00.815Z] INFO: [WhatsApp Cron] Processing inactive messages...
[2026-07-30T07:45:00.820Z] INFO: Starting Telegram inactive check job
[2026-07-30T07:45:00.822Z] INFO: [Telegram Cron] Processing inactive messages...
[2026-07-30T07:45:00.837Z] INFO: [WhatsApp Cron] Processed 0 messages, updated 0 SIMs
[2026-07-30T07:45:00.838Z] INFO: WhatsApp inactive check completed: 0 messages processed, 0 SIMs marked inactive
[2026-07-30T07:45:00.839Z] INFO: [Telegram Cron] Processed 0 messages, updated 0 SIMs
[2026-07-30T07:45:00.841Z] INFO: Telegram inactive check completed: 0 messages processed, 0 SIMs marked inactive
[2026-07-30T07:45:00.865Z] INFO: Report delivery job: 0 sent, 5 skipped, 0 errors (total: 5 schedules)
[2026-07-30T07:46:00.482Z] INFO: Report delivery job: 0 sent, 3 skipped, 0 errors (total: 3 schedules)
[2026-07-30T07:47:00.155Z] INFO: Report delivery job: 0 sent, 3 skipped, 0 errors (total: 3 schedules)
[2026-07-30T07:48:00.698Z] INFO: Report delivery job: 0 sent, 3 skipped, 0 errors (total: 3 schedules)
[2026-07-30T07:49:00.380Z] INFO: Report delivery job: 0 sent, 3 skipped, 0 errors (total: 3 schedules)
[2026-07-30T07:51:00.574Z] INFO: Report delivery job: 0 sent, 3 skipped, 0 errors (total: 3 schedules)
[2026-07-30T07:53:15.789Z] INFO: Email configuration check {"hasHost":true,"host":"smtp.gmail.com","port":587,"hasUser":true,"hasPass":true,"hasFrom":true}
[2026-07-30T07:53:16.688Z] INFO: Email service initialized successfully (SMTP) {"host":"smtp.gmail.com","port":587,"user":"santoshshimpankar.ukvalley@gmail.com"}
[2026-07-30T07:53:35.760Z] INFO: [WhatsApp] Twilio client initialized successfully
[2026-07-30T07:53:36.469Z] INFO: [Telegram] Bot token configured, service ready
[2026-07-30T07:54:18.574Z] INFO: Email configuration check {"hasHost":true,"host":"smtp.gmail.com","port":587,"hasUser":true,"hasPass":true,"hasFrom":true}
[2026-07-30T07:54:18.704Z] INFO: Email service initialized successfully (SMTP) {"host":"smtp.gmail.com","port":587,"user":"santoshshimpankar.ukvalley@gmail.com"}
[2026-07-30T07:54:25.012Z] INFO: [WhatsApp] Twilio client initialized successfully
[2026-07-30T07:54:25.053Z] INFO: [Telegram] Bot token configured, service ready
[2026-07-30T07:54:27.007Z] INFO: Initializing cron jobs...
[2026-07-30T07:54:27.217Z] INFO: Job recharge-reminder scheduled: 0 9 * * *
[2026-07-30T07:54:27.221Z] INFO: Job inactive-sim-alert scheduled: 0 10 * * *
[2026-07-30T07:54:27.223Z] INFO: Job subscription-expiry-check scheduled: 0 8 * * *
[2026-07-30T07:54:27.225Z] INFO: Job data-cleanup scheduled: 0 2 * * 0
[2026-07-30T07:54:27.228Z] INFO: Job whatsapp-inactive-check scheduled: */5 * * * *
[2026-07-30T07:54:27.231Z] INFO: Job telegram-inactive-check scheduled: */5 * * * *
[2026-07-30T07:54:27.233Z] INFO: Job wifi-alert-check scheduled: */20 * * * *
[2026-07-30T07:54:27.239Z] INFO: Job wifi-metrics-cleanup scheduled: 0 3 * * 0
[2026-07-30T07:54:27.243Z] INFO: Job report-delivery scheduled: * * * * *
[2026-07-30T07:54:27.246Z] INFO: Job stale-payment-cleanup scheduled: */30 * * * *
[2026-07-30T07:54:27.248Z] INFO: All cron jobs initialized
[2026-07-30T07:54:27.642Z] INFO: Email transporter verified successfully - emails will be sent
[2026-07-30T07:55:00.590Z] INFO: Starting WhatsApp inactive check job
[2026-07-30T07:55:01.059Z] INFO: [WhatsApp Cron] Processing inactive messages...
[2026-07-30T07:55:01.422Z] INFO: [WhatsApp Cron] Processed 0 messages, updated 0 SIMs
[2026-07-30T07:55:01.496Z] INFO: WhatsApp inactive check completed: 0 messages processed, 0 SIMs marked inactive
[2026-07-30T08:00:00.713Z] INFO: Starting WhatsApp inactive check job
[2026-07-30T08:00:00.832Z] INFO: [WhatsApp Cron] Processing inactive messages...
[2026-07-30T08:00:00.881Z] INFO: Starting Telegram inactive check job
[2026-07-30T08:00:00.896Z] INFO: [Telegram Cron] Processing inactive messages...
[2026-07-30T08:00:00.931Z] INFO: Starting stale PayU payment cleanup job
[2026-07-30T08:00:01.018Z] INFO: [WhatsApp Cron] Processed 0 messages, updated 0 SIMs
[2026-07-30T08:00:01.064Z] INFO: WhatsApp inactive check completed: 0 messages processed, 0 SIMs marked inactive
[2026-07-30T08:00:01.099Z] INFO: [Telegram Cron] Processed 0 messages, updated 0 SIMs
[2026-07-30T08:00:01.122Z] INFO: Telegram inactive check completed: 0 messages processed, 0 SIMs marked inactive
[2026-07-30T08:00:01.189Z] INFO: [PayU] Cleaned up 0 stale payments
[2026-07-30T08:00:01.207Z] INFO: Stale payment cleanup completed: 0 payments cleaned up
[2026-07-30T08:02:17.777Z] INFO: Email configuration check {"hasHost":true,"host":"smtp.gmail.com","port":587,"hasUser":true,"hasPass":true,"hasFrom":true}
[2026-07-30T08:02:17.834Z] INFO: Email service initialized successfully (SMTP) {"host":"smtp.gmail.com","port":587,"user":"santoshshimpankar.ukvalley@gmail.com"}
[2026-07-30T08:02:22.645Z] INFO: [WhatsApp] Twilio client initialized successfully
[2026-07-30T08:02:22.695Z] INFO: [Telegram] Bot token configured, service ready
[2026-07-30T08:02:24.792Z] INFO: Initializing cron jobs...
[2026-07-30T08:02:24.946Z] INFO: Job recharge-reminder scheduled: 0 9 * * *
[2026-07-30T08:02:24.962Z] INFO: Job inactive-sim-alert scheduled: 0 10 * * *
[2026-07-30T08:02:24.966Z] INFO: Job subscription-expiry-check scheduled: 0 8 * * *
[2026-07-30T08:02:24.969Z] INFO: Job data-cleanup scheduled: 0 2 * * 0
[2026-07-30T08:02:24.975Z] INFO: Job whatsapp-inactive-check scheduled: */5 * * * *
[2026-07-30T08:02:24.983Z] INFO: Job telegram-inactive-check scheduled: */5 * * * *
[2026-07-30T08:02:24.986Z] INFO: Job wifi-alert-check scheduled: */20 * * * *
[2026-07-30T08:02:24.990Z] INFO: Job wifi-metrics-cleanup scheduled: 0 3 * * 0
[2026-07-30T08:02:24.994Z] INFO: Job report-delivery scheduled: * * * * *
[2026-07-30T08:02:24.998Z] INFO: Job stale-payment-cleanup scheduled: */30 * * * *
[2026-07-30T08:02:25.003Z] INFO: All cron jobs initialized
[2026-07-30T08:02:25.420Z] INFO: Email transporter verified successfully - emails will be sent
[2026-07-30T08:02:34.282Z] INFO: Email configuration check {"hasHost":true,"host":"smtp.gmail.com","port":587,"hasUser":true,"hasPass":true,"hasFrom":true}
[2026-07-30T08:02:34.508Z] INFO: Email service initialized successfully (SMTP) {"host":"smtp.gmail.com","port":587,"user":"santoshshimpankar.ukvalley@gmail.com"}
[2026-07-30T08:02:37.593Z] INFO: [WhatsApp] Twilio client initialized successfully
[2026-07-30T08:02:37.634Z] INFO: [Telegram] Bot token configured, service ready
[2026-07-30T08:02:42.828Z] INFO: Email configuration check {"hasHost":true,"host":"smtp.gmail.com","port":587,"hasUser":true,"hasPass":true,"hasFrom":true}
[2026-07-30T08:02:42.863Z] INFO: Email service initialized successfully (SMTP) {"host":"smtp.gmail.com","port":587,"user":"santoshshimpankar.ukvalley@gmail.com"}
[2026-07-30T08:02:44.669Z] INFO: [WhatsApp] Twilio client initialized successfully
[2026-07-30T08:02:44.688Z] INFO: [Telegram] Bot token configured, service ready
[2026-07-30T08:02:46.091Z] INFO: Initializing cron jobs...
[2026-07-30T08:02:46.152Z] INFO: Job recharge-reminder scheduled: 0 9 * * *
[2026-07-30T08:02:46.155Z] INFO: Job inactive-sim-alert scheduled: 0 10 * * *
[2026-07-30T08:02:46.168Z] INFO: Job subscription-expiry-check scheduled: 0 8 * * *
[2026-07-30T08:02:46.173Z] INFO: Job data-cleanup scheduled: 0 2 * * 0
[2026-07-30T08:02:46.180Z] INFO: Job whatsapp-inactive-check scheduled: */5 * * * *
[2026-07-30T08:02:46.184Z] INFO: Job telegram-inactive-check scheduled: */5 * * * *
[2026-07-30T08:02:46.188Z] INFO: Job wifi-alert-check scheduled: */20 * * * *
[2026-07-30T08:02:46.191Z] INFO: Job wifi-metrics-cleanup scheduled: 0 3 * * 0
[2026-07-30T08:02:46.195Z] INFO: Job report-delivery scheduled: * * * * *
[2026-07-30T08:02:46.197Z] INFO: Job stale-payment-cleanup scheduled: */30 * * * *
[2026-07-30T08:02:46.198Z] INFO: All cron jobs initialized
[2026-07-30T08:02:46.646Z] INFO: Email transporter verified successfully - emails will be sent
[2026-07-30T08:03:00.855Z] INFO: Email configuration check {"hasHost":true,"host":"smtp.gmail.com","port":587,"hasUser":true,"hasPass":true,"hasFrom":true}
[2026-07-30T08:03:00.878Z] INFO: Email service initialized successfully (SMTP) {"host":"smtp.gmail.com","port":587,"user":"santoshshimpankar.ukvalley@gmail.com"}
[2026-07-30T08:03:03.433Z] INFO: [WhatsApp] Twilio client initialized successfully
[2026-07-30T08:03:03.457Z] INFO: [Telegram] Bot token configured, service ready
[2026-07-30T08:03:04.873Z] INFO: Initializing cron jobs...
[2026-07-30T08:03:04.949Z] INFO: Job recharge-reminder scheduled: 0 9 * * *
[2026-07-30T08:03:04.966Z] INFO: Job inactive-sim-alert scheduled: 0 10 * * *
[2026-07-30T08:03:04.979Z] INFO: Job subscription-expiry-check scheduled: 0 8 * * *
[2026-07-30T08:03:04.990Z] INFO: Job data-cleanup scheduled: 0 2 * * 0
[2026-07-30T08:03:04.998Z] INFO: Job whatsapp-inactive-check scheduled: */5 * * * *
[2026-07-30T08:03:05.013Z] INFO: Job telegram-inactive-check scheduled: */5 * * * *
[2026-07-30T08:03:05.031Z] INFO: Job wifi-alert-check scheduled: */20 * * * *
[2026-07-30T08:03:05.040Z] INFO: Job wifi-metrics-cleanup scheduled: 0 3 * * 0
[2026-07-30T08:03:05.050Z] INFO: Job report-delivery scheduled: * * * * *
[2026-07-30T08:03:05.054Z] INFO: Job stale-payment-cleanup scheduled: */30 * * * *
[2026-07-30T08:03:05.063Z] INFO: All cron jobs initialized
[2026-07-30T08:03:05.524Z] INFO: Email transporter verified successfully - emails will be sent
[2026-07-30T08:03:26.489Z] INFO: Email configuration check {"hasHost":true,"host":"smtp.gmail.com","port":587,"hasUser":true,"hasPass":true,"hasFrom":true}
[2026-07-30T08:03:26.511Z] INFO: Email service initialized successfully (SMTP) {"host":"smtp.gmail.com","port":587,"user":"santoshshimpankar.ukvalley@gmail.com"}
[2026-07-30T08:03:28.363Z] INFO: [WhatsApp] Twilio client initialized successfully
[2026-07-30T08:03:28.461Z] INFO: [Telegram] Bot token configured, service ready
[2026-07-30T08:03:30.271Z] INFO: Initializing cron jobs...
[2026-07-30T08:03:30.401Z] INFO: Job recharge-reminder scheduled: 0 9 * * *
[2026-07-30T08:03:30.429Z] INFO: Job inactive-sim-alert scheduled: 0 10 * * *
[2026-07-30T08:03:30.466Z] INFO: Job subscription-expiry-check scheduled: 0 8 * * *
[2026-07-30T08:03:30.478Z] INFO: Job data-cleanup scheduled: 0 2 * * 0
[2026-07-30T08:03:30.498Z] INFO: Job whatsapp-inactive-check scheduled: */5 * * * *
[2026-07-30T08:03:30.512Z] INFO: Job telegram-inactive-check scheduled: */5 * * * *
[2026-07-30T08:03:30.545Z] INFO: Job wifi-alert-check scheduled: */20 * * * *
[2026-07-30T08:03:30.570Z] INFO: Job wifi-metrics-cleanup scheduled: 0 3 * * 0
[2026-07-30T08:03:30.590Z] INFO: Job report-delivery scheduled: * * * * *
[2026-07-30T08:03:30.611Z] INFO: Job stale-payment-cleanup scheduled: */30 * * * *
[2026-07-30T08:03:30.627Z] INFO: All cron jobs initialized
[2026-07-30T08:03:30.724Z] INFO: Email transporter verified successfully - emails will be sent
[2026-07-30T08:03:44.135Z] INFO: Email configuration check {"hasHost":true,"host":"smtp.gmail.com","port":587,"hasUser":true,"hasPass":true,"hasFrom":true}
[2026-07-30T08:03:44.147Z] INFO: Email service initialized successfully (SMTP) {"host":"smtp.gmail.com","port":587,"user":"santoshshimpankar.ukvalley@gmail.com"}
[2026-07-30T08:03:45.200Z] INFO: [WhatsApp] Twilio client initialized successfully
[2026-07-30T08:03:45.221Z] INFO: [Telegram] Bot token configured, service ready
[2026-07-30T08:03:46.258Z] INFO: Initializing cron jobs...
[2026-07-30T08:03:46.304Z] INFO: Job recharge-reminder scheduled: 0 9 * * *
[2026-07-30T08:03:46.306Z] INFO: Job inactive-sim-alert scheduled: 0 10 * * *
[2026-07-30T08:03:46.308Z] INFO: Job subscription-expiry-check scheduled: 0 8 * * *
[2026-07-30T08:03:46.311Z] INFO: Job data-cleanup scheduled: 0 2 * * 0
[2026-07-30T08:03:46.315Z] INFO: Job whatsapp-inactive-check scheduled: */5 * * * *
[2026-07-30T08:03:46.319Z] INFO: Job telegram-inactive-check scheduled: */5 * * * *
[2026-07-30T08:03:46.323Z] INFO: Job wifi-alert-check scheduled: */20 * * * *
[2026-07-30T08:03:46.325Z] INFO: Job wifi-metrics-cleanup scheduled: 0 3 * * 0
[2026-07-30T08:03:46.328Z] INFO: Job report-delivery scheduled: * * * * *
[2026-07-30T08:03:46.329Z] INFO: Job stale-payment-cleanup scheduled: */30 * * * *
[2026-07-30T08:03:46.330Z] INFO: All cron jobs initialized
[2026-07-30T08:03:46.946Z] INFO: Email transporter verified successfully - emails will be sent
[2026-07-30T08:03:56.894Z] INFO: Email configuration check {"hasHost":true,"host":"smtp.gmail.com","port":587,"hasUser":true,"hasPass":true,"hasFrom":true}
[2026-07-30T08:03:56.953Z] INFO: Email service initialized successfully (SMTP) {"host":"smtp.gmail.com","port":587,"user":"santoshshimpankar.ukvalley@gmail.com"}
[2026-07-30T08:04:00.667Z] INFO: [WhatsApp] Twilio client initialized successfully
[2026-07-30T08:04:00.695Z] INFO: [Telegram] Bot token configured, service ready
[2026-07-30T08:04:02.155Z] INFO: Initializing cron jobs...
[2026-07-30T08:04:02.316Z] INFO: Job recharge-reminder scheduled: 0 9 * * *
[2026-07-30T08:04:02.336Z] INFO: Job inactive-sim-alert scheduled: 0 10 * * *
[2026-07-30T08:04:02.339Z] INFO: Job subscription-expiry-check scheduled: 0 8 * * *
[2026-07-30T08:04:02.341Z] INFO: Job data-cleanup scheduled: 0 2 * * 0
[2026-07-30T08:04:02.345Z] INFO: Job whatsapp-inactive-check scheduled: */5 * * * *
[2026-07-30T08:04:02.348Z] INFO: Job telegram-inactive-check scheduled: */5 * * * *
[2026-07-30T08:04:02.350Z] INFO: Job wifi-alert-check scheduled: */20 * * * *
[2026-07-30T08:04:02.353Z] INFO: Job wifi-metrics-cleanup scheduled: 0 3 * * 0
[2026-07-30T08:04:02.356Z] INFO: Job report-delivery scheduled: * * * * *
[2026-07-30T08:04:02.357Z] INFO: Job stale-payment-cleanup scheduled: */30 * * * *
[2026-07-30T08:04:02.358Z] INFO: All cron jobs initialized
[2026-07-30T08:04:02.959Z] INFO: Email transporter verified successfully - emails will be sent
[2026-07-30T08:05:00.032Z] INFO: Starting WhatsApp inactive check job
[2026-07-30T08:05:00.084Z] INFO: [WhatsApp Cron] Processing inactive messages...
[2026-07-30T08:05:00.111Z] INFO: Starting Telegram inactive check job
[2026-07-30T08:05:00.124Z] INFO: [Telegram Cron] Processing inactive messages...
[2026-07-30T08:05:00.141Z] INFO: [Report Delivery] Cron tick at 2026-07-30T08:05:00.141Z
[2026-07-30T08:05:00.154Z] INFO: [WhatsApp Cron] Processed 0 messages, updated 0 SIMs
[2026-07-30T08:05:00.169Z] INFO: WhatsApp inactive check completed: 0 messages processed, 0 SIMs marked inactive
[2026-07-30T08:05:00.181Z] INFO: [Telegram Cron] Processed 0 messages, updated 0 SIMs
[2026-07-30T08:05:00.187Z] INFO: Telegram inactive check completed: 0 messages processed, 0 SIMs marked inactive
[2026-07-30T08:05:00.244Z] INFO: [Report Delivery] Found 3 active schedule(s), evaluating each...
[2026-07-30T08:05:00.258Z] INFO: [Report Delivery] ashishshindeukvalley@gmail.com: evaluating (time=11:10, types=[daily], lastSent=Thu Jul 30 2026 11:06:01 GMT+0530 (India Standard Time), lastStatus=failed)
[2026-07-30T08:05:00.306Z] INFO: [Report Delivery] santoshshimpankar61@gmail.com: evaluating (time=12:02, types=[daily], lastSent=Thu Jul 30 2026 12:02:00 GMT+0530 (India Standard Time), lastStatus=failed)
[2026-07-30T08:05:00.334Z] INFO: [Report Delivery] pratikumbharde141@gmail.com: evaluating (time=13:35, types=[daily], lastSent=Thu Jul 30 2026 13:35:00 GMT+0530 (India Standard Time), lastStatus=failed)
[2026-07-30T08:05:00.341Z] INFO: [Report Delivery] Job complete: 0 sent, 3 not-due, 0 inactive-company, 0 errors (total: 3 schedules)
[2026-07-30T08:06:00.639Z] INFO: [Report Delivery] Cron tick at 2026-07-30T08:06:00.639Z
[2026-07-30T08:06:00.667Z] INFO: [Report Delivery] Found 3 active schedule(s), evaluating each...
[2026-07-30T08:06:00.668Z] INFO: [Report Delivery] ashishshindeukvalley@gmail.com: evaluating (time=11:10, types=[daily], lastSent=Thu Jul 30 2026 11:06:01 GMT+0530 (India Standard Time), lastStatus=failed)
[2026-07-30T08:06:00.670Z] INFO: [Report Delivery] santoshshimpankar61@gmail.com: evaluating (time=12:02, types=[daily], lastSent=Thu Jul 30 2026 12:02:00 GMT+0530 (India Standard Time), lastStatus=failed)
[2026-07-30T08:06:00.774Z] INFO: [Report Delivery] pratikumbharde141@gmail.com: evaluating (time=13:35, types=[daily], lastSent=Thu Jul 30 2026 13:35:00 GMT+0530 (India Standard Time), lastStatus=failed)
[2026-07-30T08:06:00.776Z] INFO: [Report Delivery] Job complete: 0 sent, 3 not-due, 0 inactive-company, 0 errors (total: 3 schedules)
[2026-07-30T08:06:24.837Z] INFO: Email configuration check {"hasHost":true,"host":"smtp.gmail.com","port":587,"hasUser":true,"hasPass":true,"hasFrom":true}
[2026-07-30T08:06:24.846Z] INFO: Email service initialized successfully (SMTP) {"host":"smtp.gmail.com","port":587,"user":"santoshshimpankar.ukvalley@gmail.com"}
[2026-07-30T08:06:27.147Z] INFO: [WhatsApp] Twilio client initialized successfully
[2026-07-30T08:06:27.170Z] INFO: [Telegram] Bot token configured, service ready
[2026-07-30T08:06:28.485Z] INFO: Initializing cron jobs...
[2026-07-30T08:06:28.514Z] INFO: Job recharge-reminder scheduled: 0 9 * * *
[2026-07-30T08:06:28.516Z] INFO: Job inactive-sim-alert scheduled: 0 10 * * *
[2026-07-30T08:06:28.517Z] INFO: Job subscription-expiry-check scheduled: 0 8 * * *
[2026-07-30T08:06:28.519Z] INFO: Job data-cleanup scheduled: 0 2 * * 0
[2026-07-30T08:06:28.521Z] INFO: Job whatsapp-inactive-check scheduled: */5 * * * *
[2026-07-30T08:06:28.523Z] INFO: Job telegram-inactive-check scheduled: */5 * * * *
[2026-07-30T08:06:28.524Z] INFO: Job wifi-alert-check scheduled: */20 * * * *
[2026-07-30T08:06:28.526Z] INFO: Job wifi-metrics-cleanup scheduled: 0 3 * * 0
[2026-07-30T08:06:28.529Z] INFO: Job report-delivery scheduled: * * * * *
[2026-07-30T08:06:28.531Z] INFO: Job stale-payment-cleanup scheduled: */30 * * * *
[2026-07-30T08:06:28.531Z] INFO: All cron jobs initialized
[2026-07-30T08:06:29.165Z] INFO: Email transporter verified successfully - emails will be sent
[2026-07-30T08:06:36.872Z] INFO: Email configuration check {"hasHost":true,"host":"smtp.gmail.com","port":587,"hasUser":true,"hasPass":true,"hasFrom":true}
[2026-07-30T08:06:36.883Z] INFO: Email service initialized successfully (SMTP) {"host":"smtp.gmail.com","port":587,"user":"santoshshimpankar.ukvalley@gmail.com"}
[2026-07-30T08:06:37.765Z] INFO: [WhatsApp] Twilio client initialized successfully
[2026-07-30T08:06:37.785Z] INFO: [Telegram] Bot token configured, service ready
[2026-07-30T08:06:38.795Z] INFO: Initializing cron jobs...
[2026-07-30T08:06:38.836Z] INFO: Job recharge-reminder scheduled: 0 9 * * *
[2026-07-30T08:06:38.838Z] INFO: Job inactive-sim-alert scheduled: 0 10 * * *
[2026-07-30T08:06:38.839Z] INFO: Job subscription-expiry-check scheduled: 0 8 * * *
[2026-07-30T08:06:38.842Z] INFO: Job data-cleanup scheduled: 0 2 * * 0
[2026-07-30T08:06:38.845Z] INFO: Job whatsapp-inactive-check scheduled: */5 * * * *
[2026-07-30T08:06:38.847Z] INFO: Job telegram-inactive-check scheduled: */5 * * * *
[2026-07-30T08:06:38.849Z] INFO: Job wifi-alert-check scheduled: */20 * * * *
[2026-07-30T08:06:38.851Z] INFO: Job wifi-metrics-cleanup scheduled: 0 3 * * 0
[2026-07-30T08:06:38.854Z] INFO: Job report-delivery scheduled: * * * * *
[2026-07-30T08:06:38.856Z] INFO: Job stale-payment-cleanup scheduled: */30 * * * *
[2026-07-30T08:06:38.856Z] INFO: All cron jobs initialized
[2026-07-30T08:06:39.474Z] INFO: Email transporter verified successfully - emails will be sent
[2026-07-30T08:07:00.040Z] INFO: [Report Delivery] Cron tick at 2026-07-30T08:07:00.040Z
[2026-07-30T08:07:00.072Z] INFO: [Report Delivery] Found 3 active schedule(s), evaluating each...
[2026-07-30T08:07:00.074Z] INFO: [Report Delivery] ashishshindeukvalley@gmail.com: evaluating (time=11:10, types=[daily], lastSent=Thu Jul 30 2026 11:06:01 GMT+0530 (India Standard Time), lastStatus=failed)
[2026-07-30T08:07:00.079Z] INFO: [Schedule Check] ashishshindeukvalley@gmail.com | TZ: Asia/Kolkata | Current: 13:37 weekday=Thu(4) date=30 | Configured time: 11:10 | Types: daily
[2026-07-30T08:07:00.080Z] INFO: [Schedule Check] ashishshindeukvalley@gmail.com → SKIPPED: time mismatch (now=13:37 vs scheduled=11:10)
[2026-07-30T08:07:00.082Z] INFO: [Report Delivery] santoshshimpankar61@gmail.com: evaluating (time=12:02, types=[daily], lastSent=Thu Jul 30 2026 12:02:00 GMT+0530 (India Standard Time), lastStatus=failed)
[2026-07-30T08:07:00.084Z] INFO: [Schedule Check] santoshshimpankar61@gmail.com | TZ: Asia/Kolkata | Current: 13:37 weekday=Thu(4) date=30 | Configured time: 12:02 | Types: daily
[2026-07-30T08:07:00.085Z] INFO: [Schedule Check] santoshshimpankar61@gmail.com → SKIPPED: time mismatch (now=13:37 vs scheduled=12:02)
[2026-07-30T08:07:00.087Z] INFO: [Report Delivery] pratikumbharde141@gmail.com: evaluating (time=13:37, types=[daily], lastSent=Thu Jul 30 2026 13:37:00 GMT+0530 (India Standard Time), lastStatus=failed)
[2026-07-30T08:07:00.089Z] INFO: [Schedule Check] pratikumbharde141@gmail.com | TZ: Asia/Kolkata | Current: 13:37 weekday=Thu(4) date=30 | Configured time: 13:37 | Types: daily
[2026-07-30T08:07:00.092Z] INFO: [Schedule Check] pratikumbharde141@gmail.com → SKIPPED: failed recently (0min ago, 30min cooldown)
[2026-07-30T08:07:00.093Z] INFO: [Report Delivery] Job complete: 0 sent, 3 not-due, 0 inactive-company, 0 errors (total: 3 schedules)
[2026-07-30T08:08:00.612Z] INFO: [Report Delivery] Cron tick at 2026-07-30T08:08:00.612Z
[2026-07-30T08:08:00.644Z] INFO: [Report Delivery] Found 3 active schedule(s), evaluating each...
[2026-07-30T08:08:00.646Z] INFO: [Report Delivery] ashishshindeukvalley@gmail.com: evaluating (time=11:10, types=[daily], lastSent=Thu Jul 30 2026 11:06:01 GMT+0530 (India Standard Time), lastStatus=failed)
[2026-07-30T08:08:00.647Z] INFO: [Schedule Check] ashishshindeukvalley@gmail.com | TZ: Asia/Kolkata | Current: 13:38 weekday=Thu(4) date=30 | Configured time: 11:10 | Types: daily
[2026-07-30T08:08:00.648Z] INFO: [Schedule Check] ashishshindeukvalley@gmail.com → SKIPPED: time mismatch (now=13:38 vs scheduled=11:10)
[2026-07-30T08:08:00.649Z] INFO: [Report Delivery] santoshshimpankar61@gmail.com: evaluating (time=12:02, types=[daily], lastSent=Thu Jul 30 2026 12:02:00 GMT+0530 (India Standard Time), lastStatus=failed)
[2026-07-30T08:08:00.650Z] INFO: [Schedule Check] santoshshimpankar61@gmail.com | TZ: Asia/Kolkata | Current: 13:38 weekday=Thu(4) date=30 | Configured time: 12:02 | Types: daily
[2026-07-30T08:08:00.651Z] INFO: [Schedule Check] santoshshimpankar61@gmail.com → SKIPPED: time mismatch (now=13:38 vs scheduled=12:02)
[2026-07-30T08:08:00.652Z] INFO: [Report Delivery] pratikumbharde141@gmail.com: evaluating (time=13:37, types=[daily], lastSent=Thu Jul 30 2026 13:37:00 GMT+0530 (India Standard Time), lastStatus=failed)
[2026-07-30T08:08:00.654Z] INFO: [Schedule Check] pratikumbharde141@gmail.com | TZ: Asia/Kolkata | Current: 13:38 weekday=Thu(4) date=30 | Configured time: 13:37 | Types: daily
[2026-07-30T08:08:00.655Z] INFO: [Schedule Check] pratikumbharde141@gmail.com → SKIPPED: time mismatch (now=13:38 vs scheduled=13:37)
[2026-07-30T08:08:00.656Z] INFO: [Report Delivery] Job complete: 0 sent, 3 not-due, 0 inactive-company, 0 errors (total: 3 schedules)
[2026-07-30T08:09:00.134Z] INFO: [Report Delivery] Cron tick at 2026-07-30T08:09:00.134Z
[2026-07-30T08:09:00.277Z] INFO: [Report Delivery] Found 3 active schedule(s), evaluating each...
[2026-07-30T08:09:00.278Z] INFO: [Report Delivery] ashishshindeukvalley@gmail.com: evaluating (time=11:10, types=[daily], lastSent=Thu Jul 30 2026 11:06:01 GMT+0530 (India Standard Time), lastStatus=failed)
[2026-07-30T08:09:00.279Z] INFO: [Schedule Check] ashishshindeukvalley@gmail.com | TZ: Asia/Kolkata | Current: 13:39 weekday=Thu(4) date=30 | Configured time: 11:10 | Types: daily
[2026-07-30T08:09:00.280Z] INFO: [Schedule Check] ashishshindeukvalley@gmail.com → SKIPPED: time mismatch (now=13:39 vs scheduled=11:10)
[2026-07-30T08:09:00.281Z] INFO: [Report Delivery] santoshshimpankar61@gmail.com: evaluating (time=12:02, types=[daily], lastSent=Thu Jul 30 2026 12:02:00 GMT+0530 (India Standard Time), lastStatus=failed)
[2026-07-30T08:09:00.283Z] INFO: [Schedule Check] santoshshimpankar61@gmail.com | TZ: Asia/Kolkata | Current: 13:39 weekday=Thu(4) date=30 | Configured time: 12:02 | Types: daily
[2026-07-30T08:09:00.284Z] INFO: [Schedule Check] santoshshimpankar61@gmail.com → SKIPPED: time mismatch (now=13:39 vs scheduled=12:02)
[2026-07-30T08:09:00.286Z] INFO: [Report Delivery] pratikumbharde141@gmail.com: evaluating (time=13:37, types=[daily], lastSent=Thu Jul 30 2026 13:37:00 GMT+0530 (India Standard Time), lastStatus=failed)
[2026-07-30T08:09:00.288Z] INFO: [Schedule Check] pratikumbharde141@gmail.com | TZ: Asia/Kolkata | Current: 13:39 weekday=Thu(4) date=30 | Configured time: 13:37 | Types: daily
[2026-07-30T08:09:00.289Z] INFO: [Schedule Check] pratikumbharde141@gmail.com → SKIPPED: time mismatch (now=13:39 vs scheduled=13:37)
[2026-07-30T08:09:00.290Z] INFO: [Report Delivery] Job complete: 0 sent, 3 not-due, 0 inactive-company, 0 errors (total: 3 schedules)
[2026-07-30T08:10:00.707Z] INFO: Starting WhatsApp inactive check job
[2026-07-30T08:10:00.816Z] INFO: [WhatsApp Cron] Processing inactive messages...
[2026-07-30T08:10:00.819Z] INFO: Starting Telegram inactive check job
[2026-07-30T08:10:00.820Z] INFO: [Telegram Cron] Processing inactive messages...
[2026-07-30T08:10:00.823Z] INFO: Starting WiFi alert check job
[2026-07-30T08:10:00.831Z] INFO: [WhatsApp Cron] Processed 0 messages, updated 0 SIMs
[2026-07-30T08:10:00.832Z] INFO: WhatsApp inactive check completed: 0 messages processed, 0 SIMs marked inactive
[2026-07-30T08:10:00.833Z] INFO: [Report Delivery] Cron tick at 2026-07-30T08:10:00.833Z
[2026-07-30T08:10:00.836Z] INFO: [Telegram Cron] Processed 0 messages, updated 0 SIMs
[2026-07-30T08:10:00.837Z] INFO: Telegram inactive check completed: 0 messages processed, 0 SIMs marked inactive
[2026-07-30T08:10:00.862Z] INFO: [Report Delivery] Found 3 active schedule(s), evaluating each...
[2026-07-30T08:10:00.863Z] INFO: [Report Delivery] ashishshindeukvalley@gmail.com: evaluating (time=11:10, types=[daily], lastSent=Thu Jul 30 2026 11:06:01 GMT+0530 (India Standard Time), lastStatus=failed)
[2026-07-30T08:10:00.865Z] INFO: [Schedule Check] ashishshindeukvalley@gmail.com | TZ: Asia/Kolkata | Current: 13:40 weekday=Thu(4) date=30 | Configured time: 11:10 | Types: daily
[2026-07-30T08:10:00.865Z] INFO: [Schedule Check] ashishshindeukvalley@gmail.com → SKIPPED: time mismatch (now=13:40 vs scheduled=11:10)
[2026-07-30T08:10:00.866Z] INFO: [Report Delivery] santoshshimpankar61@gmail.com: evaluating (time=12:02, types=[daily], lastSent=Thu Jul 30 2026 12:02:00 GMT+0530 (India Standard Time), lastStatus=failed)
[2026-07-30T08:10:00.867Z] INFO: [Schedule Check] santoshshimpankar61@gmail.com | TZ: Asia/Kolkata | Current: 13:40 weekday=Thu(4) date=30 | Configured time: 12:02 | Types: daily
[2026-07-30T08:10:00.868Z] INFO: [Schedule Check] santoshshimpankar61@gmail.com → SKIPPED: time mismatch (now=13:40 vs scheduled=12:02)
[2026-07-30T08:10:00.869Z] INFO: [Report Delivery] pratikumbharde141@gmail.com: evaluating (time=13:37, types=[daily], lastSent=Thu Jul 30 2026 13:37:00 GMT+0530 (India Standard Time), lastStatus=failed)
[2026-07-30T08:10:00.871Z] INFO: [Schedule Check] pratikumbharde141@gmail.com | TZ: Asia/Kolkata | Current: 13:40 weekday=Thu(4) date=30 | Configured time: 13:37 | Types: daily
[2026-07-30T08:10:00.872Z] INFO: [Schedule Check] pratikumbharde141@gmail.com → SKIPPED: time mismatch (now=13:40 vs scheduled=13:37)
[2026-07-30T08:10:00.873Z] INFO: [Report Delivery] Job complete: 0 sent, 3 not-due, 0 inactive-company, 0 errors (total: 3 schedules)
[2026-07-30T08:10:01.226Z] INFO: [WIFI ALERT] All checks completed {"checked":0,"skipped":3,"alertsCreated":0,"alertsUpdated":0,"alertsResolved":0,"emailsSent":0,"emailErrors":[],"errors":[],"offlineAlertsCreated":0,"wifiOffAlertsCreated":0,"disconnectedAlertsCreated":0,"notificationsCreated":0}
[2026-07-30T08:10:01.231Z] INFO: WiFi alert check job completed
[2026-07-30T08:11:00.388Z] INFO: [Report Delivery] Cron tick at 2026-07-30T08:11:00.388Z
[2026-07-30T08:11:00.419Z] INFO: [Report Delivery] Found 3 active schedule(s), evaluating each...
[2026-07-30T08:11:00.420Z] INFO: [Report Delivery] ashishshindeukvalley@gmail.com: evaluating (time=11:10, types=[daily], lastSent=Thu Jul 30 2026 11:06:01 GMT+0530 (India Standard Time), lastStatus=failed)
[2026-07-30T08:11:00.422Z] INFO: [Schedule Check] ashishshindeukvalley@gmail.com | TZ: Asia/Kolkata | Current: 13:41 weekday=Thu(4) date=30 | Configured time: 11:10 | Types: daily
[2026-07-30T08:11:00.423Z] INFO: [Schedule Check] ashishshindeukvalley@gmail.com → SKIPPED: time mismatch (now=13:41 vs scheduled=11:10)
[2026-07-30T08:11:00.423Z] INFO: [Report Delivery] santoshshimpankar61@gmail.com: evaluating (time=12:02, types=[daily], lastSent=Thu Jul 30 2026 12:02:00 GMT+0530 (India Standard Time), lastStatus=failed)
[2026-07-30T08:11:00.424Z] INFO: [Schedule Check] santoshshimpankar61@gmail.com | TZ: Asia/Kolkata | Current: 13:41 weekday=Thu(4) date=30 | Configured time: 12:02 | Types: daily
[2026-07-30T08:11:00.425Z] INFO: [Schedule Check] santoshshimpankar61@gmail.com → SKIPPED: time mismatch (now=13:41 vs scheduled=12:02)
[2026-07-30T08:11:00.426Z] INFO: [Report Delivery] pratikumbharde141@gmail.com: evaluating (time=13:37, types=[daily], lastSent=Thu Jul 30 2026 13:37:00 GMT+0530 (India Standard Time), lastStatus=failed)
[2026-07-30T08:11:00.427Z] INFO: [Schedule Check] pratikumbharde141@gmail.com | TZ: Asia/Kolkata | Current: 13:41 weekday=Thu(4) date=30 | Configured time: 13:37 | Types: daily
[2026-07-30T08:11:00.428Z] INFO: [Schedule Check] pratikumbharde141@gmail.com → SKIPPED: time mismatch (now=13:41 vs scheduled=13:37)
[2026-07-30T08:11:00.429Z] INFO: [Report Delivery] Job complete: 0 sent, 3 not-due, 0 inactive-company, 0 errors (total: 3 schedules)
[2026-07-30T08:12:02.320Z] INFO: Email configuration check {"hasHost":true,"host":"smtp.gmail.com","port":587,"hasUser":true,"hasPass":true,"hasFrom":true}
[2026-07-30T08:12:02.335Z] INFO: Email service initialized successfully (SMTP) {"host":"smtp.gmail.com","port":587,"user":"santoshshimpankar.ukvalley@gmail.com"}
[2026-07-30T08:12:05.532Z] INFO: Email configuration check {"hasHost":true,"host":"smtp.gmail.com","port":587,"hasUser":true,"hasPass":true,"hasFrom":true}
[2026-07-30T08:12:05.542Z] INFO: Email service initialized successfully (SMTP) {"host":"smtp.gmail.com","port":587,"user":"santoshshimpankar.ukvalley@gmail.com"}
[2026-07-30T08:12:06.869Z] INFO: [WhatsApp] Twilio client initialized successfully
[2026-07-30T08:12:06.908Z] INFO: [Telegram] Bot token configured, service ready
[2026-07-30T08:12:08.718Z] INFO: Initializing cron jobs...
[2026-07-30T08:12:08.777Z] INFO: Job recharge-reminder scheduled: 0 9 * * *
[2026-07-30T08:12:08.780Z] INFO: Job inactive-sim-alert scheduled: 0 10 * * *
[2026-07-30T08:12:08.782Z] INFO: Job subscription-expiry-check scheduled: 0 8 * * *
[2026-07-30T08:12:08.784Z] INFO: Job data-cleanup scheduled: 0 2 * * 0
[2026-07-30T08:12:08.789Z] INFO: Job whatsapp-inactive-check scheduled: */5 * * * *
[2026-07-30T08:12:08.794Z] INFO: Job telegram-inactive-check scheduled: */5 * * * *
[2026-07-30T08:12:08.797Z] INFO: Job wifi-alert-check scheduled: */20 * * * *
[2026-07-30T08:12:08.799Z] INFO: Job wifi-metrics-cleanup scheduled: 0 3 * * 0
[2026-07-30T08:12:08.803Z] INFO: Job report-delivery scheduled: * * * * *
[2026-07-30T08:12:08.808Z] INFO: Job stale-payment-cleanup scheduled: */30 * * * *
[2026-07-30T08:12:08.810Z] INFO: All cron jobs initialized
[2026-07-30T08:12:09.198Z] INFO: Email transporter verified successfully - emails will be sent
[2026-07-30T08:12:17.687Z] INFO: Email configuration check {"hasHost":true,"host":"smtp.gmail.com","port":587,"hasUser":true,"hasPass":true,"hasFrom":true}
[2026-07-30T08:12:17.700Z] INFO: Email service initialized successfully (SMTP) {"host":"smtp.gmail.com","port":587,"user":"santoshshimpankar.ukvalley@gmail.com"}
[2026-07-30T08:12:18.732Z] INFO: [WhatsApp] Twilio client initialized successfully
[2026-07-30T08:12:18.743Z] INFO: [Telegram] Bot token configured, service ready
[2026-07-30T08:12:19.753Z] INFO: Initializing cron jobs...
[2026-07-30T08:12:19.786Z] INFO: Job recharge-reminder scheduled: 0 9 * * *
[2026-07-30T08:12:19.788Z] INFO: Job inactive-sim-alert scheduled: 0 10 * * *
[2026-07-30T08:12:19.790Z] INFO: Job subscription-expiry-check scheduled: 0 8 * * *
[2026-07-30T08:12:19.792Z] INFO: Job data-cleanup scheduled: 0 2 * * 0
[2026-07-30T08:12:19.795Z] INFO: Job whatsapp-inactive-check scheduled: */5 * * * *
[2026-07-30T08:12:19.796Z] INFO: Job telegram-inactive-check scheduled: */5 * * * *
[2026-07-30T08:12:19.798Z] INFO: Job wifi-alert-check scheduled: */20 * * * *
[2026-07-30T08:12:19.801Z] INFO: Job wifi-metrics-cleanup scheduled: 0 3 * * 0
[2026-07-30T08:12:19.802Z] INFO: Job report-delivery scheduled: * * * * *
[2026-07-30T08:12:19.804Z] INFO: Job stale-payment-cleanup scheduled: */30 * * * *
[2026-07-30T08:12:19.805Z] INFO: All cron jobs initialized
[2026-07-30T08:12:20.410Z] INFO: Email transporter verified successfully - emails will be sent
[2026-07-30T08:13:00.193Z] INFO: [Report Delivery] Cron tick at 2026-07-30T08:13:00.193Z
[2026-07-30T08:13:00.235Z] INFO: [Report Delivery] Found 3 active schedule(s), evaluating each...
[2026-07-30T08:13:00.236Z] INFO: [Report Delivery] ashishshindeukvalley@gmail.com: evaluating (time=11:10, types=[daily], lastSent=Thu Jul 30 2026 11:06:01 GMT+0530 (India Standard Time), lastStatus=failed)
[2026-07-30T08:13:00.239Z] INFO: [Schedule Check] ashishshindeukvalley@gmail.com | TZ: Asia/Kolkata | Current: 13:43 weekday=Thu(4) date=30 | Configured time: 11:10 | Types: daily
[2026-07-30T08:13:00.240Z] INFO: [Schedule Check] ashishshindeukvalley@gmail.com → SKIPPED: time mismatch (now=13:43 vs scheduled=11:10)
[2026-07-30T08:13:00.241Z] INFO: [Report Delivery] santoshshimpankar61@gmail.com: evaluating (time=12:02, types=[daily], lastSent=Thu Jul 30 2026 12:02:00 GMT+0530 (India Standard Time), lastStatus=failed)
[2026-07-30T08:13:00.243Z] INFO: [Schedule Check] santoshshimpankar61@gmail.com | TZ: Asia/Kolkata | Current: 13:43 weekday=Thu(4) date=30 | Configured time: 12:02 | Types: daily
[2026-07-30T08:13:00.244Z] INFO: [Schedule Check] santoshshimpankar61@gmail.com → SKIPPED: time mismatch (now=13:43 vs scheduled=12:02)
[2026-07-30T08:13:00.245Z] INFO: [Report Delivery] pratikumbharde141@gmail.com: evaluating (time=13:37, types=[daily], lastSent=Thu Jul 30 2026 13:37:00 GMT+0530 (India Standard Time), lastStatus=failed)
[2026-07-30T08:13:00.246Z] INFO: [Schedule Check] pratikumbharde141@gmail.com | TZ: Asia/Kolkata | Current: 13:43 weekday=Thu(4) date=30 | Configured time: 13:37 | Types: daily
[2026-07-30T08:13:00.247Z] INFO: [Schedule Check] pratikumbharde141@gmail.com → SKIPPED: time mismatch (now=13:43 vs scheduled=13:37)
[2026-07-30T08:13:00.248Z] INFO: [Report Delivery] Job complete: 0 sent, 3 not-due, 0 inactive-company, 0 errors (total: 3 schedules)
[2026-07-30T08:14:00.806Z] INFO: [Report Delivery] Cron tick at 2026-07-30T08:14:00.806Z
[2026-07-30T08:14:00.845Z] INFO: [Report Delivery] Found 3 active schedule(s), evaluating each...
[2026-07-30T08:14:00.846Z] INFO: [Report Delivery] ashishshindeukvalley@gmail.com: evaluating (time=11:10, types=[daily], lastSent=Thu Jul 30 2026 11:06:01 GMT+0530 (India Standard Time), lastStatus=failed)
[2026-07-30T08:14:00.847Z] INFO: [Schedule Check] ashishshindeukvalley@gmail.com | TZ: Asia/Kolkata | Current: 13:44 weekday=Thu(4) date=30 | Configured time: 11:10 | Types: daily
[2026-07-30T08:14:00.848Z] INFO: [Schedule Check] ashishshindeukvalley@gmail.com → SKIPPED: time mismatch (now=13:44 vs scheduled=11:10)
[2026-07-30T08:14:00.849Z] INFO: [Report Delivery] santoshshimpankar61@gmail.com: evaluating (time=12:02, types=[daily], lastSent=Thu Jul 30 2026 12:02:00 GMT+0530 (India Standard Time), lastStatus=failed)
[2026-07-30T08:14:00.851Z] INFO: [Schedule Check] santoshshimpankar61@gmail.com | TZ: Asia/Kolkata | Current: 13:44 weekday=Thu(4) date=30 | Configured time: 12:02 | Types: daily
[2026-07-30T08:14:00.853Z] INFO: [Schedule Check] santoshshimpankar61@gmail.com → SKIPPED: time mismatch (now=13:44 vs scheduled=12:02)
[2026-07-30T08:14:00.856Z] INFO: [Report Delivery] pratikumbharde141@gmail.com: evaluating (time=13:44, types=[daily], lastSent=never, lastStatus=none)
[2026-07-30T08:14:00.860Z] INFO: [Schedule Check] pratikumbharde141@gmail.com | TZ: Asia/Kolkata | Current: 13:44 weekday=Thu(4) date=30 | Configured time: 13:44 | Types: daily
[2026-07-30T08:14:00.861Z] INFO: [Schedule Check] pratikumbharde141@gmail.com → MATCH: will send report now
[2026-07-30T08:14:00.862Z] INFO: [Report Delivery] pratikumbharde141@gmail.com: sending report...
[2026-07-30T08:14:00.864Z] INFO: [Report Send] pratikumbharde141@gmail.com: using populated company "Yadnesh SolutionsoyYadnesh Solutionsoy" (69f8b601247c51deb2aa1751)
[2026-07-30T08:14:00.865Z] INFO: [Report Send] pratikumbharde141@gmail.com: generating report data for company "Yadnesh SolutionsoyYadnesh Solutionsoy", types=[overview]
[2026-07-30T08:14:00.888Z] INFO: [Report Data] Generating report for company "Yadnesh SolutionsoyYadnesh Solutionsoy" (69f8b601247c51deb2aa1751), types=[overview]
[2026-07-30T08:14:01.012Z] INFO: [Report Data] Overview data loaded: sims={"total":21,"active":20,"inactive":1}, recharges={"monthlyTotal":0,"monthlyCount":0,"upcoming":[],"overdue":5}
[2026-07-30T08:14:01.053Z] INFO: [Report Send] pratikumbharde141@gmail.com: report data generated successfully (sims=true, recharges=true, callStats=true)
[2026-07-30T08:14:01.055Z] INFO: [Report Send] pratikumbharde141@gmail.com: sending email to pratikumbharde141@gmail.com, subject="Overview — Yadnesh SolutionsoyYadnesh Solutionsoy"
[2026-07-30T08:14:01.118Z] INFO: [SMTP] Sending email to="pratikumbharde141@gmail.com" subject="Overview — Yadnesh SolutionsoyYadnesh Solutionsoy [30/7/2026]" from="santoshshimpankar.ukvalley@gmail.com"
[2026-07-30T08:14:04.712Z] INFO: [SMTP] Email sent successfully to="pratikumbharde141@gmail.com" messageId="<d6fe4ad2-f6ca-ed7d-864e-98f296236e5c@gmail.com>" response="250 2.0.0 OK  1785399245 a92af1059eb24-13e7271f0ddsm17728446c88.11 - gsmtp"
[2026-07-30T08:14:04.732Z] INFO: [Report Send] pratikumbharde141@gmail.com: SUCCESS — email sent (messageId=<d6fe4ad2-f6ca-ed7d-864e-98f296236e5c@gmail.com>)
[2026-07-30T08:14:04.733Z] INFO: [Report Delivery] pratikumbharde141@gmail.com: ✓ report sent successfully
[2026-07-30T08:14:04.734Z] INFO: [Report Delivery] Job complete: 1 sent, 2 not-due, 0 inactive-company, 0 errors (total: 3 schedules)
[2026-07-30T08:15:00.370Z] INFO: Starting WhatsApp inactive check job
[2026-07-30T08:15:00.372Z] INFO: [WhatsApp Cron] Processing inactive messages...
[2026-07-30T08:15:00.375Z] INFO: Starting Telegram inactive check job
[2026-07-30T08:15:00.376Z] INFO: [Telegram Cron] Processing inactive messages...
[2026-07-30T08:15:00.380Z] INFO: [Report Delivery] Cron tick at 2026-07-30T08:15:00.380Z
[2026-07-30T08:15:00.392Z] INFO: [WhatsApp Cron] Processed 0 messages, updated 0 SIMs
[2026-07-30T08:15:00.393Z] INFO: WhatsApp inactive check completed: 0 messages processed, 0 SIMs marked inactive
[2026-07-30T08:15:00.396Z] INFO: [Telegram Cron] Processed 0 messages, updated 0 SIMs
[2026-07-30T08:15:00.397Z] INFO: Telegram inactive check completed: 0 messages processed, 0 SIMs marked inactive
[2026-07-30T08:15:00.415Z] INFO: [Report Delivery] Found 3 active schedule(s), evaluating each...
[2026-07-30T08:15:00.416Z] INFO: [Report Delivery] ashishshindeukvalley@gmail.com: evaluating (time=11:10, types=[daily], lastSent=Thu Jul 30 2026 11:06:01 GMT+0530 (India Standard Time), lastStatus=failed)
[2026-07-30T08:15:00.418Z] INFO: [Schedule Check] ashishshindeukvalley@gmail.com | TZ: Asia/Kolkata | Current: 13:45 weekday=Thu(4) date=30 | Configured time: 11:10 | Types: daily
[2026-07-30T08:15:00.421Z] INFO: [Schedule Check] ashishshindeukvalley@gmail.com → SKIPPED: time mismatch (now=13:45 vs scheduled=11:10)
[2026-07-30T08:15:00.424Z] INFO: [Report Delivery] santoshshimpankar61@gmail.com: evaluating (time=12:02, types=[daily], lastSent=Thu Jul 30 2026 12:02:00 GMT+0530 (India Standard Time), lastStatus=failed)
[2026-07-30T08:15:00.426Z] INFO: [Schedule Check] santoshshimpankar61@gmail.com | TZ: Asia/Kolkata | Current: 13:45 weekday=Thu(4) date=30 | Configured time: 12:02 | Types: daily
[2026-07-30T08:15:00.426Z] INFO: [Schedule Check] santoshshimpankar61@gmail.com → SKIPPED: time mismatch (now=13:45 vs scheduled=12:02)
[2026-07-30T08:15:00.427Z] INFO: [Report Delivery] pratikumbharde141@gmail.com: evaluating (time=13:44, types=[daily], lastSent=Thu Jul 30 2026 13:44:04 GMT+0530 (India Standard Time), lastStatus=success)
[2026-07-30T08:15:00.428Z] INFO: [Schedule Check] pratikumbharde141@gmail.com | TZ: Asia/Kolkata | Current: 13:45 weekday=Thu(4) date=30 | Configured time: 13:44 | Types: daily
[2026-07-30T08:15:00.429Z] INFO: [Schedule Check] pratikumbharde141@gmail.com → SKIPPED: time mismatch (now=13:45 vs scheduled=13:44)
[2026-07-30T08:15:00.432Z] INFO: [Report Delivery] Job complete: 0 sent, 3 not-due, 0 inactive-company, 0 errors (total: 3 schedules)
[2026-07-30T08:16:00.958Z] INFO: [Report Delivery] Cron tick at 2026-07-30T08:16:00.958Z
[2026-07-30T08:16:01.211Z] INFO: [Report Delivery] Found 3 active schedule(s), evaluating each...
[2026-07-30T08:16:01.212Z] INFO: [Report Delivery] ashishshindeukvalley@gmail.com: evaluating (time=11:10, types=[daily], lastSent=Thu Jul 30 2026 11:06:01 GMT+0530 (India Standard Time), lastStatus=failed)
[2026-07-30T08:16:01.213Z] INFO: [Schedule Check] ashishshindeukvalley@gmail.com | TZ: Asia/Kolkata | Current: 13:46 weekday=Thu(4) date=30 | Configured time: 11:10 | Types: daily
[2026-07-30T08:16:01.214Z] INFO: [Schedule Check] ashishshindeukvalley@gmail.com → SKIPPED: time mismatch (now=13:46 vs scheduled=11:10)
[2026-07-30T08:16:01.215Z] INFO: [Report Delivery] santoshshimpankar61@gmail.com: evaluating (time=12:02, types=[daily], lastSent=Thu Jul 30 2026 12:02:00 GMT+0530 (India Standard Time), lastStatus=failed)
[2026-07-30T08:16:01.216Z] INFO: [Schedule Check] santoshshimpankar61@gmail.com | TZ: Asia/Kolkata | Current: 13:46 weekday=Thu(4) date=30 | Configured time: 12:02 | Types: daily
[2026-07-30T08:16:01.217Z] INFO: [Schedule Check] santoshshimpankar61@gmail.com → SKIPPED: time mismatch (now=13:46 vs scheduled=12:02)
[2026-07-30T08:16:01.219Z] INFO: [Report Delivery] pratikumbharde141@gmail.com: evaluating (time=13:44, types=[daily], lastSent=Thu Jul 30 2026 13:44:04 GMT+0530 (India Standard Time), lastStatus=success)
[2026-07-30T08:16:01.220Z] INFO: [Schedule Check] pratikumbharde141@gmail.com | TZ: Asia/Kolkata | Current: 13:46 weekday=Thu(4) date=30 | Configured time: 13:44 | Types: daily
[2026-07-30T08:16:01.221Z] INFO: [Schedule Check] pratikumbharde141@gmail.com → SKIPPED: time mismatch (now=13:46 vs scheduled=13:44)
[2026-07-30T08:16:01.222Z] INFO: [Report Delivery] Job complete: 0 sent, 3 not-due, 0 inactive-company, 0 errors (total: 3 schedules)
[2026-07-30T08:17:00.526Z] INFO: [Report Delivery] Cron tick at 2026-07-30T08:17:00.525Z
[2026-07-30T08:17:00.559Z] INFO: [Report Delivery] Found 3 active schedule(s), evaluating each...
[2026-07-30T08:17:00.562Z] INFO: [Report Delivery] ashishshindeukvalley@gmail.com: evaluating (time=11:10, types=[daily], lastSent=Thu Jul 30 2026 11:06:01 GMT+0530 (India Standard Time), lastStatus=failed)
[2026-07-30T08:17:00.565Z] INFO: [Schedule Check] ashishshindeukvalley@gmail.com | TZ: Asia/Kolkata | Current: 13:47 weekday=Thu(4) date=30 | Configured time: 11:10 | Types: daily
[2026-07-30T08:17:00.566Z] INFO: [Schedule Check] ashishshindeukvalley@gmail.com → SKIPPED: time mismatch (now=13:47 vs scheduled=11:10)
[2026-07-30T08:17:00.568Z] INFO: [Report Delivery] santoshshimpankar61@gmail.com: evaluating (time=12:02, types=[daily], lastSent=Thu Jul 30 2026 12:02:00 GMT+0530 (India Standard Time), lastStatus=failed)
[2026-07-30T08:17:00.570Z] INFO: [Schedule Check] santoshshimpankar61@gmail.com | TZ: Asia/Kolkata | Current: 13:47 weekday=Thu(4) date=30 | Configured time: 12:02 | Types: daily
[2026-07-30T08:17:00.572Z] INFO: [Schedule Check] santoshshimpankar61@gmail.com → SKIPPED: time mismatch (now=13:47 vs scheduled=12:02)
[2026-07-30T08:17:00.574Z] INFO: [Report Delivery] pratikumbharde141@gmail.com: evaluating (time=13:44, types=[daily], lastSent=Thu Jul 30 2026 13:44:04 GMT+0530 (India Standard Time), lastStatus=success)
[2026-07-30T08:17:00.578Z] INFO: [Schedule Check] pratikumbharde141@gmail.com | TZ: Asia/Kolkata | Current: 13:47 weekday=Thu(4) date=30 | Configured time: 13:44 | Types: daily
[2026-07-30T08:17:00.580Z] INFO: [Schedule Check] pratikumbharde141@gmail.com → SKIPPED: time mismatch (now=13:47 vs scheduled=13:44)
[2026-07-30T08:17:00.582Z] INFO: [Report Delivery] Job complete: 0 sent, 3 not-due, 0 inactive-company, 0 errors (total: 3 schedules)
[2026-07-30T08:17:44.278Z] INFO: Email configuration check {"hasHost":true,"host":"smtp.gmail.com","port":587,"hasUser":true,"hasPass":true,"hasFrom":true}
[2026-07-30T08:17:44.300Z] INFO: Email service initialized successfully (SMTP) {"host":"smtp.gmail.com","port":587,"user":"santoshshimpankar.ukvalley@gmail.com"}
[2026-07-30T08:17:47.186Z] INFO: [WhatsApp] Twilio client initialized successfully
[2026-07-30T08:17:47.226Z] INFO: [Telegram] Bot token configured, service ready
[2026-07-30T08:17:48.823Z] INFO: Initializing cron jobs...
[2026-07-30T08:17:48.860Z] INFO: Job recharge-reminder scheduled: 0 9 * * *
[2026-07-30T08:17:48.862Z] INFO: Job inactive-sim-alert scheduled: 0 10 * * *
[2026-07-30T08:17:48.863Z] INFO: Job subscription-expiry-check scheduled: 0 8 * * *
[2026-07-30T08:17:48.865Z] INFO: Job data-cleanup scheduled: 0 2 * * 0
[2026-07-30T08:17:48.870Z] INFO: Job whatsapp-inactive-check scheduled: */5 * * * *
[2026-07-30T08:17:48.872Z] INFO: Job telegram-inactive-check scheduled: */5 * * * *
[2026-07-30T08:17:48.873Z] INFO: Job wifi-alert-check scheduled: */20 * * * *
[2026-07-30T08:17:48.875Z] INFO: Job wifi-metrics-cleanup scheduled: 0 3 * * 0
[2026-07-30T08:17:48.880Z] INFO: Job report-delivery scheduled: * * * * *
[2026-07-30T08:17:48.881Z] INFO: Job stale-payment-cleanup scheduled: */30 * * * *
[2026-07-30T08:17:48.883Z] INFO: All cron jobs initialized
[2026-07-30T08:17:49.372Z] INFO: Email transporter verified successfully - emails will be sent
[2026-07-30T08:17:54.447Z] INFO: Email configuration check {"hasHost":true,"host":"smtp.gmail.com","port":587,"hasUser":true,"hasPass":true,"hasFrom":true}
[2026-07-30T08:17:54.457Z] INFO: Email service initialized successfully (SMTP) {"host":"smtp.gmail.com","port":587,"user":"santoshshimpankar.ukvalley@gmail.com"}
[2026-07-30T08:17:55.774Z] INFO: [WhatsApp] Twilio client initialized successfully
[2026-07-30T08:17:55.788Z] INFO: [Telegram] Bot token configured, service ready
[2026-07-30T08:17:56.943Z] INFO: Initializing cron jobs...
[2026-07-30T08:17:56.987Z] INFO: Job recharge-reminder scheduled: 0 9 * * *
[2026-07-30T08:17:56.990Z] INFO: Job inactive-sim-alert scheduled: 0 10 * * *
[2026-07-30T08:17:56.993Z] INFO: Job subscription-expiry-check scheduled: 0 8 * * *
[2026-07-30T08:17:56.999Z] INFO: Job data-cleanup scheduled: 0 2 * * 0
[2026-07-30T08:17:57.006Z] INFO: Job whatsapp-inactive-check scheduled: */5 * * * *
[2026-07-30T08:17:57.009Z] INFO: Job telegram-inactive-check scheduled: */5 * * * *
[2026-07-30T08:17:57.012Z] INFO: Job wifi-alert-check scheduled: */20 * * * *
[2026-07-30T08:17:57.015Z] INFO: Job wifi-metrics-cleanup scheduled: 0 3 * * 0
[2026-07-30T08:17:57.019Z] INFO: Job report-delivery scheduled: * * * * *
[2026-07-30T08:17:57.021Z] INFO: Job stale-payment-cleanup scheduled: */30 * * * *
[2026-07-30T08:17:57.023Z] INFO: All cron jobs initialized
[2026-07-30T08:17:57.625Z] INFO: Email transporter verified successfully - emails will be sent
[2026-07-30T08:18:00.034Z] INFO: [Report Delivery] Cron tick at 2026-07-30T08:18:00.034Z
[2026-07-30T08:18:00.071Z] INFO: [Report Delivery] Found 3 active schedule(s), evaluating each...
[2026-07-30T08:18:00.073Z] INFO: [Report Delivery] ashishshindeukvalley@gmail.com: evaluating (time=11:10, types=[daily], lastSent=Thu Jul 30 2026 11:06:01 GMT+0530 (India Standard Time), lastStatus=failed)
[2026-07-30T08:18:00.075Z] INFO: [Schedule Check] ashishshindeukvalley@gmail.com | TZ: Asia/Kolkata | Current: 13:48 weekday=Thu(4) date=30 | Configured time: 11:10 | Types: daily
[2026-07-30T08:18:00.076Z] INFO: [Schedule Check] ashishshindeukvalley@gmail.com → SKIPPED: time mismatch (now=13:48 vs scheduled=11:10)
[2026-07-30T08:18:00.076Z] INFO: [Report Delivery] santoshshimpankar61@gmail.com: evaluating (time=12:02, types=[daily], lastSent=Thu Jul 30 2026 12:02:00 GMT+0530 (India Standard Time), lastStatus=failed)
[2026-07-30T08:18:00.078Z] INFO: [Schedule Check] santoshshimpankar61@gmail.com | TZ: Asia/Kolkata | Current: 13:48 weekday=Thu(4) date=30 | Configured time: 12:02 | Types: daily
[2026-07-30T08:18:00.079Z] INFO: [Schedule Check] santoshshimpankar61@gmail.com → SKIPPED: time mismatch (now=13:48 vs scheduled=12:02)
[2026-07-30T08:18:00.079Z] INFO: [Report Delivery] pratikumbharde141@gmail.com: evaluating (time=13:44, types=[daily], lastSent=Thu Jul 30 2026 13:44:04 GMT+0530 (India Standard Time), lastStatus=success)
[2026-07-30T08:18:00.081Z] INFO: [Schedule Check] pratikumbharde141@gmail.com | TZ: Asia/Kolkata | Current: 13:48 weekday=Thu(4) date=30 | Configured time: 13:44 | Types: daily
[2026-07-30T08:18:00.082Z] INFO: [Schedule Check] pratikumbharde141@gmail.com → SKIPPED: time mismatch (now=13:48 vs scheduled=13:44)
[2026-07-30T08:18:00.082Z] INFO: [Report Delivery] Job complete: 0 sent, 3 not-due, 0 inactive-company, 0 errors (total: 3 schedules)
[2026-07-30T08:18:20.239Z] INFO: Email configuration check {"hasHost":true,"host":"smtp.gmail.com","port":587,"hasUser":true,"hasPass":true,"hasFrom":true}
[2026-07-30T08:18:20.253Z] INFO: Email service initialized successfully (SMTP) {"host":"smtp.gmail.com","port":587,"user":"santoshshimpankar.ukvalley@gmail.com"}
[2026-07-30T08:18:21.113Z] INFO: [WhatsApp] Twilio client initialized successfully
[2026-07-30T08:18:21.126Z] INFO: [Telegram] Bot token configured, service ready
[2026-07-30T08:18:22.127Z] INFO: Initializing cron jobs...
[2026-07-30T08:18:22.164Z] INFO: Job recharge-reminder scheduled: 0 9 * * *
[2026-07-30T08:18:22.166Z] INFO: Job inactive-sim-alert scheduled: 0 10 * * *
[2026-07-30T08:18:22.169Z] INFO: Job subscription-expiry-check scheduled: 0 8 * * *
[2026-07-30T08:18:22.174Z] INFO: Job data-cleanup scheduled: 0 2 * * 0
[2026-07-30T08:18:22.178Z] INFO: Job whatsapp-inactive-check scheduled: */5 * * * *
[2026-07-30T08:18:22.180Z] INFO: Job telegram-inactive-check scheduled: */5 * * * *
[2026-07-30T08:18:22.184Z] INFO: Job wifi-alert-check scheduled: */20 * * * *
[2026-07-30T08:18:22.189Z] INFO: Job wifi-metrics-cleanup scheduled: 0 3 * * 0
[2026-07-30T08:18:22.195Z] INFO: Job report-delivery scheduled: * * * * *
[2026-07-30T08:18:22.197Z] INFO: Job stale-payment-cleanup scheduled: */30 * * * *
[2026-07-30T08:18:22.198Z] INFO: All cron jobs initialized
[2026-07-30T08:18:23.100Z] INFO: Email transporter verified successfully - emails will be sent
[2026-07-30T08:18:53.324Z] INFO: Email configuration check {"hasHost":true,"host":"smtp.gmail.com","port":587,"hasUser":true,"hasPass":true,"hasFrom":true}
[2026-07-30T08:18:53.335Z] INFO: Email service initialized successfully (SMTP) {"host":"smtp.gmail.com","port":587,"user":"santoshshimpankar.ukvalley@gmail.com"}
[2026-07-30T08:18:54.160Z] INFO: [WhatsApp] Twilio client initialized successfully
[2026-07-30T08:18:54.173Z] INFO: [Telegram] Bot token configured, service ready
[2026-07-30T08:18:55.196Z] INFO: Initializing cron jobs...
[2026-07-30T08:18:55.221Z] INFO: Job recharge-reminder scheduled: 0 9 * * *
[2026-07-30T08:18:55.223Z] INFO: Job inactive-sim-alert scheduled: 0 10 * * *
[2026-07-30T08:18:55.225Z] INFO: Job subscription-expiry-check scheduled: 0 8 * * *
[2026-07-30T08:18:55.226Z] INFO: Job data-cleanup scheduled: 0 2 * * 0
[2026-07-30T08:18:55.228Z] INFO: Job whatsapp-inactive-check scheduled: */5 * * * *
[2026-07-30T08:18:55.230Z] INFO: Job telegram-inactive-check scheduled: */5 * * * *
[2026-07-30T08:18:55.231Z] INFO: Job wifi-alert-check scheduled: */20 * * * *
[2026-07-30T08:18:55.233Z] INFO: Job wifi-metrics-cleanup scheduled: 0 3 * * 0
[2026-07-30T08:18:55.235Z] INFO: Job report-delivery scheduled: * * * * *
[2026-07-30T08:18:55.237Z] INFO: Job stale-payment-cleanup scheduled: */30 * * * *
[2026-07-30T08:18:55.238Z] INFO: All cron jobs initialized
[2026-07-30T08:18:57.156Z] INFO: Email configuration check {"hasHost":true,"host":"smtp.gmail.com","port":587,"hasUser":true,"hasPass":true,"hasFrom":true}
[2026-07-30T08:18:57.166Z] INFO: Email service initialized successfully (SMTP) {"host":"smtp.gmail.com","port":587,"user":"santoshshimpankar.ukvalley@gmail.com"}
[2026-07-30T08:18:58.099Z] INFO: [WhatsApp] Twilio client initialized successfully
[2026-07-30T08:18:58.121Z] INFO: [Telegram] Bot token configured, service ready
[2026-07-30T08:18:59.089Z] INFO: Initializing cron jobs...
[2026-07-30T08:18:59.119Z] INFO: Job recharge-reminder scheduled: 0 9 * * *
[2026-07-30T08:18:59.123Z] INFO: Job inactive-sim-alert scheduled: 0 10 * * *
[2026-07-30T08:18:59.124Z] INFO: Job subscription-expiry-check scheduled: 0 8 * * *
[2026-07-30T08:18:59.126Z] INFO: Job data-cleanup scheduled: 0 2 * * 0
[2026-07-30T08:18:59.128Z] INFO: Job whatsapp-inactive-check scheduled: */5 * * * *
[2026-07-30T08:18:59.130Z] INFO: Job telegram-inactive-check scheduled: */5 * * * *
[2026-07-30T08:18:59.132Z] INFO: Job wifi-alert-check scheduled: */20 * * * *
[2026-07-30T08:18:59.134Z] INFO: Job wifi-metrics-cleanup scheduled: 0 3 * * 0
[2026-07-30T08:18:59.137Z] INFO: Job report-delivery scheduled: * * * * *
[2026-07-30T08:18:59.138Z] INFO: Job stale-payment-cleanup scheduled: */30 * * * *
[2026-07-30T08:18:59.139Z] INFO: All cron jobs initialized
[2026-07-30T08:18:59.822Z] INFO: Email transporter verified successfully - emails will be sent
[2026-07-30T08:19:00.149Z] INFO: [Report Delivery] Cron tick at 2026-07-30T08:19:00.149Z
[2026-07-30T08:19:00.500Z] INFO: [Report Delivery] Found 3 active schedule(s), evaluating each...
[2026-07-30T08:19:00.502Z] INFO: [Report Delivery] ashishshindeukvalley@gmail.com: evaluating (time=11:10, types=[daily], lastSent=Thu Jul 30 2026 11:06:01 GMT+0530 (India Standard Time), lastStatus=failed)
[2026-07-30T08:19:00.505Z] INFO: [Schedule Check] ashishshindeukvalley@gmail.com | TZ: Asia/Kolkata | Current: 13:49 weekday=Thu(4) date=30 | Configured time: 11:10 | Types: daily
[2026-07-30T08:19:00.506Z] INFO: [Schedule Check] ashishshindeukvalley@gmail.com → SKIPPED: time mismatch (now=13:49 vs scheduled=11:10)
[2026-07-30T08:19:00.508Z] INFO: [Report Delivery] santoshshimpankar61@gmail.com: evaluating (time=12:02, types=[daily], lastSent=Thu Jul 30 2026 12:02:00 GMT+0530 (India Standard Time), lastStatus=failed)
[2026-07-30T08:19:00.512Z] INFO: [Schedule Check] santoshshimpankar61@gmail.com | TZ: Asia/Kolkata | Current: 13:49 weekday=Thu(4) date=30 | Configured time: 12:02 | Types: daily
[2026-07-30T08:19:00.513Z] INFO: [Schedule Check] santoshshimpankar61@gmail.com → SKIPPED: time mismatch (now=13:49 vs scheduled=12:02)
[2026-07-30T08:19:00.514Z] INFO: [Report Delivery] pratikumbharde141@gmail.com: evaluating (time=13:44, types=[daily], lastSent=Thu Jul 30 2026 13:44:04 GMT+0530 (India Standard Time), lastStatus=success)
[2026-07-30T08:19:00.516Z] INFO: [Schedule Check] pratikumbharde141@gmail.com | TZ: Asia/Kolkata | Current: 13:49 weekday=Thu(4) date=30 | Configured time: 13:44 | Types: daily
[2026-07-30T08:19:00.517Z] INFO: [Schedule Check] pratikumbharde141@gmail.com → SKIPPED: time mismatch (now=13:49 vs scheduled=13:44)
[2026-07-30T08:19:00.518Z] INFO: [Report Delivery] Job complete: 0 sent, 3 not-due, 0 inactive-company, 0 errors (total: 3 schedules)
[2026-07-30T08:20:00.700Z] INFO: Starting WhatsApp inactive check job
[2026-07-30T08:20:00.702Z] INFO: [WhatsApp Cron] Processing inactive messages...
[2026-07-30T08:20:00.705Z] INFO: Starting Telegram inactive check job
[2026-07-30T08:20:00.706Z] INFO: [Telegram Cron] Processing inactive messages...
[2026-07-30T08:20:00.710Z] INFO: [Report Delivery] Cron tick at 2026-07-30T08:20:00.710Z
[2026-07-30T08:20:00.718Z] INFO: [WhatsApp Cron] Processed 0 messages, updated 0 SIMs
[2026-07-30T08:20:00.719Z] INFO: WhatsApp inactive check completed: 0 messages processed, 0 SIMs marked inactive
[2026-07-30T08:20:00.724Z] INFO: [Telegram Cron] Processed 0 messages, updated 0 SIMs
[2026-07-30T08:20:00.725Z] INFO: Telegram inactive check completed: 0 messages processed, 0 SIMs marked inactive
[2026-07-30T08:20:00.744Z] INFO: [Report Delivery] Found 3 active schedule(s), evaluating each...
[2026-07-30T08:20:00.745Z] INFO: [Report Delivery] ashishshindeukvalley@gmail.com: evaluating (time=11:10, types=[daily], lastSent=Thu Jul 30 2026 11:06:01 GMT+0530 (India Standard Time), lastStatus=failed)
[2026-07-30T08:20:00.747Z] INFO: [Schedule Check] ashishshindeukvalley@gmail.com | TZ: Asia/Kolkata | Current: 13:50 weekday=Thu(4) date=30 | Configured time: 11:10 | Types: daily
[2026-07-30T08:20:00.749Z] INFO: [Schedule Check] ashishshindeukvalley@gmail.com → SKIPPED: time mismatch (now=13:50 vs scheduled=11:10)
[2026-07-30T08:20:00.750Z] INFO: [Report Delivery] santoshshimpankar61@gmail.com: evaluating (time=12:02, types=[daily], lastSent=Thu Jul 30 2026 12:02:00 GMT+0530 (India Standard Time), lastStatus=failed)
[2026-07-30T08:20:00.752Z] INFO: [Schedule Check] santoshshimpankar61@gmail.com | TZ: Asia/Kolkata | Current: 13:50 weekday=Thu(4) date=30 | Configured time: 12:02 | Types: daily
[2026-07-30T08:20:00.754Z] INFO: [Schedule Check] santoshshimpankar61@gmail.com → SKIPPED: time mismatch (now=13:50 vs scheduled=12:02)
[2026-07-30T08:20:00.756Z] INFO: [Report Delivery] pratikumbharde141@gmail.com: evaluating (time=13:44, types=[daily], lastSent=Thu Jul 30 2026 13:44:04 GMT+0530 (India Standard Time), lastStatus=success)
[2026-07-30T08:20:00.759Z] INFO: [Schedule Check] pratikumbharde141@gmail.com | TZ: Asia/Kolkata | Current: 13:50 weekday=Thu(4) date=30 | Configured time: 13:44 | Types: daily
[2026-07-30T08:20:00.759Z] INFO: [Schedule Check] pratikumbharde141@gmail.com → SKIPPED: time mismatch (now=13:50 vs scheduled=13:44)
[2026-07-30T08:20:00.761Z] INFO: [Report Delivery] Job complete: 0 sent, 3 not-due, 0 inactive-company, 0 errors (total: 3 schedules)
[2026-07-30T08:21:00.289Z] INFO: [Report Delivery] Cron tick at 2026-07-30T08:21:00.289Z
[2026-07-30T08:21:00.344Z] INFO: [Report Delivery] Found 5 active schedule(s), evaluating each...
[2026-07-30T08:21:00.345Z] INFO: [Report Delivery] pratikumbharde141@gmail.com: evaluating (time=09:00, types=[daily], lastSent=never, lastStatus=none)
[2026-07-30T08:21:00.346Z] INFO: [Schedule Check] pratikumbharde141@gmail.com | TZ: Asia/Kolkata | Current: 13:51 weekday=Thu(4) date=30 | Configured time: 09:00 | Types: daily
[2026-07-30T08:21:00.347Z] INFO: [Schedule Check] pratikumbharde141@gmail.com → SKIPPED: time mismatch (now=13:51 vs scheduled=9:00)
[2026-07-30T08:21:00.348Z] INFO: [Report Delivery] ashishshindeukvalley@gmail.com: evaluating (time=11:10, types=[daily], lastSent=Thu Jul 30 2026 11:06:01 GMT+0530 (India Standard Time), lastStatus=failed)
[2026-07-30T08:21:00.350Z] INFO: [Schedule Check] ashishshindeukvalley@gmail.com | TZ: Asia/Kolkata | Current: 13:51 weekday=Thu(4) date=30 | Configured time: 11:10 | Types: daily
[2026-07-30T08:21:00.351Z] INFO: [Schedule Check] ashishshindeukvalley@gmail.com → SKIPPED: time mismatch (now=13:51 vs scheduled=11:10)
[2026-07-30T08:21:00.352Z] INFO: [Report Delivery] santoshshimpankar61@gmail.com: evaluating (time=12:02, types=[daily], lastSent=Thu Jul 30 2026 12:02:00 GMT+0530 (India Standard Time), lastStatus=failed)
[2026-07-30T08:21:00.357Z] INFO: [Schedule Check] santoshshimpankar61@gmail.com | TZ: Asia/Kolkata | Current: 13:51 weekday=Thu(4) date=30 | Configured time: 12:02 | Types: daily
[2026-07-30T08:21:00.357Z] INFO: [Schedule Check] santoshshimpankar61@gmail.com → SKIPPED: time mismatch (now=13:51 vs scheduled=12:02)
[2026-07-30T08:21:00.358Z] INFO: [Report Delivery] pratikumbharde141@gmail.com: evaluating (time=13:44, types=[daily], lastSent=Thu Jul 30 2026 13:44:04 GMT+0530 (India Standard Time), lastStatus=success)
[2026-07-30T08:21:00.359Z] INFO: [Schedule Check] pratikumbharde141@gmail.com | TZ: Asia/Kolkata | Current: 13:51 weekday=Thu(4) date=30 | Configured time: 13:44 | Types: daily
[2026-07-30T08:21:00.360Z] INFO: [Schedule Check] pratikumbharde141@gmail.com → SKIPPED: time mismatch (now=13:51 vs scheduled=13:44)
[2026-07-30T08:21:00.361Z] INFO: [Report Delivery] pratikumbharde141@gmail.com: evaluating (time=13:51, types=[daily], lastSent=Thu Jul 30 2026 13:51:00 GMT+0530 (India Standard Time), lastStatus=failed)
[2026-07-30T08:21:00.363Z] INFO: [Schedule Check] pratikumbharde141@gmail.com | TZ: Asia/Kolkata | Current: 13:51 weekday=Thu(4) date=30 | Configured time: 13:51 | Types: daily
[2026-07-30T08:21:00.364Z] INFO: [Schedule Check] pratikumbharde141@gmail.com → SKIPPED: failed recently (0min ago, 5min cooldown before retry)
[2026-07-30T08:21:00.365Z] INFO: [Report Delivery] Job complete: 0 sent, 5 not-due, 0 inactive-company, 0 errors (total: 5 schedules)
[2026-07-30T08:22:00.910Z] INFO: [Report Delivery] Cron tick at 2026-07-30T08:22:00.910Z
[2026-07-30T08:22:00.939Z] INFO: [Report Delivery] Found 5 active schedule(s), evaluating each...
[2026-07-30T08:22:00.939Z] INFO: [Report Delivery] pratikumbharde141@gmail.com: evaluating (time=09:00, types=[daily], lastSent=never, lastStatus=none)
[2026-07-30T08:22:00.941Z] INFO: [Schedule Check] pratikumbharde141@gmail.com | TZ: Asia/Kolkata | Current: 13:52 weekday=Thu(4) date=30 | Configured time: 09:00 | Types: daily
[2026-07-30T08:22:00.941Z] INFO: [Schedule Check] pratikumbharde141@gmail.com → SKIPPED: time mismatch (now=13:52 vs scheduled=9:00)
[2026-07-30T08:22:00.942Z] INFO: [Report Delivery] ashishshindeukvalley@gmail.com: evaluating (time=11:10, types=[daily], lastSent=Thu Jul 30 2026 11:06:01 GMT+0530 (India Standard Time), lastStatus=failed)
[2026-07-30T08:22:00.944Z] INFO: [Schedule Check] ashishshindeukvalley@gmail.com | TZ: Asia/Kolkata | Current: 13:52 weekday=Thu(4) date=30 | Configured time: 11:10 | Types: daily
[2026-07-30T08:22:00.944Z] INFO: [Schedule Check] ashishshindeukvalley@gmail.com → SKIPPED: time mismatch (now=13:52 vs scheduled=11:10)
[2026-07-30T08:22:00.945Z] INFO: [Report Delivery] santoshshimpankar61@gmail.com: evaluating (time=12:02, types=[daily], lastSent=Thu Jul 30 2026 12:02:00 GMT+0530 (India Standard Time), lastStatus=failed)
[2026-07-30T08:22:00.947Z] INFO: [Schedule Check] santoshshimpankar61@gmail.com | TZ: Asia/Kolkata | Current: 13:52 weekday=Thu(4) date=30 | Configured time: 12:02 | Types: daily
[2026-07-30T08:22:00.948Z] INFO: [Schedule Check] santoshshimpankar61@gmail.com → SKIPPED: time mismatch (now=13:52 vs scheduled=12:02)
[2026-07-30T08:22:00.949Z] INFO: [Report Delivery] pratikumbharde141@gmail.com: evaluating (time=13:44, types=[daily], lastSent=Thu Jul 30 2026 13:44:04 GMT+0530 (India Standard Time), lastStatus=success)
[2026-07-30T08:22:00.950Z] INFO: [Schedule Check] pratikumbharde141@gmail.com | TZ: Asia/Kolkata | Current: 13:52 weekday=Thu(4) date=30 | Configured time: 13:44 | Types: daily
[2026-07-30T08:22:00.950Z] INFO: [Schedule Check] pratikumbharde141@gmail.com → SKIPPED: time mismatch (now=13:52 vs scheduled=13:44)
[2026-07-30T08:22:00.951Z] INFO: [Report Delivery] pratikumbharde141@gmail.com: evaluating (time=13:51, types=[daily], lastSent=Thu Jul 30 2026 13:51:00 GMT+0530 (India Standard Time), lastStatus=failed)
[2026-07-30T08:22:00.953Z] INFO: [Schedule Check] pratikumbharde141@gmail.com | TZ: Asia/Kolkata | Current: 13:52 weekday=Thu(4) date=30 | Configured time: 13:51 | Types: daily
[2026-07-30T08:22:00.954Z] INFO: [Schedule Check] pratikumbharde141@gmail.com → RETRY WINDOW: failed schedule retrying (now=13:52 vs scheduled=13:51)
[2026-07-30T08:22:00.954Z] INFO: [Schedule Check] pratikumbharde141@gmail.com → SKIPPED: failed recently (1min ago, 5min cooldown before retry)
[2026-07-30T08:22:00.955Z] INFO: [Report Delivery] Job complete: 0 sent, 5 not-due, 0 inactive-company, 0 errors (total: 5 schedules)
[2026-07-30T08:22:53.064Z] INFO: Email configuration check {"hasHost":true,"host":"smtp.gmail.com","port":587,"hasUser":true,"hasPass":true,"hasFrom":true}
[2026-07-30T08:22:53.076Z] INFO: Email service initialized successfully (SMTP) {"host":"smtp.gmail.com","port":587,"user":"santoshshimpankar.ukvalley@gmail.com"}
[2026-07-30T08:22:55.053Z] INFO: [WhatsApp] Twilio client initialized successfully
[2026-07-30T08:22:55.092Z] INFO: [Telegram] Bot token configured, service ready
[2026-07-30T08:22:56.357Z] INFO: Initializing cron jobs...
[2026-07-30T08:22:56.383Z] INFO: Job recharge-reminder scheduled: 0 9 * * *
[2026-07-30T08:22:56.385Z] INFO: Job inactive-sim-alert scheduled: 0 10 * * *
[2026-07-30T08:22:56.387Z] INFO: Job subscription-expiry-check scheduled: 0 8 * * *
[2026-07-30T08:22:56.388Z] INFO: Job data-cleanup scheduled: 0 2 * * 0
[2026-07-30T08:22:56.390Z] INFO: Job whatsapp-inactive-check scheduled: */5 * * * *
[2026-07-30T08:22:56.392Z] INFO: Job telegram-inactive-check scheduled: */5 * * * *
[2026-07-30T08:22:56.393Z] INFO: Job wifi-alert-check scheduled: */20 * * * *
[2026-07-30T08:22:56.395Z] INFO: Job wifi-metrics-cleanup scheduled: 0 3 * * 0
[2026-07-30T08:22:56.397Z] INFO: Job report-delivery scheduled: * * * * *
[2026-07-30T08:22:56.399Z] INFO: Job stale-payment-cleanup scheduled: */30 * * * *
[2026-07-30T08:22:56.400Z] INFO: All cron jobs initialized
[2026-07-30T08:22:56.933Z] INFO: Email transporter verified successfully - emails will be sent
[2026-07-30T08:23:00.430Z] INFO: [Report Delivery] Cron tick at 2026-07-30T08:23:00.430Z
[2026-07-30T08:23:00.477Z] INFO: [Report Delivery] Found 5 active schedule(s), evaluating each...
[2026-07-30T08:23:00.478Z] INFO: [Report Delivery] pratikumbharde141@gmail.com: evaluating (time=09:00, types=[daily], lastSent=never, lastStatus=none)
[2026-07-30T08:23:00.480Z] INFO: [Schedule Check] pratikumbharde141@gmail.com | TZ: Asia/Kolkata | Current: 13:53 weekday=Thu(4) date=30 | Configured time: 09:00 | Types: daily
[2026-07-30T08:23:00.481Z] INFO: [Schedule Check] pratikumbharde141@gmail.com → SKIPPED: time mismatch (now=13:53 vs scheduled=9:00)
[2026-07-30T08:23:00.481Z] INFO: [Report Delivery] ashishshindeukvalley@gmail.com: evaluating (time=11:10, types=[daily], lastSent=Thu Jul 30 2026 11:06:01 GMT+0530 (India Standard Time), lastStatus=failed)
[2026-07-30T08:23:00.483Z] INFO: [Schedule Check] ashishshindeukvalley@gmail.com | TZ: Asia/Kolkata | Current: 13:53 weekday=Thu(4) date=30 | Configured time: 11:10 | Types: daily
[2026-07-30T08:23:00.484Z] INFO: [Schedule Check] ashishshindeukvalley@gmail.com → SKIPPED: time mismatch (now=13:53 vs scheduled=11:10)
[2026-07-30T08:23:00.485Z] INFO: [Report Delivery] santoshshimpankar61@gmail.com: evaluating (time=12:02, types=[daily], lastSent=Thu Jul 30 2026 12:02:00 GMT+0530 (India Standard Time), lastStatus=failed)
[2026-07-30T08:23:00.486Z] INFO: [Schedule Check] santoshshimpankar61@gmail.com | TZ: Asia/Kolkata | Current: 13:53 weekday=Thu(4) date=30 | Configured time: 12:02 | Types: daily
[2026-07-30T08:23:00.487Z] INFO: [Schedule Check] santoshshimpankar61@gmail.com → SKIPPED: time mismatch (now=13:53 vs scheduled=12:02)
[2026-07-30T08:23:00.487Z] INFO: [Report Delivery] pratikumbharde141@gmail.com: evaluating (time=13:44, types=[daily], lastSent=Thu Jul 30 2026 13:44:04 GMT+0530 (India Standard Time), lastStatus=success)
[2026-07-30T08:23:00.489Z] INFO: [Schedule Check] pratikumbharde141@gmail.com | TZ: Asia/Kolkata | Current: 13:53 weekday=Thu(4) date=30 | Configured time: 13:44 | Types: daily
[2026-07-30T08:23:00.490Z] INFO: [Schedule Check] pratikumbharde141@gmail.com → SKIPPED: time mismatch (now=13:53 vs scheduled=13:44)
[2026-07-30T08:23:00.492Z] INFO: [Report Delivery] pratikumbharde141@gmail.com: evaluating (time=13:51, types=[daily], lastSent=Thu Jul 30 2026 13:51:00 GMT+0530 (India Standard Time), lastStatus=failed)
[2026-07-30T08:23:00.494Z] INFO: [Schedule Check] pratikumbharde141@gmail.com | TZ: Asia/Kolkata | Current: 13:53 weekday=Thu(4) date=30 | Configured time: 13:51 | Types: daily
[2026-07-30T08:23:00.496Z] INFO: [Schedule Check] pratikumbharde141@gmail.com → RETRY WINDOW: failed schedule retrying (now=13:53 vs scheduled=13:51)
[2026-07-30T08:23:00.498Z] INFO: [Schedule Check] pratikumbharde141@gmail.com → SKIPPED: failed recently (2min ago, 5min cooldown before retry)
[2026-07-30T08:23:00.498Z] INFO: [Report Delivery] Job complete: 0 sent, 5 not-due, 0 inactive-company, 0 errors (total: 5 schedules)
[2026-07-30T08:24:00.996Z] INFO: [Report Delivery] Cron tick at 2026-07-30T08:24:00.996Z
[2026-07-30T08:24:01.073Z] INFO: [Report Delivery] Found 5 active schedule(s), evaluating each...
[2026-07-30T08:24:01.074Z] INFO: [Report Delivery] pratikumbharde141@gmail.com: evaluating (time=09:00, types=[daily], lastSent=never, lastStatus=none)
[2026-07-30T08:24:01.076Z] INFO: [Schedule Check] pratikumbharde141@gmail.com | TZ: Asia/Kolkata | Current: 13:54 weekday=Thu(4) date=30 | Configured time: 09:00 | Types: daily
[2026-07-30T08:24:01.077Z] INFO: [Schedule Check] pratikumbharde141@gmail.com → SKIPPED: time mismatch (now=13:54 vs scheduled=9:00)
[2026-07-30T08:24:01.077Z] INFO: [Report Delivery] ashishshindeukvalley@gmail.com: evaluating (time=11:10, types=[daily], lastSent=Thu Jul 30 2026 11:06:01 GMT+0530 (India Standard Time), lastStatus=failed)
[2026-07-30T08:24:01.079Z] INFO: [Schedule Check] ashishshindeukvalley@gmail.com | TZ: Asia/Kolkata | Current: 13:54 weekday=Thu(4) date=30 | Configured time: 11:10 | Types: daily
[2026-07-30T08:24:01.080Z] INFO: [Schedule Check] ashishshindeukvalley@gmail.com → SKIPPED: time mismatch (now=13:54 vs scheduled=11:10)
[2026-07-30T08:24:01.081Z] INFO: [Report Delivery] santoshshimpankar61@gmail.com: evaluating (time=12:02, types=[daily], lastSent=Thu Jul 30 2026 12:02:00 GMT+0530 (India Standard Time), lastStatus=failed)
[2026-07-30T08:24:01.082Z] INFO: [Schedule Check] santoshshimpankar61@gmail.com | TZ: Asia/Kolkata | Current: 13:54 weekday=Thu(4) date=30 | Configured time: 12:02 | Types: daily
[2026-07-30T08:24:01.083Z] INFO: [Schedule Check] santoshshimpankar61@gmail.com → SKIPPED: time mismatch (now=13:54 vs scheduled=12:02)
[2026-07-30T08:24:01.083Z] INFO: [Report Delivery] pratikumbharde141@gmail.com: evaluating (time=13:44, types=[daily], lastSent=Thu Jul 30 2026 13:44:04 GMT+0530 (India Standard Time), lastStatus=success)
[2026-07-30T08:24:01.084Z] INFO: [Schedule Check] pratikumbharde141@gmail.com | TZ: Asia/Kolkata | Current: 13:54 weekday=Thu(4) date=30 | Configured time: 13:44 | Types: daily
[2026-07-30T08:24:01.085Z] INFO: [Schedule Check] pratikumbharde141@gmail.com → SKIPPED: time mismatch (now=13:54 vs scheduled=13:44)
[2026-07-30T08:24:01.086Z] INFO: [Report Delivery] pratikumbharde141@gmail.com: evaluating (time=13:51, types=[daily], lastSent=Thu Jul 30 2026 13:51:00 GMT+0530 (India Standard Time), lastStatus=failed)
[2026-07-30T08:24:01.088Z] INFO: [Schedule Check] pratikumbharde141@gmail.com | TZ: Asia/Kolkata | Current: 13:54 weekday=Thu(4) date=30 | Configured time: 13:51 | Types: daily
[2026-07-30T08:24:01.089Z] INFO: [Schedule Check] pratikumbharde141@gmail.com → RETRY WINDOW: failed schedule retrying (now=13:54 vs scheduled=13:51)
[2026-07-30T08:24:01.089Z] INFO: [Schedule Check] pratikumbharde141@gmail.com → SKIPPED: failed recently (3min ago, 5min cooldown before retry)
[2026-07-30T08:24:01.090Z] INFO: [Report Delivery] Job complete: 0 sent, 5 not-due, 0 inactive-company, 0 errors (total: 5 schedules)
[2026-07-30T08:24:58.986Z] INFO: Email configuration check {"hasHost":true,"host":"smtp.gmail.com","port":587,"hasUser":true,"hasPass":true,"hasFrom":true}
[2026-07-30T08:24:58.995Z] INFO: Email service initialized successfully (SMTP) {"host":"smtp.gmail.com","port":587,"user":"santoshshimpankar.ukvalley@gmail.com"}
[2026-07-30T08:24:59.784Z] INFO: [WhatsApp] Twilio client initialized successfully
[2026-07-30T08:24:59.797Z] INFO: [Telegram] Bot token configured, service ready
[2026-07-30T08:25:00.831Z] INFO: Initializing cron jobs...
[2026-07-30T08:25:00.869Z] INFO: Job recharge-reminder scheduled: 0 9 * * *
[2026-07-30T08:25:00.871Z] INFO: Job inactive-sim-alert scheduled: 0 10 * * *
[2026-07-30T08:25:00.874Z] INFO: Job subscription-expiry-check scheduled: 0 8 * * *
[2026-07-30T08:25:00.876Z] INFO: Job data-cleanup scheduled: 0 2 * * 0
[2026-07-30T08:25:00.879Z] INFO: Job whatsapp-inactive-check scheduled: */5 * * * *
[2026-07-30T08:25:00.882Z] INFO: Starting Telegram inactive check job
[2026-07-30T08:25:00.885Z] INFO: [Telegram Cron] Processing inactive messages...
[2026-07-30T08:25:00.890Z] INFO: Job telegram-inactive-check scheduled: */5 * * * *
[2026-07-30T08:25:00.892Z] INFO: Job wifi-alert-check scheduled: */20 * * * *
[2026-07-30T08:25:00.894Z] INFO: Job wifi-metrics-cleanup scheduled: 0 3 * * 0
[2026-07-30T08:25:00.898Z] INFO: Job report-delivery scheduled: * * * * *
[2026-07-30T08:25:00.900Z] INFO: Job stale-payment-cleanup scheduled: */30 * * * *
[2026-07-30T08:25:00.902Z] INFO: All cron jobs initialized
[2026-07-30T08:25:01.015Z] INFO: [Telegram Cron] Processed 0 messages, updated 0 SIMs
[2026-07-30T08:25:01.016Z] INFO: Telegram inactive check completed: 0 messages processed, 0 SIMs marked inactive
[2026-07-30T08:25:01.503Z] INFO: Email transporter verified successfully - emails will be sent
[2026-07-30T08:26:00.413Z] INFO: [Report Delivery] Cron tick at 2026-07-30T08:26:00.413Z
[2026-07-30T08:26:00.457Z] INFO: [Report Delivery] Found 5 active schedule(s), evaluating each...
[2026-07-30T08:26:00.458Z] INFO: [Report Delivery] pratikumbharde141@gmail.com: evaluating (time=09:00, types=[daily], lastSent=never, lastStatus=none)
[2026-07-30T08:26:00.462Z] INFO: [Schedule Check] pratikumbharde141@gmail.com | TZ: Asia/Kolkata | Current: 13:56 weekday=Thu(4) date=30 | Configured time: 09:00 | Types: daily
[2026-07-30T08:26:00.463Z] INFO: [Schedule Check] pratikumbharde141@gmail.com → SKIPPED: time mismatch (now=13:56 vs scheduled=9:00)
[2026-07-30T08:26:00.466Z] INFO: [Report Delivery] ashishshindeukvalley@gmail.com: evaluating (time=11:10, types=[daily], lastSent=Thu Jul 30 2026 11:06:01 GMT+0530 (India Standard Time), lastStatus=failed)
[2026-07-30T08:26:00.470Z] INFO: [Schedule Check] ashishshindeukvalley@gmail.com | TZ: Asia/Kolkata | Current: 13:56 weekday=Thu(4) date=30 | Configured time: 11:10 | Types: daily
[2026-07-30T08:26:00.472Z] INFO: [Schedule Check] ashishshindeukvalley@gmail.com → SKIPPED: time mismatch (now=13:56 vs scheduled=11:10)
[2026-07-30T08:26:00.474Z] INFO: [Report Delivery] santoshshimpankar61@gmail.com: evaluating (time=12:02, types=[daily], lastSent=Thu Jul 30 2026 12:02:00 GMT+0530 (India Standard Time), lastStatus=failed)
[2026-07-30T08:26:00.476Z] INFO: [Schedule Check] santoshshimpankar61@gmail.com | TZ: Asia/Kolkata | Current: 13:56 weekday=Thu(4) date=30 | Configured time: 12:02 | Types: daily
[2026-07-30T08:26:00.477Z] INFO: [Schedule Check] santoshshimpankar61@gmail.com → SKIPPED: time mismatch (now=13:56 vs scheduled=12:02)
[2026-07-30T08:26:00.478Z] INFO: [Report Delivery] pratikumbharde141@gmail.com: evaluating (time=13:44, types=[daily], lastSent=Thu Jul 30 2026 13:44:04 GMT+0530 (India Standard Time), lastStatus=success)
[2026-07-30T08:26:00.480Z] INFO: [Schedule Check] pratikumbharde141@gmail.com | TZ: Asia/Kolkata | Current: 13:56 weekday=Thu(4) date=30 | Configured time: 13:44 | Types: daily
[2026-07-30T08:26:00.481Z] INFO: [Schedule Check] pratikumbharde141@gmail.com → SKIPPED: time mismatch (now=13:56 vs scheduled=13:44)
[2026-07-30T08:26:00.482Z] INFO: [Report Delivery] pratikumbharde141@gmail.com: evaluating (time=13:51, types=[daily], lastSent=Thu Jul 30 2026 13:51:00 GMT+0530 (India Standard Time), lastStatus=failed)
[2026-07-30T08:26:00.484Z] INFO: [Schedule Check] pratikumbharde141@gmail.com | TZ: Asia/Kolkata | Current: 13:56 weekday=Thu(4) date=30 | Configured time: 13:51 | Types: daily
[2026-07-30T08:26:00.485Z] INFO: [Schedule Check] pratikumbharde141@gmail.com → RETRY WINDOW: failed schedule retrying (now=13:56 vs scheduled=13:51)
[2026-07-30T08:26:00.486Z] INFO: [Schedule Check] pratikumbharde141@gmail.com → SKIPPED: failed recently (5min ago, 5min cooldown before retry)
[2026-07-30T08:26:00.487Z] INFO: [Report Delivery] Job complete: 0 sent, 5 not-due, 0 inactive-company, 0 errors (total: 5 schedules)
[2026-07-30T08:26:41.284Z] INFO: [Test Report] API called by user=yadneshkhatekar@gmail.com (id=69f8b601247c51deb2aa1753, companyId=69f8b601247c51deb2aa1751)
[2026-07-30T08:26:41.285Z] INFO: [Test Report] yadneshkhatekar@gmail.com: starting test report for userId=69f8b601247c51deb2aa1753, companyId=69f8b601247c51deb2aa1751
[2026-07-30T08:26:41.286Z] INFO: [Test Report] yadneshkhatekar@gmail.com: generating report data...
[2026-07-30T08:26:41.300Z] INFO: [Report Data] Generating report for company "Yadnesh SolutionsoyYadnesh Solutionsoy" (69f8b601247c51deb2aa1751), types=[overview]
[2026-07-30T08:26:41.413Z] INFO: [Report Data] Overview data loaded: sims={"total":21,"active":20,"inactive":1}, recharges={"monthlyTotal":0,"monthlyCount":0,"upcoming":[],"overdue":5}
[2026-07-30T08:26:41.451Z] INFO: [Test Report] yadneshkhatekar@gmail.com: report data generated (sims=true, recharges=true, callStats=true)
[2026-07-30T08:26:41.465Z] INFO: [Test Report] yadneshkhatekar@gmail.com: company="Yadnesh SolutionsoyYadnesh Solutionsoy"
[2026-07-30T08:26:41.466Z] INFO: [Test Report] yadneshkhatekar@gmail.com: calling emailService.sendScheduledReportEmail(to="yadneshkhatekar@gmail.com", name="Yadnesh Khatekar re")
[2026-07-30T08:26:41.505Z] INFO: [SMTP] Preparing scheduled report email: to="yadneshkhatekar@gmail.com" company="Yadnesh SolutionsoyYadnesh Solutionsoy" type="Test Report"
[2026-07-30T08:26:41.506Z] INFO: [SMTP] Sending email to="yadneshkhatekar@gmail.com" subject="Test Report — Yadnesh SolutionsoyYadnesh Solutionsoy [30/7/2026]" from="santoshshimpankar.ukvalley@gmail.com"
[2026-07-30T08:26:44.663Z] INFO: [SMTP] Email sent successfully to="yadneshkhatekar@gmail.com" messageId="<f19e2a11-8ca0-c327-a550-547febe2cd58@gmail.com>" response="250 2.0.0 OK  1785400005 5a478bee46e88-31504b6d14bsm17098921eec.10 - gsmtp"
[2026-07-30T08:26:44.664Z] INFO: [SMTP] Scheduled report email SENT to="yadneshkhatekar@gmail.com" messageId="<f19e2a11-8ca0-c327-a550-547febe2cd58@gmail.com>"
[2026-07-30T08:26:44.665Z] INFO: [Test Report] yadneshkhatekar@gmail.com: SUCCESS — test report sent (messageId=<f19e2a11-8ca0-c327-a550-547febe2cd58@gmail.com>)
[2026-07-30T08:26:44.666Z] INFO: [Test Report] API response: success=true, message="Test report sent to yadneshkhatekar@gmail.com"
[2026-07-30T08:27:00.940Z] INFO: [Report Delivery] Cron tick at 2026-07-30T08:27:00.940Z
[2026-07-30T08:27:00.982Z] INFO: [Report Delivery] Found 5 active schedule(s), evaluating each...
[2026-07-30T08:27:00.982Z] INFO: [Report Delivery] pratikumbharde141@gmail.com: evaluating (time=09:00, types=[daily], lastSent=never, lastStatus=none)
[2026-07-30T08:27:00.984Z] INFO: [Schedule Check] pratikumbharde141@gmail.com | TZ: Asia/Kolkata | Current: 13:57 weekday=Thu(4) date=30 | Configured time: 09:00 | Types: daily
[2026-07-30T08:27:00.985Z] INFO: [Schedule Check] pratikumbharde141@gmail.com → SKIPPED: time mismatch (now=13:57 vs scheduled=9:00)
[2026-07-30T08:27:00.986Z] INFO: [Report Delivery] ashishshindeukvalley@gmail.com: evaluating (time=11:10, types=[daily], lastSent=Thu Jul 30 2026 11:06:01 GMT+0530 (India Standard Time), lastStatus=failed)
[2026-07-30T08:27:00.987Z] INFO: [Schedule Check] ashishshindeukvalley@gmail.com | TZ: Asia/Kolkata | Current: 13:57 weekday=Thu(4) date=30 | Configured time: 11:10 | Types: daily
[2026-07-30T08:27:00.988Z] INFO: [Schedule Check] ashishshindeukvalley@gmail.com → SKIPPED: time mismatch (now=13:57 vs scheduled=11:10)
[2026-07-30T08:27:00.989Z] INFO: [Report Delivery] santoshshimpankar61@gmail.com: evaluating (time=12:02, types=[daily], lastSent=Thu Jul 30 2026 12:02:00 GMT+0530 (India Standard Time), lastStatus=failed)
[2026-07-30T08:27:00.991Z] INFO: [Schedule Check] santoshshimpankar61@gmail.com | TZ: Asia/Kolkata | Current: 13:57 weekday=Thu(4) date=30 | Configured time: 12:02 | Types: daily
[2026-07-30T08:27:00.993Z] INFO: [Schedule Check] santoshshimpankar61@gmail.com → SKIPPED: time mismatch (now=13:57 vs scheduled=12:02)
[2026-07-30T08:27:00.996Z] INFO: [Report Delivery] pratikumbharde141@gmail.com: evaluating (time=13:44, types=[daily], lastSent=Thu Jul 30 2026 13:44:04 GMT+0530 (India Standard Time), lastStatus=success)
[2026-07-30T08:27:00.999Z] INFO: [Schedule Check] pratikumbharde141@gmail.com | TZ: Asia/Kolkata | Current: 13:57 weekday=Thu(4) date=30 | Configured time: 13:44 | Types: daily
[2026-07-30T08:27:01.001Z] INFO: [Schedule Check] pratikumbharde141@gmail.com → SKIPPED: time mismatch (now=13:57 vs scheduled=13:44)
[2026-07-30T08:27:01.002Z] INFO: [Report Delivery] pratikumbharde141@gmail.com: evaluating (time=13:51, types=[daily], lastSent=Thu Jul 30 2026 13:51:00 GMT+0530 (India Standard Time), lastStatus=failed)
[2026-07-30T08:27:01.004Z] INFO: [Schedule Check] pratikumbharde141@gmail.com | TZ: Asia/Kolkata | Current: 13:57 weekday=Thu(4) date=30 | Configured time: 13:51 | Types: daily
[2026-07-30T08:27:01.005Z] INFO: [Schedule Check] pratikumbharde141@gmail.com → SKIPPED: time mismatch (now=13:57 vs scheduled=13:51)
[2026-07-30T08:27:01.006Z] INFO: [Report Delivery] Job complete: 0 sent, 5 not-due, 0 inactive-company, 0 errors (total: 5 schedules)
[2026-07-30T08:27:50.332Z] INFO: Audit log created: SETTINGS.REPORT_SCHEDULE_CREATE {"logId":"6a6b0b06b3b010d802a0f271","performedBy":"69f8b601247c51deb2aa1753","companyId":"69f8b601247c51deb2aa1751"}
[2026-07-30T08:27:56.350Z] INFO: Audit log created: SETTINGS.REPORT_SCHEDULE_DELETE {"logId":"6a6b0b0cb3b010d802a0f27b","performedBy":"69f8b601247c51deb2aa1753","companyId":"69f8b601247c51deb2aa1751"}
[2026-07-30T08:28:00.523Z] INFO: [Report Delivery] Cron tick at 2026-07-30T08:28:00.523Z
[2026-07-30T08:28:00.554Z] INFO: [Report Delivery] Found 5 active schedule(s), evaluating each...
[2026-07-30T08:28:00.555Z] INFO: [Report Delivery] ashishshindeukvalley@gmail.com: evaluating (time=11:10, types=[daily], lastSent=Thu Jul 30 2026 11:06:01 GMT+0530 (India Standard Time), lastStatus=failed)
[2026-07-30T08:28:00.557Z] INFO: [Schedule Check] ashishshindeukvalley@gmail.com | TZ: Asia/Kolkata | Current: 13:58 weekday=Thu(4) date=30 | Configured time: 11:10 | Types: daily
[2026-07-30T08:28:00.558Z] INFO: [Schedule Check] ashishshindeukvalley@gmail.com → SKIPPED: time mismatch (now=13:58 vs scheduled=11:10)
[2026-07-30T08:28:00.559Z] INFO: [Report Delivery] santoshshimpankar61@gmail.com: evaluating (time=12:02, types=[daily], lastSent=Thu Jul 30 2026 12:02:00 GMT+0530 (India Standard Time), lastStatus=failed)
[2026-07-30T08:28:00.561Z] INFO: [Schedule Check] santoshshimpankar61@gmail.com | TZ: Asia/Kolkata | Current: 13:58 weekday=Thu(4) date=30 | Configured time: 12:02 | Types: daily
[2026-07-30T08:28:00.563Z] INFO: [Schedule Check] santoshshimpankar61@gmail.com → SKIPPED: time mismatch (now=13:58 vs scheduled=12:02)
[2026-07-30T08:28:00.564Z] INFO: [Report Delivery] pratikumbharde141@gmail.com: evaluating (time=13:44, types=[daily], lastSent=Thu Jul 30 2026 13:44:04 GMT+0530 (India Standard Time), lastStatus=success)
[2026-07-30T08:28:00.565Z] INFO: [Schedule Check] pratikumbharde141@gmail.com | TZ: Asia/Kolkata | Current: 13:58 weekday=Thu(4) date=30 | Configured time: 13:44 | Types: daily
[2026-07-30T08:28:00.566Z] INFO: [Schedule Check] pratikumbharde141@gmail.com → SKIPPED: time mismatch (now=13:58 vs scheduled=13:44)
[2026-07-30T08:28:00.566Z] INFO: [Report Delivery] pratikumbharde141@gmail.com: evaluating (time=13:51, types=[daily], lastSent=Thu Jul 30 2026 13:51:00 GMT+0530 (India Standard Time), lastStatus=failed)
[2026-07-30T08:28:00.568Z] INFO: [Schedule Check] pratikumbharde141@gmail.com | TZ: Asia/Kolkata | Current: 13:58 weekday=Thu(4) date=30 | Configured time: 13:51 | Types: daily
[2026-07-30T08:28:00.569Z] INFO: [Schedule Check] pratikumbharde141@gmail.com → SKIPPED: time mismatch (now=13:58 vs scheduled=13:51)
[2026-07-30T08:28:00.570Z] INFO: [Report Delivery] pratikumbharde141@gmail.com: evaluating (time=13:58, types=[daily], lastSent=Thu Jul 30 2026 13:58:00 GMT+0530 (India Standard Time), lastStatus=failed)
[2026-07-30T08:28:00.572Z] INFO: [Schedule Check] pratikumbharde141@gmail.com | TZ: Asia/Kolkata | Current: 13:58 weekday=Thu(4) date=30 | Configured time: 13:58 | Types: daily
[2026-07-30T08:28:00.572Z] INFO: [Schedule Check] pratikumbharde141@gmail.com → SKIPPED: failed recently (0min ago, 5min cooldown before retry)
[2026-07-30T08:28:00.573Z] INFO: [Report Delivery] Job complete: 0 sent, 5 not-due, 0 inactive-company, 0 errors (total: 5 schedules)
[2026-07-30T08:29:00.127Z] INFO: [Report Delivery] Cron tick at 2026-07-30T08:29:00.127Z
[2026-07-30T08:29:00.155Z] INFO: [Report Delivery] Found 5 active schedule(s), evaluating each...
[2026-07-30T08:29:00.156Z] INFO: [Report Delivery] ashishshindeukvalley@gmail.com: evaluating (time=11:10, types=[daily], lastSent=Thu Jul 30 2026 11:06:01 GMT+0530 (India Standard Time), lastStatus=failed)
[2026-07-30T08:29:00.157Z] INFO: [Schedule Check] ashishshindeukvalley@gmail.com | TZ: Asia/Kolkata | Current: 13:59 weekday=Thu(4) date=30 | Configured time: 11:10 | Types: daily
[2026-07-30T08:29:00.159Z] INFO: [Schedule Check] ashishshindeukvalley@gmail.com → SKIPPED: time mismatch (now=13:59 vs scheduled=11:10)
[2026-07-30T08:29:00.159Z] INFO: [Report Delivery] santoshshimpankar61@gmail.com: evaluating (time=12:02, types=[daily], lastSent=Thu Jul 30 2026 12:02:00 GMT+0530 (India Standard Time), lastStatus=failed)
[2026-07-30T08:29:00.161Z] INFO: [Schedule Check] santoshshimpankar61@gmail.com | TZ: Asia/Kolkata | Current: 13:59 weekday=Thu(4) date=30 | Configured time: 12:02 | Types: daily
[2026-07-30T08:29:00.162Z] INFO: [Schedule Check] santoshshimpankar61@gmail.com → SKIPPED: time mismatch (now=13:59 vs scheduled=12:02)
[2026-07-30T08:29:00.163Z] INFO: [Report Delivery] pratikumbharde141@gmail.com: evaluating (time=13:44, types=[daily], lastSent=Thu Jul 30 2026 13:44:04 GMT+0530 (India Standard Time), lastStatus=success)
[2026-07-30T08:29:00.165Z] INFO: [Schedule Check] pratikumbharde141@gmail.com | TZ: Asia/Kolkata | Current: 13:59 weekday=Thu(4) date=30 | Configured time: 13:44 | Types: daily
[2026-07-30T08:29:00.167Z] INFO: [Schedule Check] pratikumbharde141@gmail.com → SKIPPED: time mismatch (now=13:59 vs scheduled=13:44)
[2026-07-30T08:29:00.169Z] INFO: [Report Delivery] pratikumbharde141@gmail.com: evaluating (time=13:51, types=[daily], lastSent=Thu Jul 30 2026 13:51:00 GMT+0530 (India Standard Time), lastStatus=failed)
[2026-07-30T08:29:00.171Z] INFO: [Schedule Check] pratikumbharde141@gmail.com | TZ: Asia/Kolkata | Current: 13:59 weekday=Thu(4) date=30 | Configured time: 13:51 | Types: daily
[2026-07-30T08:29:00.172Z] INFO: [Schedule Check] pratikumbharde141@gmail.com → SKIPPED: time mismatch (now=13:59 vs scheduled=13:51)
[2026-07-30T08:29:00.173Z] INFO: [Report Delivery] pratikumbharde141@gmail.com: evaluating (time=13:58, types=[daily], lastSent=Thu Jul 30 2026 13:58:00 GMT+0530 (India Standard Time), lastStatus=failed)
[2026-07-30T08:29:00.174Z] INFO: [Schedule Check] pratikumbharde141@gmail.com | TZ: Asia/Kolkata | Current: 13:59 weekday=Thu(4) date=30 | Configured time: 13:58 | Types: daily
[2026-07-30T08:29:00.175Z] INFO: [Schedule Check] pratikumbharde141@gmail.com → RETRY WINDOW: failed schedule retrying (now=13:59 vs scheduled=13:58)
[2026-07-30T08:29:00.176Z] INFO: [Schedule Check] pratikumbharde141@gmail.com → SKIPPED: failed recently (1min ago, 5min cooldown before retry)
[2026-07-30T08:29:00.177Z] INFO: [Report Delivery] Job complete: 0 sent, 5 not-due, 0 inactive-company, 0 errors (total: 5 schedules)
[2026-07-30T08:30:00.698Z] INFO: Starting WhatsApp inactive check job
[2026-07-30T08:30:00.699Z] INFO: [WhatsApp Cron] Processing inactive messages...
[2026-07-30T08:30:00.701Z] INFO: Starting Telegram inactive check job
[2026-07-30T08:30:00.702Z] INFO: [Telegram Cron] Processing inactive messages...
[2026-07-30T08:30:00.704Z] INFO: Starting WiFi alert check job
[2026-07-30T08:30:00.711Z] INFO: [WhatsApp Cron] Processed 0 messages, updated 0 SIMs
[2026-07-30T08:30:00.712Z] INFO: WhatsApp inactive check completed: 0 messages processed, 0 SIMs marked inactive
[2026-07-30T08:30:00.714Z] INFO: [Telegram Cron] Processed 0 messages, updated 0 SIMs
[2026-07-30T08:30:00.715Z] INFO: Telegram inactive check completed: 0 messages processed, 0 SIMs marked inactive
[2026-07-30T08:30:00.745Z] INFO: [Report Delivery] Cron tick at 2026-07-30T08:30:00.745Z
[2026-07-30T08:30:00.747Z] INFO: Starting stale PayU payment cleanup job
[2026-07-30T08:30:00.763Z] INFO: [PayU] Cleaned up 0 stale payments
[2026-07-30T08:30:00.764Z] INFO: Stale payment cleanup completed: 0 payments cleaned up
[2026-07-30T08:30:00.771Z] INFO: [Report Delivery] Found 5 active schedule(s), evaluating each...
[2026-07-30T08:30:00.772Z] INFO: [Report Delivery] ashishshindeukvalley@gmail.com: evaluating (time=11:10, types=[daily], lastSent=Thu Jul 30 2026 11:06:01 GMT+0530 (India Standard Time), lastStatus=failed)
[2026-07-30T08:30:00.773Z] INFO: [Schedule Check] ashishshindeukvalley@gmail.com | TZ: Asia/Kolkata | Current: 14:00 weekday=Thu(4) date=30 | Configured time: 11:10 | Types: daily
[2026-07-30T08:30:00.774Z] INFO: [Schedule Check] ashishshindeukvalley@gmail.com → SKIPPED: time mismatch (now=14:00 vs scheduled=11:10)
[2026-07-30T08:30:00.775Z] INFO: [Report Delivery] santoshshimpankar61@gmail.com: evaluating (time=12:02, types=[daily], lastSent=Thu Jul 30 2026 12:02:00 GMT+0530 (India Standard Time), lastStatus=failed)
[2026-07-30T08:30:00.777Z] INFO: [Schedule Check] santoshshimpankar61@gmail.com | TZ: Asia/Kolkata | Current: 14:00 weekday=Thu(4) date=30 | Configured time: 12:02 | Types: daily
[2026-07-30T08:30:00.778Z] INFO: [Schedule Check] santoshshimpankar61@gmail.com → SKIPPED: time mismatch (now=14:00 vs scheduled=12:02)
[2026-07-30T08:30:00.780Z] INFO: [Report Delivery] pratikumbharde141@gmail.com: evaluating (time=13:44, types=[daily], lastSent=Thu Jul 30 2026 13:44:04 GMT+0530 (India Standard Time), lastStatus=success)
[2026-07-30T08:30:00.782Z] INFO: [Schedule Check] pratikumbharde141@gmail.com | TZ: Asia/Kolkata | Current: 14:00 weekday=Thu(4) date=30 | Configured time: 13:44 | Types: daily
[2026-07-30T08:30:00.783Z] INFO: [Schedule Check] pratikumbharde141@gmail.com → SKIPPED: time mismatch (now=14:00 vs scheduled=13:44)
[2026-07-30T08:30:00.783Z] INFO: [Report Delivery] pratikumbharde141@gmail.com: evaluating (time=13:51, types=[daily], lastSent=Thu Jul 30 2026 13:51:00 GMT+0530 (India Standard Time), lastStatus=failed)
[2026-07-30T08:30:00.784Z] INFO: [Schedule Check] pratikumbharde141@gmail.com | TZ: Asia/Kolkata | Current: 14:00 weekday=Thu(4) date=30 | Configured time: 13:51 | Types: daily
[2026-07-30T08:30:00.785Z] INFO: [Schedule Check] pratikumbharde141@gmail.com → SKIPPED: time mismatch (now=14:00 vs scheduled=13:51)
[2026-07-30T08:30:00.786Z] INFO: [Report Delivery] pratikumbharde141@gmail.com: evaluating (time=13:58, types=[daily], lastSent=Thu Jul 30 2026 13:58:00 GMT+0530 (India Standard Time), lastStatus=failed)
[2026-07-30T08:30:00.787Z] INFO: [Schedule Check] pratikumbharde141@gmail.com | TZ: Asia/Kolkata | Current: 14:00 weekday=Thu(4) date=30 | Configured time: 13:58 | Types: daily
[2026-07-30T08:30:00.788Z] INFO: [Schedule Check] pratikumbharde141@gmail.com → SKIPPED: time mismatch (now=14:00 vs scheduled=13:58)
[2026-07-30T08:30:00.789Z] INFO: [Report Delivery] Job complete: 0 sent, 5 not-due, 0 inactive-company, 0 errors (total: 5 schedules)
[2026-07-30T08:30:01.083Z] INFO: [WIFI ALERT] All checks completed {"checked":0,"skipped":3,"alertsCreated":0,"alertsUpdated":0,"alertsResolved":0,"emailsSent":0,"emailErrors":[],"errors":[],"offlineAlertsCreated":0,"wifiOffAlertsCreated":0,"disconnectedAlertsCreated":0,"notificationsCreated":0}
[2026-07-30T08:30:01.084Z] INFO: WiFi alert check job completed
[2026-07-30T08:31:00.263Z] INFO: [Report Delivery] Cron tick at 2026-07-30T08:31:00.263Z
[2026-07-30T08:31:00.300Z] INFO: [Report Delivery] Found 5 active schedule(s), evaluating each...
[2026-07-30T08:31:00.301Z] INFO: [Report Delivery] ashishshindeukvalley@gmail.com: evaluating (time=11:10, types=[daily], lastSent=Thu Jul 30 2026 11:06:01 GMT+0530 (India Standard Time), lastStatus=failed)
[2026-07-30T08:31:00.302Z] INFO: [Schedule Check] ashishshindeukvalley@gmail.com | TZ: Asia/Kolkata | Current: 14:01 weekday=Thu(4) date=30 | Configured time: 11:10 | Types: daily
[2026-07-30T08:31:00.303Z] INFO: [Schedule Check] ashishshindeukvalley@gmail.com → SKIPPED: time mismatch (now=14:01 vs scheduled=11:10)
[2026-07-30T08:31:00.304Z] INFO: [Report Delivery] santoshshimpankar61@gmail.com: evaluating (time=12:02, types=[daily], lastSent=Thu Jul 30 2026 12:02:00 GMT+0530 (India Standard Time), lastStatus=failed)
[2026-07-30T08:31:00.308Z] INFO: [Schedule Check] santoshshimpankar61@gmail.com | TZ: Asia/Kolkata | Current: 14:01 weekday=Thu(4) date=30 | Configured time: 12:02 | Types: daily
[2026-07-30T08:31:00.313Z] INFO: [Schedule Check] santoshshimpankar61@gmail.com → SKIPPED: time mismatch (now=14:01 vs scheduled=12:02)
[2026-07-30T08:31:00.314Z] INFO: [Report Delivery] pratikumbharde141@gmail.com: evaluating (time=13:44, types=[daily], lastSent=Thu Jul 30 2026 13:44:04 GMT+0530 (India Standard Time), lastStatus=success)
[2026-07-30T08:31:00.316Z] INFO: [Schedule Check] pratikumbharde141@gmail.com | TZ: Asia/Kolkata | Current: 14:01 weekday=Thu(4) date=30 | Configured time: 13:44 | Types: daily
[2026-07-30T08:31:00.318Z] INFO: [Schedule Check] pratikumbharde141@gmail.com → SKIPPED: time mismatch (now=14:01 vs scheduled=13:44)
[2026-07-30T08:31:00.318Z] INFO: [Report Delivery] pratikumbharde141@gmail.com: evaluating (time=13:51, types=[daily], lastSent=Thu Jul 30 2026 13:51:00 GMT+0530 (India Standard Time), lastStatus=failed)
[2026-07-30T08:31:00.320Z] INFO: [Schedule Check] pratikumbharde141@gmail.com | TZ: Asia/Kolkata | Current: 14:01 weekday=Thu(4) date=30 | Configured time: 13:51 | Types: daily
[2026-07-30T08:31:00.321Z] INFO: [Schedule Check] pratikumbharde141@gmail.com → SKIPPED: time mismatch (now=14:01 vs scheduled=13:51)
[2026-07-30T08:31:00.321Z] INFO: [Report Delivery] pratikumbharde141@gmail.com: evaluating (time=13:58, types=[daily], lastSent=Thu Jul 30 2026 13:58:00 GMT+0530 (India Standard Time), lastStatus=failed)
[2026-07-30T08:31:00.324Z] INFO: [Schedule Check] pratikumbharde141@gmail.com | TZ: Asia/Kolkata | Current: 14:01 weekday=Thu(4) date=30 | Configured time: 13:58 | Types: daily
[2026-07-30T08:31:00.326Z] INFO: [Schedule Check] pratikumbharde141@gmail.com → SKIPPED: time mismatch (now=14:01 vs scheduled=13:58)
[2026-07-30T08:31:00.329Z] INFO: [Report Delivery] Job complete: 0 sent, 5 not-due, 0 inactive-company, 0 errors (total: 5 schedules)
[2026-07-30T08:32:00.907Z] INFO: [Report Delivery] Cron tick at 2026-07-30T08:32:00.907Z
[2026-07-30T08:32:01.033Z] INFO: [Report Delivery] Found 5 active schedule(s), evaluating each...
[2026-07-30T08:32:01.034Z] INFO: [Report Delivery] ashishshindeukvalley@gmail.com: evaluating (time=11:10, types=[daily], lastSent=Thu Jul 30 2026 11:06:01 GMT+0530 (India Standard Time), lastStatus=failed)
[2026-07-30T08:32:01.035Z] INFO: [Schedule Check] ashishshindeukvalley@gmail.com | TZ: Asia/Kolkata | Current: 14:02 weekday=Thu(4) date=30 | Configured time: 11:10 | Types: daily
[2026-07-30T08:32:01.036Z] INFO: [Schedule Check] ashishshindeukvalley@gmail.com → SKIPPED: time mismatch (now=14:02 vs scheduled=11:10)
[2026-07-30T08:32:01.037Z] INFO: [Report Delivery] santoshshimpankar61@gmail.com: evaluating (time=12:02, types=[daily], lastSent=Thu Jul 30 2026 12:02:00 GMT+0530 (India Standard Time), lastStatus=failed)
[2026-07-30T08:32:01.038Z] INFO: [Schedule Check] santoshshimpankar61@gmail.com | TZ: Asia/Kolkata | Current: 14:02 weekday=Thu(4) date=30 | Configured time: 12:02 | Types: daily
[2026-07-30T08:32:01.039Z] INFO: [Schedule Check] santoshshimpankar61@gmail.com → SKIPPED: time mismatch (now=14:02 vs scheduled=12:02)
[2026-07-30T08:32:01.042Z] INFO: [Report Delivery] pratikumbharde141@gmail.com: evaluating (time=13:44, types=[daily], lastSent=Thu Jul 30 2026 13:44:04 GMT+0530 (India Standard Time), lastStatus=success)
[2026-07-30T08:32:01.044Z] INFO: [Schedule Check] pratikumbharde141@gmail.com | TZ: Asia/Kolkata | Current: 14:02 weekday=Thu(4) date=30 | Configured time: 13:44 | Types: daily
[2026-07-30T08:32:01.045Z] INFO: [Schedule Check] pratikumbharde141@gmail.com → SKIPPED: time mismatch (now=14:02 vs scheduled=13:44)
[2026-07-30T08:32:01.048Z] INFO: [Report Delivery] pratikumbharde141@gmail.com: evaluating (time=13:51, types=[daily], lastSent=Thu Jul 30 2026 13:51:00 GMT+0530 (India Standard Time), lastStatus=failed)
[2026-07-30T08:32:01.050Z] INFO: [Schedule Check] pratikumbharde141@gmail.com | TZ: Asia/Kolkata | Current: 14:02 weekday=Thu(4) date=30 | Configured time: 13:51 | Types: daily
[2026-07-30T08:32:01.052Z] INFO: [Schedule Check] pratikumbharde141@gmail.com → SKIPPED: time mismatch (now=14:02 vs scheduled=13:51)
[2026-07-30T08:32:01.053Z] INFO: [Report Delivery] pratikumbharde141@gmail.com: evaluating (time=13:58, types=[daily], lastSent=Thu Jul 30 2026 13:58:00 GMT+0530 (India Standard Time), lastStatus=failed)
[2026-07-30T08:32:01.056Z] INFO: [Schedule Check] pratikumbharde141@gmail.com | TZ: Asia/Kolkata | Current: 14:02 weekday=Thu(4) date=30 | Configured time: 13:58 | Types: daily
[2026-07-30T08:32:01.058Z] INFO: [Schedule Check] pratikumbharde141@gmail.com → SKIPPED: time mismatch (now=14:02 vs scheduled=13:58)
[2026-07-30T08:32:01.060Z] INFO: [Report Delivery] Job complete: 0 sent, 5 not-due, 0 inactive-company, 0 errors (total: 5 schedules)
[2026-07-30T08:33:00.591Z] INFO: [Report Delivery] Cron tick at 2026-07-30T08:33:00.591Z
[2026-07-30T08:33:00.631Z] INFO: [Report Delivery] Found 5 active schedule(s), evaluating each...
[2026-07-30T08:33:00.632Z] INFO: [Report Delivery] ashishshindeukvalley@gmail.com: evaluating (time=11:10, types=[daily], lastSent=Thu Jul 30 2026 11:06:01 GMT+0530 (India Standard Time), lastStatus=failed)
[2026-07-30T08:33:00.633Z] INFO: [Schedule Check] ashishshindeukvalley@gmail.com | TZ: Asia/Kolkata | Current: 14:03 weekday=Thu(4) date=30 | Configured time: 11:10 | Types: daily
[2026-07-30T08:33:00.633Z] INFO: [Schedule Check] ashishshindeukvalley@gmail.com → SKIPPED: time mismatch (now=14:03 vs scheduled=11:10)
[2026-07-30T08:33:00.634Z] INFO: [Report Delivery] santoshshimpankar61@gmail.com: evaluating (time=12:02, types=[daily], lastSent=Thu Jul 30 2026 12:02:00 GMT+0530 (India Standard Time), lastStatus=failed)
[2026-07-30T08:33:00.635Z] INFO: [Schedule Check] santoshshimpankar61@gmail.com | TZ: Asia/Kolkata | Current: 14:03 weekday=Thu(4) date=30 | Configured time: 12:02 | Types: daily
[2026-07-30T08:33:00.635Z] INFO: [Schedule Check] santoshshimpankar61@gmail.com → SKIPPED: time mismatch (now=14:03 vs scheduled=12:02)
[2026-07-30T08:33:00.636Z] INFO: [Report Delivery] pratikumbharde141@gmail.com: evaluating (time=13:44, types=[daily], lastSent=Thu Jul 30 2026 13:44:04 GMT+0530 (India Standard Time), lastStatus=success)
[2026-07-30T08:33:00.639Z] INFO: [Schedule Check] pratikumbharde141@gmail.com | TZ: Asia/Kolkata | Current: 14:03 weekday=Thu(4) date=30 | Configured time: 13:44 | Types: daily
[2026-07-30T08:33:00.641Z] INFO: [Schedule Check] pratikumbharde141@gmail.com → SKIPPED: time mismatch (now=14:03 vs scheduled=13:44)
[2026-07-30T08:33:00.643Z] INFO: [Report Delivery] pratikumbharde141@gmail.com: evaluating (time=13:51, types=[daily], lastSent=Thu Jul 30 2026 13:51:00 GMT+0530 (India Standard Time), lastStatus=failed)
[2026-07-30T08:33:00.645Z] INFO: [Schedule Check] pratikumbharde141@gmail.com | TZ: Asia/Kolkata | Current: 14:03 weekday=Thu(4) date=30 | Configured time: 13:51 | Types: daily
[2026-07-30T08:33:00.646Z] INFO: [Schedule Check] pratikumbharde141@gmail.com → SKIPPED: time mismatch (now=14:03 vs scheduled=13:51)
[2026-07-30T08:33:00.646Z] INFO: [Report Delivery] pratikumbharde141@gmail.com: evaluating (time=13:58, types=[daily], lastSent=Thu Jul 30 2026 13:58:00 GMT+0530 (India Standard Time), lastStatus=failed)
[2026-07-30T08:33:00.648Z] INFO: [Schedule Check] pratikumbharde141@gmail.com | TZ: Asia/Kolkata | Current: 14:03 weekday=Thu(4) date=30 | Configured time: 13:58 | Types: daily
[2026-07-30T08:33:00.649Z] INFO: [Schedule Check] pratikumbharde141@gmail.com → SKIPPED: time mismatch (now=14:03 vs scheduled=13:58)
[2026-07-30T08:33:00.650Z] INFO: [Report Delivery] Job complete: 0 sent, 5 not-due, 0 inactive-company, 0 errors (total: 5 schedules)
[2026-07-30T08:34:00.046Z] INFO: [Report Delivery] Cron tick at 2026-07-30T08:34:00.046Z
[2026-07-30T08:34:00.096Z] INFO: [Report Delivery] Found 5 active schedule(s), evaluating each...
[2026-07-30T08:34:00.097Z] INFO: [Report Delivery] ashishshindeukvalley@gmail.com: evaluating (time=11:10, types=[daily], lastSent=Thu Jul 30 2026 11:06:01 GMT+0530 (India Standard Time), lastStatus=failed)
[2026-07-30T08:34:00.098Z] INFO: [Schedule Check] ashishshindeukvalley@gmail.com | TZ: Asia/Kolkata | Current: 14:04 weekday=Thu(4) date=30 | Configured time: 11:10 | Types: daily
[2026-07-30T08:34:00.100Z] INFO: [Schedule Check] ashishshindeukvalley@gmail.com → SKIPPED: time mismatch (now=14:04 vs scheduled=11:10)
[2026-07-30T08:34:00.101Z] INFO: [Report Delivery] santoshshimpankar61@gmail.com: evaluating (time=12:02, types=[daily], lastSent=Thu Jul 30 2026 12:02:00 GMT+0530 (India Standard Time), lastStatus=failed)
[2026-07-30T08:34:00.107Z] INFO: [Schedule Check] santoshshimpankar61@gmail.com | TZ: Asia/Kolkata | Current: 14:04 weekday=Thu(4) date=30 | Configured time: 12:02 | Types: daily
[2026-07-30T08:34:00.110Z] INFO: [Schedule Check] santoshshimpankar61@gmail.com → SKIPPED: time mismatch (now=14:04 vs scheduled=12:02)
[2026-07-30T08:34:00.111Z] INFO: [Report Delivery] pratikumbharde141@gmail.com: evaluating (time=13:44, types=[daily], lastSent=Thu Jul 30 2026 13:44:04 GMT+0530 (India Standard Time), lastStatus=success)
[2026-07-30T08:34:00.115Z] INFO: [Schedule Check] pratikumbharde141@gmail.com | TZ: Asia/Kolkata | Current: 14:04 weekday=Thu(4) date=30 | Configured time: 13:44 | Types: daily
[2026-07-30T08:34:00.116Z] INFO: [Schedule Check] pratikumbharde141@gmail.com → SKIPPED: time mismatch (now=14:04 vs scheduled=13:44)
[2026-07-30T08:34:00.118Z] INFO: [Report Delivery] pratikumbharde141@gmail.com: evaluating (time=13:51, types=[daily], lastSent=Thu Jul 30 2026 13:51:00 GMT+0530 (India Standard Time), lastStatus=failed)
[2026-07-30T08:34:00.119Z] INFO: [Schedule Check] pratikumbharde141@gmail.com | TZ: Asia/Kolkata | Current: 14:04 weekday=Thu(4) date=30 | Configured time: 13:51 | Types: daily
[2026-07-30T08:34:00.125Z] INFO: [Schedule Check] pratikumbharde141@gmail.com → SKIPPED: time mismatch (now=14:04 vs scheduled=13:51)
[2026-07-30T08:34:00.126Z] INFO: [Report Delivery] pratikumbharde141@gmail.com: evaluating (time=13:58, types=[daily], lastSent=Thu Jul 30 2026 13:58:00 GMT+0530 (India Standard Time), lastStatus=failed)
[2026-07-30T08:34:00.128Z] INFO: [Schedule Check] pratikumbharde141@gmail.com | TZ: Asia/Kolkata | Current: 14:04 weekday=Thu(4) date=30 | Configured time: 13:58 | Types: daily
[2026-07-30T08:34:00.129Z] INFO: [Schedule Check] pratikumbharde141@gmail.com → SKIPPED: time mismatch (now=14:04 vs scheduled=13:58)
[2026-07-30T08:34:00.131Z] INFO: [Report Delivery] Job complete: 0 sent, 5 not-due, 0 inactive-company, 0 errors (total: 5 schedules)
[2026-07-30T08:34:52.745Z] INFO: Email configuration check {"hasHost":true,"host":"smtp.gmail.com","port":587,"hasUser":true,"hasPass":true,"hasFrom":true}
[2026-07-30T08:34:52.765Z] INFO: Email service initialized successfully (SMTP) {"host":"smtp.gmail.com","port":587,"user":"santoshshimpankar.ukvalley@gmail.com"}
[2026-07-30T08:34:56.378Z] INFO: [WhatsApp] Twilio client initialized successfully
[2026-07-30T08:34:56.420Z] INFO: [Telegram] Bot token configured, service ready
[2026-07-30T08:34:57.943Z] INFO: Initializing cron jobs...
[2026-07-30T08:34:57.991Z] INFO: Job recharge-reminder scheduled: 0 9 * * *
[2026-07-30T08:34:57.993Z] INFO: Job inactive-sim-alert scheduled: 0 10 * * *
[2026-07-30T08:34:57.995Z] INFO: Job subscription-expiry-check scheduled: 0 8 * * *
[2026-07-30T08:34:57.997Z] INFO: Job data-cleanup scheduled: 0 2 * * 0
[2026-07-30T08:34:58.000Z] INFO: Job whatsapp-inactive-check scheduled: */5 * * * *
[2026-07-30T08:34:58.002Z] INFO: Job telegram-inactive-check scheduled: */5 * * * *
[2026-07-30T08:34:58.004Z] INFO: Job wifi-alert-check scheduled: */20 * * * *
[2026-07-30T08:34:58.008Z] INFO: Job wifi-metrics-cleanup scheduled: 0 3 * * 0
[2026-07-30T08:34:58.011Z] INFO: Job report-delivery scheduled: * * * * *
[2026-07-30T08:34:58.013Z] INFO: Job stale-payment-cleanup scheduled: */30 * * * *
[2026-07-30T08:34:58.013Z] INFO: All cron jobs initialized
[2026-07-30T08:34:58.796Z] INFO: Email transporter verified successfully - emails will be sent
[2026-07-30T08:35:00.011Z] INFO: Starting WhatsApp inactive check job
[2026-07-30T08:35:00.015Z] INFO: [WhatsApp Cron] Processing inactive messages...
[2026-07-30T08:35:00.027Z] INFO: Starting Telegram inactive check job
[2026-07-30T08:35:00.029Z] INFO: [Telegram Cron] Processing inactive messages...
[2026-07-30T08:35:00.036Z] INFO: [WhatsApp Cron] Processed 0 messages, updated 0 SIMs
[2026-07-30T08:35:00.037Z] INFO: WhatsApp inactive check completed: 0 messages processed, 0 SIMs marked inactive
[2026-07-30T08:35:00.042Z] INFO: [Report Delivery] Cron tick at 2026-07-30T08:35:00.042Z
[2026-07-30T08:35:00.047Z] INFO: [Telegram Cron] Processed 0 messages, updated 0 SIMs
[2026-07-30T08:35:00.048Z] INFO: Telegram inactive check completed: 0 messages processed, 0 SIMs marked inactive
[2026-07-30T08:35:00.090Z] INFO: [Report Delivery] Found 5 active schedule(s), evaluating each...
[2026-07-30T08:35:00.096Z] INFO: [Report Delivery] ashishshindeukvalley@gmail.com: evaluating (time=11:10, types=[daily], lastSent=Thu Jul 30 2026 11:06:01 GMT+0530 (India Standard Time), lastStatus=failed)
[2026-07-30T08:35:00.105Z] INFO: [Schedule Check] ashishshindeukvalley@gmail.com → RETRY: failed 179min ago, retrying now
[2026-07-30T08:35:00.108Z] INFO: [Report Delivery] ashishshindeukvalley@gmail.com: sending report...
[2026-07-30T08:35:00.123Z] INFO: [Report Send] ashishshindeukvalley@gmail.com: using populated company "Yuva 99" (6a6ad91996ccd54144855177)
[2026-07-30T08:35:00.127Z] INFO: [Report Send] ashishshindeukvalley@gmail.com: generating report data for company "Yuva 99", types=[overview]
[2026-07-30T08:35:00.150Z] INFO: [Report Data] Generating report for company "Yuva 99" (6a6ad91996ccd54144855177), types=[overview]
[2026-07-30T08:35:00.250Z] INFO: [Report Data] Overview data loaded: sims={"total":4,"active":4,"inactive":0}, recharges={"monthlyTotal":0,"monthlyCount":0,"upcoming":[],"overdue":0}
[2026-07-30T08:35:00.276Z] INFO: [Report Send] ashishshindeukvalley@gmail.com: report data generated successfully (sims=true, recharges=true, callStats=true)
[2026-07-30T08:35:00.277Z] INFO: [Report Send] ashishshindeukvalley@gmail.com: sending email to ashishshindeukvalley@gmail.com, subject="Overview — Yuva 99"
[2026-07-30T08:35:00.284Z] INFO: [SMTP] Preparing scheduled report email: to="ashishshindeukvalley@gmail.com" company="Yuva 99" type="Overview"
[2026-07-30T08:35:00.285Z] INFO: [SMTP] Sending email to="ashishshindeukvalley@gmail.com" subject="Overview — Yuva 99 [30/7/2026]" from="santoshshimpankar.ukvalley@gmail.com"
[2026-07-30T08:35:04.005Z] INFO: [SMTP] Email sent successfully to="ashishshindeukvalley@gmail.com" messageId="<02add949-b78b-4bd1-eb3e-ef845617afe3@gmail.com>" response="250 2.0.0 OK  1785400504 5a478bee46e88-31504927a7bsm20255148eec.0 - gsmtp"
[2026-07-30T08:35:04.006Z] INFO: [SMTP] Scheduled report email SENT to="ashishshindeukvalley@gmail.com" messageId="<02add949-b78b-4bd1-eb3e-ef845617afe3@gmail.com>"
[2026-07-30T08:35:04.057Z] INFO: [Report Send] ashishshindeukvalley@gmail.com: SUCCESS — email sent (messageId=<02add949-b78b-4bd1-eb3e-ef845617afe3@gmail.com>)
[2026-07-30T08:35:04.058Z] INFO: [Report Delivery] ashishshindeukvalley@gmail.com: ✓ report sent successfully
[2026-07-30T08:35:04.059Z] INFO: [Report Delivery] santoshshimpankar61@gmail.com: evaluating (time=12:02, types=[daily], lastSent=Thu Jul 30 2026 12:02:00 GMT+0530 (India Standard Time), lastStatus=failed)
[2026-07-30T08:35:04.061Z] INFO: [Schedule Check] santoshshimpankar61@gmail.com → RETRY: failed 123min ago, retrying now
[2026-07-30T08:35:04.062Z] INFO: [Report Delivery] santoshshimpankar61@gmail.com: sending report...
[2026-07-30T08:35:04.063Z] INFO: [Report Send] santoshshimpankar61@gmail.com: using populated company "Yuva 99" (6a6ad91996ccd54144855177)
[2026-07-30T08:35:04.064Z] INFO: [Report Send] santoshshimpankar61@gmail.com: generating report data for company "Yuva 99", types=[overview,sims,recharges]
[2026-07-30T08:35:04.079Z] INFO: [Report Data] Generating report for company "Yuva 99" (6a6ad91996ccd54144855177), types=[overview,sims,recharges]
[2026-07-30T08:35:04.162Z] INFO: [Report Data] Overview data loaded: sims={"total":4,"active":4,"inactive":0}, recharges={"monthlyTotal":0,"monthlyCount":0,"upcoming":[],"overdue":0}
[2026-07-30T08:35:04.206Z] INFO: [Report Send] santoshshimpankar61@gmail.com: report data generated successfully (sims=true, recharges=true, callStats=true)
[2026-07-30T08:35:04.207Z] INFO: [Report Send] santoshshimpankar61@gmail.com: sending email to santoshshimpankar61@gmail.com, subject="Overview + SIM Report + Recharge Report — Yuva 99"
[2026-07-30T08:35:04.210Z] INFO: [SMTP] Preparing scheduled report email: to="santoshshimpankar61@gmail.com" company="Yuva 99" type="Overview + SIM Report + Recharge Report"
[2026-07-30T08:35:04.211Z] INFO: [SMTP] Sending email to="santoshshimpankar61@gmail.com" subject="Overview + SIM Report + Recharge Report — Yuva 99 [30/7/2026]" from="santoshshimpankar.ukvalley@gmail.com"
[2026-07-30T08:35:07.368Z] INFO: Audit log created: SETTINGS.REPORT_SCHEDULE_DELETE {"logId":"6a6b0cbb7962ec030003f659","performedBy":"69f8b601247c51deb2aa1753","companyId":"69f8b601247c51deb2aa1751"}
[2026-07-30T08:35:07.798Z] INFO: [SMTP] Email sent successfully to="santoshshimpankar61@gmail.com" messageId="<e38f43fd-ee11-0ade-10d2-0713a9c79e5f@gmail.com>" response="250 2.0.0 OK  1785400508 5a478bee46e88-31504d3c68asm20715536eec.24 - gsmtp"
[2026-07-30T08:35:07.800Z] INFO: [SMTP] Scheduled report email SENT to="santoshshimpankar61@gmail.com" messageId="<e38f43fd-ee11-0ade-10d2-0713a9c79e5f@gmail.com>"
[2026-07-30T08:35:07.833Z] INFO: [Report Send] santoshshimpankar61@gmail.com: SUCCESS — email sent (messageId=<e38f43fd-ee11-0ade-10d2-0713a9c79e5f@gmail.com>)
[2026-07-30T08:35:07.835Z] INFO: [Report Delivery] santoshshimpankar61@gmail.com: ✓ report sent successfully
[2026-07-30T08:35:07.836Z] INFO: [Report Delivery] pratikumbharde141@gmail.com: evaluating (time=13:44, types=[daily], lastSent=Thu Jul 30 2026 13:44:04 GMT+0530 (India Standard Time), lastStatus=success)
[2026-07-30T08:35:07.841Z] INFO: [Schedule Check] pratikumbharde141@gmail.com | TZ: Asia/Kolkata | Current: 14:05 weekday=Thu(4) date=30 | Configured time: 13:44 | Types: daily
[2026-07-30T08:35:07.843Z] INFO: [Schedule Check] pratikumbharde141@gmail.com → SKIPPED: time mismatch (now=14:05 vs scheduled=13:44)
[2026-07-30T08:35:07.845Z] INFO: [Report Delivery] pratikumbharde141@gmail.com: evaluating (time=13:51, types=[daily], lastSent=Thu Jul 30 2026 13:51:00 GMT+0530 (India Standard Time), lastStatus=failed)
[2026-07-30T08:35:07.846Z] INFO: [Schedule Check] pratikumbharde141@gmail.com → RETRY: failed 14min ago, retrying now
[2026-07-30T08:35:07.847Z] INFO: [Report Delivery] pratikumbharde141@gmail.com: sending report...
[2026-07-30T08:35:07.848Z] INFO: [Report Send] pratikumbharde141@gmail.com: using populated company "Yadnesh SolutionsoyYadnesh Solutionsoy" (69f8b601247c51deb2aa1751)
[2026-07-30T08:35:07.849Z] INFO: [Report Send] pratikumbharde141@gmail.com: generating report data for company "Yadnesh SolutionsoyYadnesh Solutionsoy", types=[overview]
[2026-07-30T08:35:07.869Z] INFO: [Report Data] Generating report for company "Yadnesh SolutionsoyYadnesh Solutionsoy" (69f8b601247c51deb2aa1751), types=[overview]
[2026-07-30T08:35:07.989Z] INFO: [Report Data] Overview data loaded: sims={"total":21,"active":20,"inactive":1}, recharges={"monthlyTotal":0,"monthlyCount":0,"upcoming":[],"overdue":5}
[2026-07-30T08:35:08.022Z] INFO: [Report Send] pratikumbharde141@gmail.com: report data generated successfully (sims=true, recharges=true, callStats=true)
[2026-07-30T08:35:08.024Z] INFO: [Report Send] pratikumbharde141@gmail.com: sending email to pratikumbharde141@gmail.com, subject="Overview — Yadnesh SolutionsoyYadnesh Solutionsoy"
[2026-07-30T08:35:08.027Z] INFO: [SMTP] Preparing scheduled report email: to="pratikumbharde141@gmail.com" company="Yadnesh SolutionsoyYadnesh Solutionsoy" type="Overview"
[2026-07-30T08:35:08.029Z] INFO: [SMTP] Sending email to="pratikumbharde141@gmail.com" subject="Overview — Yadnesh SolutionsoyYadnesh Solutionsoy [30/7/2026]" from="santoshshimpankar.ukvalley@gmail.com"
[2026-07-30T08:35:09.688Z] INFO: Audit log created: SETTINGS.REPORT_SCHEDULE_DELETE {"logId":"6a6b0cbd7962ec030003f672","performedBy":"69f8b601247c51deb2aa1753","companyId":"69f8b601247c51deb2aa1751"}
[2026-07-30T08:35:11.623Z] INFO: Audit log created: SETTINGS.REPORT_SCHEDULE_DELETE {"logId":"6a6b0cbf7962ec030003f680","performedBy":"69f8b601247c51deb2aa1753","companyId":"69f8b601247c51deb2aa1751"}
[2026-07-30T08:35:11.894Z] INFO: [SMTP] Email sent successfully to="pratikumbharde141@gmail.com" messageId="<248962ac-4aaa-efef-c72b-d8294c7aa5dc@gmail.com>" response="250 2.0.0 OK  1785400512 a92af1059eb24-13e7265be48sm18186490c88.8 - gsmtp"
[2026-07-30T08:35:11.896Z] INFO: [SMTP] Scheduled report email SENT to="pratikumbharde141@gmail.com" messageId="<248962ac-4aaa-efef-c72b-d8294c7aa5dc@gmail.com>"
[2026-07-30T08:35:11.947Z] INFO: [Report Delivery] pratikumbharde141@gmail.com: evaluating (time=13:58, types=[daily], lastSent=Thu Jul 30 2026 13:58:00 GMT+0530 (India Standard Time), lastStatus=failed)
[2026-07-30T08:35:11.948Z] INFO: [Schedule Check] pratikumbharde141@gmail.com → RETRY: failed 7min ago, retrying now
[2026-07-30T08:35:11.948Z] INFO: [Report Delivery] pratikumbharde141@gmail.com: sending report...
[2026-07-30T08:35:11.951Z] INFO: [Report Send] pratikumbharde141@gmail.com: using populated company "Yadnesh SolutionsoyYadnesh Solutionsoy" (69f8b601247c51deb2aa1751)
[2026-07-30T08:35:11.952Z] INFO: [Report Send] pratikumbharde141@gmail.com: generating report data for company "Yadnesh SolutionsoyYadnesh Solutionsoy", types=[overview,recharges]
[2026-07-30T08:35:11.969Z] INFO: [Report Data] Generating report for company "Yadnesh SolutionsoyYadnesh Solutionsoy" (69f8b601247c51deb2aa1751), types=[overview,recharges]
[2026-07-30T08:35:12.073Z] INFO: [Report Data] Overview data loaded: sims={"total":21,"active":20,"inactive":1}, recharges={"monthlyTotal":0,"monthlyCount":0,"upcoming":[],"overdue":5}
[2026-07-30T08:35:12.117Z] INFO: [Report Send] pratikumbharde141@gmail.com: report data generated successfully (sims=true, recharges=true, callStats=true)
[2026-07-30T08:35:12.119Z] INFO: [Report Send] pratikumbharde141@gmail.com: sending email to pratikumbharde141@gmail.com, subject="Overview + Recharge Report — Yadnesh SolutionsoyYadnesh Solutionsoy"
[2026-07-30T08:35:12.122Z] INFO: [SMTP] Preparing scheduled report email: to="pratikumbharde141@gmail.com" company="Yadnesh SolutionsoyYadnesh Solutionsoy" type="Overview + Recharge Report"
[2026-07-30T08:35:12.123Z] INFO: [SMTP] Sending email to="pratikumbharde141@gmail.com" subject="Overview + Recharge Report — Yadnesh SolutionsoyYadnesh Solutionsoy [30/7/2026]" from="santoshshimpankar.ukvalley@gmail.com"
[2026-07-30T08:35:15.670Z] INFO: [SMTP] Email sent successfully to="pratikumbharde141@gmail.com" messageId="<7c4b2ea0-c64d-8a40-4b73-ccbb7d1e55e5@gmail.com>" response="250 2.0.0 OK  1785400516 a92af1059eb24-13e7262c23bsm16330669c88.1 - gsmtp"
[2026-07-30T08:35:15.673Z] INFO: [SMTP] Scheduled report email SENT to="pratikumbharde141@gmail.com" messageId="<7c4b2ea0-c64d-8a40-4b73-ccbb7d1e55e5@gmail.com>"
[2026-07-30T08:35:15.712Z] INFO: [Report Delivery] Job complete: 2 sent, 1 not-due, 0 inactive-company, 2 errors (total: 5 schedules)
[2026-07-30T08:35:29.013Z] INFO: Audit log created: SETTINGS.REPORT_SCHEDULE_CREATE {"logId":"6a6b0cd07962ec030003f6a0","performedBy":"69f8b601247c51deb2aa1753","companyId":"69f8b601247c51deb2aa1751"}
[2026-07-30T08:36:00.457Z] INFO: [Report Delivery] Cron tick at 2026-07-30T08:36:00.457Z
[2026-07-30T08:36:00.486Z] INFO: [Report Delivery] Found 3 active schedule(s), evaluating each...
[2026-07-30T08:36:00.487Z] INFO: [Report Delivery] ashishshindeukvalley@gmail.com: evaluating (time=11:10, types=[daily], lastSent=Thu Jul 30 2026 14:05:04 GMT+0530 (India Standard Time), lastStatus=success)
[2026-07-30T08:36:00.490Z] INFO: [Schedule Check] ashishshindeukvalley@gmail.com | TZ: Asia/Kolkata | Current: 14:06 weekday=Thu(4) date=30 | Configured time: 11:10 | Types: daily
[2026-07-30T08:36:00.491Z] INFO: [Schedule Check] ashishshindeukvalley@gmail.com → SKIPPED: time mismatch (now=14:06 vs scheduled=11:10)
[2026-07-30T08:36:00.492Z] INFO: [Report Delivery] santoshshimpankar61@gmail.com: evaluating (time=12:02, types=[daily], lastSent=Thu Jul 30 2026 14:05:07 GMT+0530 (India Standard Time), lastStatus=success)
[2026-07-30T08:36:00.494Z] INFO: [Schedule Check] santoshshimpankar61@gmail.com | TZ: Asia/Kolkata | Current: 14:06 weekday=Thu(4) date=30 | Configured time: 12:02 | Types: daily
[2026-07-30T08:36:00.497Z] INFO: [Schedule Check] santoshshimpankar61@gmail.com → SKIPPED: time mismatch (now=14:06 vs scheduled=12:02)
[2026-07-30T08:36:00.498Z] INFO: [Report Delivery] pratikumbharde141@gmail.com: evaluating (time=14:06, types=[daily], lastSent=Thu Jul 30 2026 14:06:00 GMT+0530 (India Standard Time), lastStatus=failed)
[2026-07-30T08:36:00.499Z] INFO: [Schedule Check] pratikumbharde141@gmail.com → SKIPPED: failed 0min ago (2min cooldown)
[2026-07-30T08:36:00.500Z] INFO: [Report Delivery] Job complete: 0 sent, 3 not-due, 0 inactive-company, 0 errors (total: 3 schedules)
[2026-07-30T08:37:00.920Z] INFO: [Report Delivery] Cron tick at 2026-07-30T08:37:00.920Z
[2026-07-30T08:37:00.974Z] INFO: [Report Delivery] Found 3 active schedule(s), evaluating each...
[2026-07-30T08:37:00.975Z] INFO: [Report Delivery] ashishshindeukvalley@gmail.com: evaluating (time=11:10, types=[daily], lastSent=Thu Jul 30 2026 14:05:04 GMT+0530 (India Standard Time), lastStatus=success)
[2026-07-30T08:37:00.976Z] INFO: [Schedule Check] ashishshindeukvalley@gmail.com | TZ: Asia/Kolkata | Current: 14:07 weekday=Thu(4) date=30 | Configured time: 11:10 | Types: daily
[2026-07-30T08:37:00.976Z] INFO: [Schedule Check] ashishshindeukvalley@gmail.com → SKIPPED: time mismatch (now=14:07 vs scheduled=11:10)
[2026-07-30T08:37:00.977Z] INFO: [Report Delivery] santoshshimpankar61@gmail.com: evaluating (time=12:02, types=[daily], lastSent=Thu Jul 30 2026 14:05:07 GMT+0530 (India Standard Time), lastStatus=success)
[2026-07-30T08:37:00.978Z] INFO: [Schedule Check] santoshshimpankar61@gmail.com | TZ: Asia/Kolkata | Current: 14:07 weekday=Thu(4) date=30 | Configured time: 12:02 | Types: daily
[2026-07-30T08:37:00.979Z] INFO: [Schedule Check] santoshshimpankar61@gmail.com → SKIPPED: time mismatch (now=14:07 vs scheduled=12:02)
[2026-07-30T08:37:00.980Z] INFO: [Report Delivery] pratikumbharde141@gmail.com: evaluating (time=14:06, types=[daily], lastSent=Thu Jul 30 2026 14:06:00 GMT+0530 (India Standard Time), lastStatus=failed)
[2026-07-30T08:37:00.981Z] INFO: [Schedule Check] pratikumbharde141@gmail.com → SKIPPED: failed 1min ago (2min cooldown)
[2026-07-30T08:37:00.982Z] INFO: [Report Delivery] Job complete: 0 sent, 3 not-due, 0 inactive-company, 0 errors (total: 3 schedules)
[2026-07-30T08:37:17.175Z] INFO: Email configuration check {"hasHost":true,"host":"smtp.gmail.com","port":587,"hasUser":true,"hasPass":true,"hasFrom":true}
[2026-07-30T08:37:17.184Z] INFO: Email service initialized successfully (SMTP) {"host":"smtp.gmail.com","port":587,"user":"santoshshimpankar.ukvalley@gmail.com"}
[2026-07-30T08:37:21.261Z] INFO: [WhatsApp] Twilio client initialized successfully
[2026-07-30T08:37:21.315Z] INFO: [Telegram] Bot token configured, service ready
[2026-07-30T08:37:22.848Z] INFO: Initializing cron jobs...
[2026-07-30T08:37:22.879Z] INFO: Job recharge-reminder scheduled: 0 9 * * *
[2026-07-30T08:37:22.880Z] INFO: Job inactive-sim-alert scheduled: 0 10 * * *
[2026-07-30T08:37:22.882Z] INFO: Job subscription-expiry-check scheduled: 0 8 * * *
[2026-07-30T08:37:22.883Z] INFO: Job data-cleanup scheduled: 0 2 * * 0
[2026-07-30T08:37:22.886Z] INFO: Job whatsapp-inactive-check scheduled: */5 * * * *
[2026-07-30T08:37:22.890Z] INFO: Job telegram-inactive-check scheduled: */5 * * * *
[2026-07-30T08:37:22.892Z] INFO: Job wifi-alert-check scheduled: */20 * * * *
[2026-07-30T08:37:22.894Z] INFO: Job wifi-metrics-cleanup scheduled: 0 3 * * 0
[2026-07-30T08:37:22.897Z] INFO: Job report-delivery scheduled: * * * * *
[2026-07-30T08:37:22.898Z] INFO: Job stale-payment-cleanup scheduled: */30 * * * *
[2026-07-30T08:37:22.899Z] INFO: All cron jobs initialized
[2026-07-30T08:37:23.575Z] INFO: Email transporter verified successfully - emails will be sent
[2026-07-30T08:37:50.520Z] INFO: Email configuration check {"hasHost":true,"host":"smtp.gmail.com","port":587,"hasUser":true,"hasPass":true,"hasFrom":true}
[2026-07-30T08:37:50.539Z] INFO: Email service initialized successfully (SMTP) {"host":"smtp.gmail.com","port":587,"user":"santoshshimpankar.ukvalley@gmail.com"}
[2026-07-30T08:37:52.010Z] INFO: [WhatsApp] Twilio client initialized successfully
[2026-07-30T08:37:52.026Z] INFO: [Telegram] Bot token configured, service ready
[2026-07-30T08:37:53.143Z] INFO: Initializing cron jobs...
[2026-07-30T08:37:53.181Z] INFO: Job recharge-reminder scheduled: 0 9 * * *
[2026-07-30T08:37:53.182Z] INFO: Job inactive-sim-alert scheduled: 0 10 * * *
[2026-07-30T08:37:53.185Z] INFO: Job subscription-expiry-check scheduled: 0 8 * * *
[2026-07-30T08:37:53.190Z] INFO: Job data-cleanup scheduled: 0 2 * * 0
[2026-07-30T08:37:53.196Z] INFO: Job whatsapp-inactive-check scheduled: */5 * * * *
[2026-07-30T08:37:53.199Z] INFO: Job telegram-inactive-check scheduled: */5 * * * *
[2026-07-30T08:37:53.200Z] INFO: Job wifi-alert-check scheduled: */20 * * * *
[2026-07-30T08:37:53.204Z] INFO: Job wifi-metrics-cleanup scheduled: 0 3 * * 0
[2026-07-30T08:37:53.211Z] INFO: Job report-delivery scheduled: * * * * *
[2026-07-30T08:37:53.213Z] INFO: Job stale-payment-cleanup scheduled: */30 * * * *
[2026-07-30T08:37:53.214Z] INFO: All cron jobs initialized
[2026-07-30T08:37:53.833Z] INFO: Email transporter verified successfully - emails will be sent
[2026-07-30T08:38:00.265Z] INFO: [Report Delivery] Cron tick at 2026-07-30T08:38:00.265Z
[2026-07-30T08:38:00.328Z] INFO: [Report Delivery] Found 3 active schedule(s), evaluating each...
[2026-07-30T08:38:00.330Z] INFO: [Report Delivery] ashishshindeukvalley@gmail.com: evaluating (time=11:10, types=[daily], lastSent=Thu Jul 30 2026 14:05:04 GMT+0530 (India Standard Time), lastStatus=success)
[2026-07-30T08:38:00.332Z] INFO: [Schedule Check] ashishshindeukvalley@gmail.com | TZ: Asia/Kolkata | Current: 14:08 weekday=Thu(4) date=30 | Configured time: 11:10 | Types: daily
[2026-07-30T08:38:00.333Z] INFO: [Schedule Check] ashishshindeukvalley@gmail.com → SKIPPED: time mismatch (now=14:08 vs scheduled=11:10)
[2026-07-30T08:38:00.333Z] INFO: [Report Delivery] santoshshimpankar61@gmail.com: evaluating (time=12:02, types=[daily], lastSent=Thu Jul 30 2026 14:05:07 GMT+0530 (India Standard Time), lastStatus=success)
[2026-07-30T08:38:00.335Z] INFO: [Schedule Check] santoshshimpankar61@gmail.com | TZ: Asia/Kolkata | Current: 14:08 weekday=Thu(4) date=30 | Configured time: 12:02 | Types: daily
[2026-07-30T08:38:00.338Z] INFO: [Schedule Check] santoshshimpankar61@gmail.com → SKIPPED: time mismatch (now=14:08 vs scheduled=12:02)
[2026-07-30T08:38:00.340Z] INFO: [Report Delivery] pratikumbharde141@gmail.com: evaluating (time=14:06, types=[daily], lastSent=Thu Jul 30 2026 14:06:00 GMT+0530 (India Standard Time), lastStatus=failed)
[2026-07-30T08:38:00.345Z] INFO: [Schedule Check] pratikumbharde141@gmail.com → RETRY: failed 2min ago, retrying now
[2026-07-30T08:38:00.389Z] INFO: [Report Delivery] pratikumbharde141@gmail.com: sending report...
[2026-07-30T08:38:00.396Z] INFO: [Report Send] pratikumbharde141@gmail.com: using populated company "Yadnesh SolutionsoyYadnesh Solutionsoy" (69f8b601247c51deb2aa1751)
[2026-07-30T08:38:00.414Z] INFO: [Report Send] pratikumbharde141@gmail.com: generating report data for company "Yadnesh SolutionsoyYadnesh Solutionsoy", types=[overview]
[2026-07-30T08:38:00.463Z] INFO: [Report Data] Generating report for company "Yadnesh SolutionsoyYadnesh Solutionsoy" (69f8b601247c51deb2aa1751), types=[overview]
[2026-07-30T08:38:00.620Z] INFO: [Report Data] Overview data loaded: sims={"total":21,"active":20,"inactive":1}, recharges={"monthlyTotal":0,"monthlyCount":0,"upcoming":[],"overdue":5}
[2026-07-30T08:38:00.647Z] INFO: [Report Send] pratikumbharde141@gmail.com: report data generated successfully (sims=true, recharges=true, callStats=true)
[2026-07-30T08:38:00.648Z] INFO: [Report Send] pratikumbharde141@gmail.com: sending email to pratikumbharde141@gmail.com, subject="Overview — Yadnesh SolutionsoyYadnesh Solutionsoy"
[2026-07-30T08:38:00.660Z] INFO: [SMTP] Preparing scheduled report email: to="pratikumbharde141@gmail.com" company="Yadnesh SolutionsoyYadnesh Solutionsoy" type="Overview"
[2026-07-30T08:38:00.664Z] INFO: [SMTP] Sending email to="pratikumbharde141@gmail.com" subject="Overview — Yadnesh SolutionsoyYadnesh Solutionsoy [30/7/2026]" from="santoshshimpankar.ukvalley@gmail.com"
[2026-07-30T08:38:04.123Z] INFO: [SMTP] Email sent successfully to="pratikumbharde141@gmail.com" messageId="<c10e79af-663f-44dd-03e3-e73d2d2904b7@gmail.com>" response="250 2.0.0 OK  1785400684 5a478bee46e88-31504b670cfsm17316203eec.8 - gsmtp"
[2026-07-30T08:38:04.125Z] INFO: [SMTP] Scheduled report email SENT to="pratikumbharde141@gmail.com" messageId="<c10e79af-663f-44dd-03e3-e73d2d2904b7@gmail.com>"
[2026-07-30T08:38:04.125Z] INFO: [Report Send] pratikumbharde141@gmail.com: email sent successfully (messageId=<c10e79af-663f-44dd-03e3-e73d2d2904b7@gmail.com>)
[2026-07-30T08:38:04.185Z] INFO: [Report Send] pratikumbharde141@gmail.com: SUCCESS — status saved
[2026-07-30T08:38:04.189Z] INFO: [Report Delivery] pratikumbharde141@gmail.com: ✓ report sent successfully
[2026-07-30T08:38:04.191Z] INFO: [Report Delivery] Job complete: 1 sent, 2 not-due, 0 inactive-company, 0 errors (total: 3 schedules)
[2026-07-30T08:38:36.211Z] INFO: Audit log created: SETTINGS.REPORT_SCHEDULE_DELETE {"logId":"6a6b0d8cf1c8366feaf7c644","performedBy":"69f8b601247c51deb2aa1753","companyId":"69f8b601247c51deb2aa1751"}
[2026-07-30T08:39:00.765Z] INFO: [Report Delivery] Cron tick at 2026-07-30T08:39:00.765Z
[2026-07-30T08:39:00.809Z] INFO: [Report Delivery] Found 2 active schedule(s), evaluating each...
[2026-07-30T08:39:00.810Z] INFO: [Report Delivery] ashishshindeukvalley@gmail.com: evaluating (time=11:10, types=[daily], lastSent=Thu Jul 30 2026 14:05:04 GMT+0530 (India Standard Time), lastStatus=success)
[2026-07-30T08:39:00.812Z] INFO: [Schedule Check] ashishshindeukvalley@gmail.com | TZ: Asia/Kolkata | Current: 14:09 weekday=Thu(4) date=30 | Configured time: 11:10 | Types: daily
[2026-07-30T08:39:00.814Z] INFO: [Schedule Check] ashishshindeukvalley@gmail.com → SKIPPED: time mismatch (now=14:09 vs scheduled=11:10)
[2026-07-30T08:39:00.816Z] INFO: [Report Delivery] santoshshimpankar61@gmail.com: evaluating (time=12:02, types=[daily], lastSent=Thu Jul 30 2026 14:05:07 GMT+0530 (India Standard Time), lastStatus=success)
[2026-07-30T08:39:00.821Z] INFO: [Schedule Check] santoshshimpankar61@gmail.com | TZ: Asia/Kolkata | Current: 14:09 weekday=Thu(4) date=30 | Configured time: 12:02 | Types: daily
[2026-07-30T08:39:00.823Z] INFO: [Schedule Check] santoshshimpankar61@gmail.com → SKIPPED: time mismatch (now=14:09 vs scheduled=12:02)
[2026-07-30T08:39:00.825Z] INFO: [Report Delivery] Job complete: 0 sent, 2 not-due, 0 inactive-company, 0 errors (total: 2 schedules)
[2026-07-30T08:39:06.041Z] INFO: Audit log created: SETTINGS.REPORT_SCHEDULE_CREATE {"logId":"6a6b0daaf1c8366feaf7c657","performedBy":"69f8b601247c51deb2aa1753","companyId":"69f8b601247c51deb2aa1751"}
[2026-07-30T08:40:00.268Z] INFO: Starting WhatsApp inactive check job
[2026-07-30T08:40:00.270Z] INFO: [WhatsApp Cron] Processing inactive messages...
[2026-07-30T08:40:00.273Z] INFO: Starting Telegram inactive check job
[2026-07-30T08:40:00.275Z] INFO: [Telegram Cron] Processing inactive messages...
[2026-07-30T08:40:00.286Z] INFO: [Report Delivery] Cron tick at 2026-07-30T08:40:00.286Z
[2026-07-30T08:40:00.293Z] INFO: [WhatsApp Cron] Processed 0 messages, updated 0 SIMs
[2026-07-30T08:40:00.294Z] INFO: WhatsApp inactive check completed: 0 messages processed, 0 SIMs marked inactive
[2026-07-30T08:40:00.297Z] INFO: [Telegram Cron] Processed 0 messages, updated 0 SIMs
[2026-07-30T08:40:00.297Z] INFO: Telegram inactive check completed: 0 messages processed, 0 SIMs marked inactive
[2026-07-30T08:40:00.326Z] INFO: [Report Delivery] Found 3 active schedule(s), evaluating each...
[2026-07-30T08:40:00.327Z] INFO: [Report Delivery] ashishshindeukvalley@gmail.com: evaluating (time=11:10, types=[daily], lastSent=Thu Jul 30 2026 14:05:04 GMT+0530 (India Standard Time), lastStatus=success)
[2026-07-30T08:40:00.328Z] INFO: [Schedule Check] ashishshindeukvalley@gmail.com | TZ: Asia/Kolkata | Current: 14:10 weekday=Thu(4) date=30 | Configured time: 11:10 | Types: daily
[2026-07-30T08:40:00.329Z] INFO: [Schedule Check] ashishshindeukvalley@gmail.com → SKIPPED: time mismatch (now=14:10 vs scheduled=11:10)
[2026-07-30T08:40:00.330Z] INFO: [Report Delivery] santoshshimpankar61@gmail.com: evaluating (time=12:02, types=[daily], lastSent=Thu Jul 30 2026 14:05:07 GMT+0530 (India Standard Time), lastStatus=success)
[2026-07-30T08:40:00.332Z] INFO: [Schedule Check] santoshshimpankar61@gmail.com | TZ: Asia/Kolkata | Current: 14:10 weekday=Thu(4) date=30 | Configured time: 12:02 | Types: daily
[2026-07-30T08:40:00.334Z] INFO: [Schedule Check] santoshshimpankar61@gmail.com → SKIPPED: time mismatch (now=14:10 vs scheduled=12:02)
[2026-07-30T08:40:00.338Z] INFO: [Report Delivery] pratikkumbharde141@gmail.com: evaluating (time=14:10, types=[daily], lastSent=Thu Jul 30 2026 14:10:00 GMT+0530 (India Standard Time), lastStatus=failed)
[2026-07-30T08:40:00.340Z] INFO: [Schedule Check] pratikkumbharde141@gmail.com → SKIPPED: failed 0min ago (2min cooldown)
[2026-07-30T08:40:00.343Z] INFO: [Report Delivery] Job complete: 0 sent, 3 not-due, 0 inactive-company, 0 errors (total: 3 schedules)
[2026-07-30T08:41:00.894Z] INFO: [Report Delivery] Cron tick at 2026-07-30T08:41:00.894Z
[2026-07-30T08:41:00.934Z] INFO: [Report Delivery] Found 3 active schedule(s), evaluating each...
[2026-07-30T08:41:00.940Z] INFO: [Report Delivery] ashishshindeukvalley@gmail.com: evaluating (time=11:10, types=[daily], lastSent=Thu Jul 30 2026 14:05:04 GMT+0530 (India Standard Time), lastStatus=success)
[2026-07-30T08:41:00.944Z] INFO: [Schedule Check] ashishshindeukvalley@gmail.com | TZ: Asia/Kolkata | Current: 14:11 weekday=Thu(4) date=30 | Configured time: 11:10 | Types: daily
[2026-07-30T08:41:00.947Z] INFO: [Schedule Check] ashishshindeukvalley@gmail.com → SKIPPED: time mismatch (now=14:11 vs scheduled=11:10)
[2026-07-30T08:41:00.949Z] INFO: [Report Delivery] santoshshimpankar61@gmail.com: evaluating (time=12:02, types=[daily], lastSent=Thu Jul 30 2026 14:05:07 GMT+0530 (India Standard Time), lastStatus=success)
[2026-07-30T08:41:00.957Z] INFO: [Schedule Check] santoshshimpankar61@gmail.com | TZ: Asia/Kolkata | Current: 14:11 weekday=Thu(4) date=30 | Configured time: 12:02 | Types: daily
[2026-07-30T08:41:00.963Z] INFO: [Schedule Check] santoshshimpankar61@gmail.com → SKIPPED: time mismatch (now=14:11 vs scheduled=12:02)
[2026-07-30T08:41:00.966Z] INFO: [Report Delivery] pratikkumbharde141@gmail.com: evaluating (time=14:10, types=[daily], lastSent=Thu Jul 30 2026 14:10:00 GMT+0530 (India Standard Time), lastStatus=failed)
[2026-07-30T08:41:00.978Z] INFO: [Schedule Check] pratikkumbharde141@gmail.com → SKIPPED: failed 1min ago (2min cooldown)
[2026-07-30T08:41:00.986Z] INFO: [Report Delivery] Job complete: 0 sent, 3 not-due, 0 inactive-company, 0 errors (total: 3 schedules)
[2026-07-30T08:41:42.310Z] INFO: Audit log created: SETTINGS.REPORT_SCHEDULE_CREATE {"logId":"6a6b0e46f1c8366feaf7c6c7","performedBy":"69f8b601247c51deb2aa1753","companyId":"69f8b601247c51deb2aa1751"}
[2026-07-30T08:42:00.341Z] INFO: [Report Delivery] Cron tick at 2026-07-30T08:42:00.341Z
[2026-07-30T08:42:00.372Z] INFO: [Report Delivery] Found 4 active schedule(s), evaluating each...
[2026-07-30T08:42:00.373Z] INFO: [Report Delivery] ashishshindeukvalley@gmail.com: evaluating (time=11:10, types=[daily], lastSent=Thu Jul 30 2026 14:05:04 GMT+0530 (India Standard Time), lastStatus=success)
[2026-07-30T08:42:00.376Z] INFO: [Schedule Check] ashishshindeukvalley@gmail.com | TZ: Asia/Kolkata | Current: 14:12 weekday=Thu(4) date=30 | Configured time: 11:10 | Types: daily
[2026-07-30T08:42:00.377Z] INFO: [Schedule Check] ashishshindeukvalley@gmail.com → SKIPPED: time mismatch (now=14:12 vs scheduled=11:10)
[2026-07-30T08:42:00.379Z] INFO: [Report Delivery] santoshshimpankar61@gmail.com: evaluating (time=12:02, types=[daily], lastSent=Thu Jul 30 2026 14:05:07 GMT+0530 (India Standard Time), lastStatus=success)
[2026-07-30T08:42:00.381Z] INFO: [Schedule Check] santoshshimpankar61@gmail.com | TZ: Asia/Kolkata | Current: 14:12 weekday=Thu(4) date=30 | Configured time: 12:02 | Types: daily
[2026-07-30T08:42:00.384Z] INFO: [Schedule Check] santoshshimpankar61@gmail.com → SKIPPED: time mismatch (now=14:12 vs scheduled=12:02)
[2026-07-30T08:42:00.388Z] INFO: [Report Delivery] pratikkumbharde141@gmail.com: evaluating (time=14:10, types=[daily], lastSent=Thu Jul 30 2026 14:10:00 GMT+0530 (India Standard Time), lastStatus=failed)
[2026-07-30T08:42:00.393Z] INFO: [Schedule Check] pratikkumbharde141@gmail.com → RETRY: failed 2min ago, retrying now
[2026-07-30T08:42:00.394Z] INFO: [Report Delivery] pratikkumbharde141@gmail.com: sending report...
[2026-07-30T08:42:00.395Z] INFO: [Report Send] pratikkumbharde141@gmail.com: using populated company "Yadnesh SolutionsoyYadnesh Solutionsoy" (69f8b601247c51deb2aa1751)
[2026-07-30T08:42:00.396Z] INFO: [Report Send] pratikkumbharde141@gmail.com: generating report data for company "Yadnesh SolutionsoyYadnesh Solutionsoy", types=[overview]
[2026-07-30T08:42:00.411Z] INFO: [Report Data] Generating report for company "Yadnesh SolutionsoyYadnesh Solutionsoy" (69f8b601247c51deb2aa1751), types=[overview]
[2026-07-30T08:42:00.524Z] INFO: [Report Data] Overview data loaded: sims={"total":21,"active":20,"inactive":1}, recharges={"monthlyTotal":0,"monthlyCount":0,"upcoming":[],"overdue":5}
[2026-07-30T08:42:00.556Z] INFO: [Report Send] pratikkumbharde141@gmail.com: report data generated successfully (sims=true, recharges=true, callStats=true)
[2026-07-30T08:42:00.558Z] INFO: [Report Send] pratikkumbharde141@gmail.com: sending email to pratikkumbharde141@gmail.com, subject="Overview — Yadnesh SolutionsoyYadnesh Solutionsoy"
[2026-07-30T08:42:00.561Z] INFO: [SMTP] Preparing scheduled report email: to="pratikkumbharde141@gmail.com" company="Yadnesh SolutionsoyYadnesh Solutionsoy" type="Overview"
[2026-07-30T08:42:00.562Z] INFO: [SMTP] Sending email to="pratikkumbharde141@gmail.com" subject="Overview — Yadnesh SolutionsoyYadnesh Solutionsoy [30/7/2026]" from="santoshshimpankar.ukvalley@gmail.com"
[2026-07-30T08:42:04.486Z] INFO: [SMTP] Email sent successfully to="pratikkumbharde141@gmail.com" messageId="<6f1158d6-732f-3fa2-bf53-c667cdc883b2@gmail.com>" response="250 2.0.0 OK  1785400925 5a478bee46e88-31504cc9dffsm20304924eec.14 - gsmtp"
[2026-07-30T08:42:04.487Z] INFO: [SMTP] Scheduled report email SENT to="pratikkumbharde141@gmail.com" messageId="<6f1158d6-732f-3fa2-bf53-c667cdc883b2@gmail.com>"
[2026-07-30T08:42:04.488Z] INFO: [Report Send] pratikkumbharde141@gmail.com: email sent successfully (messageId=<6f1158d6-732f-3fa2-bf53-c667cdc883b2@gmail.com>)
[2026-07-30T08:42:04.511Z] INFO: [Report Send] pratikkumbharde141@gmail.com: SUCCESS — status saved
[2026-07-30T08:42:04.512Z] INFO: [Report Delivery] pratikkumbharde141@gmail.com: ✓ report sent successfully
[2026-07-30T08:42:04.513Z] INFO: [Report Delivery] pratikumbharde141@gmail.com: evaluating (time=14:12, types=[daily], lastSent=Thu Jul 30 2026 14:12:00 GMT+0530 (India Standard Time), lastStatus=failed)
[2026-07-30T08:42:04.516Z] INFO: [Schedule Check] pratikumbharde141@gmail.com → SKIPPED: failed 0min ago (2min cooldown)
[2026-07-30T08:42:04.520Z] INFO: [Report Delivery] Job complete: 1 sent, 3 not-due, 0 inactive-company, 0 errors (total: 4 schedules)
[2026-07-30T08:43:00.806Z] INFO: [Report Delivery] Cron tick at 2026-07-30T08:43:00.806Z
[2026-07-30T08:43:00.841Z] INFO: [Report Delivery] Found 4 active schedule(s), evaluating each...
[2026-07-30T08:43:00.842Z] INFO: [Report Delivery] ashishshindeukvalley@gmail.com: evaluating (time=11:10, types=[daily], lastSent=Thu Jul 30 2026 14:05:04 GMT+0530 (India Standard Time), lastStatus=success)
[2026-07-30T08:43:00.843Z] INFO: [Schedule Check] ashishshindeukvalley@gmail.com | TZ: Asia/Kolkata | Current: 14:13 weekday=Thu(4) date=30 | Configured time: 11:10 | Types: daily
[2026-07-30T08:43:00.844Z] INFO: [Schedule Check] ashishshindeukvalley@gmail.com → SKIPPED: time mismatch (now=14:13 vs scheduled=11:10)
[2026-07-30T08:43:00.845Z] INFO: [Report Delivery] santoshshimpankar61@gmail.com: evaluating (time=12:02, types=[daily], lastSent=Thu Jul 30 2026 14:05:07 GMT+0530 (India Standard Time), lastStatus=success)
[2026-07-30T08:43:00.847Z] INFO: [Schedule Check] santoshshimpankar61@gmail.com | TZ: Asia/Kolkata | Current: 14:13 weekday=Thu(4) date=30 | Configured time: 12:02 | Types: daily
[2026-07-30T08:43:00.848Z] INFO: [Schedule Check] santoshshimpankar61@gmail.com → SKIPPED: time mismatch (now=14:13 vs scheduled=12:02)
[2026-07-30T08:43:00.852Z] INFO: [Report Delivery] pratikkumbharde141@gmail.com: evaluating (time=14:10, types=[daily], lastSent=Thu Jul 30 2026 14:12:04 GMT+0530 (India Standard Time), lastStatus=success)
[2026-07-30T08:43:00.854Z] INFO: [Schedule Check] pratikkumbharde141@gmail.com | TZ: Asia/Kolkata | Current: 14:13 weekday=Thu(4) date=30 | Configured time: 14:10 | Types: daily
[2026-07-30T08:43:00.855Z] INFO: [Schedule Check] pratikkumbharde141@gmail.com → SKIPPED: time mismatch (now=14:13 vs scheduled=14:10)
[2026-07-30T08:43:00.856Z] INFO: [Report Delivery] pratikumbharde141@gmail.com: evaluating (time=14:12, types=[daily], lastSent=Thu Jul 30 2026 14:12:00 GMT+0530 (India Standard Time), lastStatus=failed)
[2026-07-30T08:43:00.857Z] INFO: [Schedule Check] pratikumbharde141@gmail.com → SKIPPED: failed 1min ago (2min cooldown)
[2026-07-30T08:43:00.858Z] INFO: [Report Delivery] Job complete: 0 sent, 4 not-due, 0 inactive-company, 0 errors (total: 4 schedules)
[2026-07-30T08:44:00.256Z] INFO: [Report Delivery] Cron tick at 2026-07-30T08:44:00.256Z
[2026-07-30T08:44:00.413Z] INFO: [Report Delivery] Found 4 active schedule(s), evaluating each...
[2026-07-30T08:44:00.426Z] INFO: [Report Delivery] ashishshindeukvalley@gmail.com: evaluating (time=11:10, types=[daily], lastSent=Thu Jul 30 2026 14:05:04 GMT+0530 (India Standard Time), lastStatus=success)
[2026-07-30T08:44:00.462Z] INFO: [Schedule Check] ashishshindeukvalley@gmail.com | TZ: Asia/Kolkata | Current: 14:14 weekday=Thu(4) date=30 | Configured time: 11:10 | Types: daily
[2026-07-30T08:44:00.472Z] INFO: [Schedule Check] ashishshindeukvalley@gmail.com → SKIPPED: time mismatch (now=14:14 vs scheduled=11:10)
[2026-07-30T08:44:00.475Z] INFO: [Report Delivery] santoshshimpankar61@gmail.com: evaluating (time=12:02, types=[daily], lastSent=Thu Jul 30 2026 14:05:07 GMT+0530 (India Standard Time), lastStatus=success)
[2026-07-30T08:44:00.488Z] INFO: [Schedule Check] santoshshimpankar61@gmail.com | TZ: Asia/Kolkata | Current: 14:14 weekday=Thu(4) date=30 | Configured time: 12:02 | Types: daily
[2026-07-30T08:44:00.493Z] INFO: [Schedule Check] santoshshimpankar61@gmail.com → SKIPPED: time mismatch (now=14:14 vs scheduled=12:02)
[2026-07-30T08:44:00.506Z] INFO: [Report Delivery] pratikkumbharde141@gmail.com: evaluating (time=14:10, types=[daily], lastSent=Thu Jul 30 2026 14:12:04 GMT+0530 (India Standard Time), lastStatus=success)
[2026-07-30T08:44:00.519Z] INFO: [Schedule Check] pratikkumbharde141@gmail.com | TZ: Asia/Kolkata | Current: 14:14 weekday=Thu(4) date=30 | Configured time: 14:10 | Types: daily
[2026-07-30T08:44:00.541Z] INFO: [Schedule Check] pratikkumbharde141@gmail.com → SKIPPED: time mismatch (now=14:14 vs scheduled=14:10)
[2026-07-30T08:44:00.655Z] INFO: [Report Delivery] pratikumbharde141@gmail.com: evaluating (time=14:12, types=[daily], lastSent=Thu Jul 30 2026 14:12:00 GMT+0530 (India Standard Time), lastStatus=failed)
[2026-07-30T08:44:00.681Z] INFO: [Schedule Check] pratikumbharde141@gmail.com → SKIPPED: failed 2min ago (2min cooldown)
[2026-07-30T08:44:00.710Z] INFO: [Report Delivery] Job complete: 0 sent, 4 not-due, 0 inactive-company, 0 errors (total: 4 schedules)
[2026-07-30T08:44:45.843Z] INFO: Email configuration check {"hasHost":true,"host":"smtp.gmail.com","port":587,"hasUser":true,"hasPass":true,"hasFrom":true}
[2026-07-30T08:44:45.855Z] INFO: Email service initialized successfully (SMTP) {"host":"smtp.gmail.com","port":587,"user":"santoshshimpankar.ukvalley@gmail.com"}
[2026-07-30T08:44:49.397Z] INFO: [WhatsApp] Twilio client initialized successfully
[2026-07-30T08:44:49.452Z] INFO: [Telegram] Bot token configured, service ready
[2026-07-30T08:44:51.208Z] INFO: Initializing cron jobs...
[2026-07-30T08:44:51.281Z] INFO: Job recharge-reminder scheduled: 0 9 * * *
[2026-07-30T08:44:51.292Z] INFO: Job inactive-sim-alert scheduled: 0 10 * * *
[2026-07-30T08:44:51.294Z] INFO: Job subscription-expiry-check scheduled: 0 8 * * *
[2026-07-30T08:44:51.298Z] INFO: Job data-cleanup scheduled: 0 2 * * 0
[2026-07-30T08:44:51.304Z] INFO: Job whatsapp-inactive-check scheduled: */5 * * * *
[2026-07-30T08:44:51.309Z] INFO: Job telegram-inactive-check scheduled: */5 * * * *
[2026-07-30T08:44:51.313Z] INFO: Job wifi-alert-check scheduled: */20 * * * *
[2026-07-30T08:44:51.353Z] INFO: Job wifi-metrics-cleanup scheduled: 0 3 * * 0
[2026-07-30T08:44:51.384Z] INFO: Job report-delivery scheduled: * * * * *
[2026-07-30T08:44:51.388Z] INFO: Job stale-payment-cleanup scheduled: */30 * * * *
[2026-07-30T08:44:51.388Z] INFO: All cron jobs initialized
[2026-07-30T08:44:51.803Z] INFO: Email transporter verified successfully - emails will be sent
[2026-07-30T08:45:00.382Z] INFO: Starting WhatsApp inactive check job
[2026-07-30T08:45:00.385Z] INFO: [WhatsApp Cron] Processing inactive messages...
[2026-07-30T08:45:00.391Z] INFO: Starting Telegram inactive check job
[2026-07-30T08:45:00.393Z] INFO: [Telegram Cron] Processing inactive messages...
[2026-07-30T08:45:00.406Z] INFO: [WhatsApp Cron] Processed 0 messages, updated 0 SIMs
[2026-07-30T08:45:00.407Z] INFO: WhatsApp inactive check completed: 0 messages processed, 0 SIMs marked inactive
[2026-07-30T08:45:00.412Z] INFO: [Telegram Cron] Processed 0 messages, updated 0 SIMs
[2026-07-30T08:45:00.413Z] INFO: Telegram inactive check completed: 0 messages processed, 0 SIMs marked inactive
[2026-07-30T08:45:00.490Z] INFO: [Report Delivery] Cron tick at 2026-07-30T08:45:00.490Z
[2026-07-30T08:45:00.526Z] INFO: [Report Delivery] Found 4 active schedule(s), evaluating each...
[2026-07-30T08:45:00.527Z] INFO: [Report Delivery] ashishshindeukvalley@gmail.com: evaluating (time=11:10, types=[daily], lastSent=Thu Jul 30 2026 14:05:04 GMT+0530 (India Standard Time), lastStatus=success)
[2026-07-30T08:45:00.532Z] INFO: [Schedule Check] ashishshindeukvalley@gmail.com | TZ: Asia/Kolkata | Current: 14:15 weekday=Thu(4) date=30 | Configured time: 11:10 | Types: daily
[2026-07-30T08:45:00.533Z] INFO: [Schedule Check] ashishshindeukvalley@gmail.com → SKIPPED: time mismatch (now=14:15 vs scheduled=11:10)
[2026-07-30T08:45:00.535Z] INFO: [Report Delivery] santoshshimpankar61@gmail.com: evaluating (time=12:02, types=[daily], lastSent=Thu Jul 30 2026 14:05:07 GMT+0530 (India Standard Time), lastStatus=success)
[2026-07-30T08:45:00.536Z] INFO: [Schedule Check] santoshshimpankar61@gmail.com | TZ: Asia/Kolkata | Current: 14:15 weekday=Thu(4) date=30 | Configured time: 12:02 | Types: daily
[2026-07-30T08:45:00.537Z] INFO: [Schedule Check] santoshshimpankar61@gmail.com → SKIPPED: time mismatch (now=14:15 vs scheduled=12:02)
[2026-07-30T08:45:00.538Z] INFO: [Report Delivery] pratikkumbharde141@gmail.com: evaluating (time=14:10, types=[daily], lastSent=Thu Jul 30 2026 14:12:04 GMT+0530 (India Standard Time), lastStatus=success)
[2026-07-30T08:45:00.539Z] INFO: [Schedule Check] pratikkumbharde141@gmail.com | TZ: Asia/Kolkata | Current: 14:15 weekday=Thu(4) date=30 | Configured time: 14:10 | Types: daily
[2026-07-30T08:45:00.540Z] INFO: [Schedule Check] pratikkumbharde141@gmail.com → SKIPPED: time mismatch (now=14:15 vs scheduled=14:10)
[2026-07-30T08:45:00.541Z] INFO: [Report Delivery] pratikumbharde141@gmail.com: evaluating (time=14:12, types=[daily], lastSent=Thu Jul 30 2026 14:12:00 GMT+0530 (India Standard Time), lastStatus=failed)
[2026-07-30T08:45:00.543Z] INFO: [Schedule Check] pratikumbharde141@gmail.com → RETRY: failed 3min ago, retrying now
[2026-07-30T08:45:00.544Z] INFO: [Report Delivery] pratikumbharde141@gmail.com: sending report...
[2026-07-30T08:45:00.548Z] INFO: [Report Send] pratikumbharde141@gmail.com: using populated company "Yadnesh SolutionsoyYadnesh Solutionsoy" (69f8b601247c51deb2aa1751)
[2026-07-30T08:45:00.551Z] INFO: [Report Send] pratikumbharde141@gmail.com: generating report data for company "Yadnesh SolutionsoyYadnesh Solutionsoy", types=[overview]
[2026-07-30T08:45:00.569Z] INFO: [Report Data] Generating report for company "Yadnesh SolutionsoyYadnesh Solutionsoy" (69f8b601247c51deb2aa1751), types=[overview]
[2026-07-30T08:45:00.696Z] INFO: [Report Data] Overview data loaded: sims={"total":21,"active":20,"inactive":1}, recharges={"monthlyTotal":0,"monthlyCount":0,"upcoming":[],"overdue":5}
[2026-07-30T08:45:00.733Z] INFO: [Report Send] pratikumbharde141@gmail.com: report data generated successfully (sims=true, recharges=true, callStats=true)
[2026-07-30T08:45:00.734Z] INFO: [Report Send] pratikumbharde141@gmail.com: sending email to pratikumbharde141@gmail.com, subject="Overview — Yadnesh SolutionsoyYadnesh Solutionsoy"
[2026-07-30T08:45:00.774Z] INFO: [SMTP] Preparing scheduled report email: to="pratikumbharde141@gmail.com" company="Yadnesh SolutionsoyYadnesh Solutionsoy" type="Overview"
[2026-07-30T08:45:00.776Z] INFO: [SMTP] Sending email to="pratikumbharde141@gmail.com" subject="Overview — Yadnesh SolutionsoyYadnesh Solutionsoy [30/7/2026]" from="santoshshimpankar.ukvalley@gmail.com"
[2026-07-30T08:45:12.051Z] INFO: Email configuration check {"hasHost":true,"host":"smtp.gmail.com","port":587,"hasUser":true,"hasPass":true,"hasFrom":true}
[2026-07-30T08:45:12.061Z] INFO: Email service initialized successfully (SMTP) {"host":"smtp.gmail.com","port":587,"user":"santoshshimpankar.ukvalley@gmail.com"}
[2026-07-30T08:45:13.211Z] INFO: [WhatsApp] Twilio client initialized successfully
[2026-07-30T08:45:13.306Z] INFO: [Telegram] Bot token configured, service ready
[2026-07-30T08:45:14.572Z] INFO: Initializing cron jobs...
[2026-07-30T08:45:14.610Z] INFO: Job recharge-reminder scheduled: 0 9 * * *
[2026-07-30T08:45:14.612Z] INFO: Job inactive-sim-alert scheduled: 0 10 * * *
[2026-07-30T08:45:14.614Z] INFO: Job subscription-expiry-check scheduled: 0 8 * * *
[2026-07-30T08:45:14.618Z] INFO: Job data-cleanup scheduled: 0 2 * * 0
[2026-07-30T08:45:14.620Z] INFO: Job whatsapp-inactive-check scheduled: */5 * * * *
[2026-07-30T08:45:14.621Z] INFO: Job telegram-inactive-check scheduled: */5 * * * *
[2026-07-30T08:45:14.622Z] INFO: Job wifi-alert-check scheduled: */20 * * * *
[2026-07-30T08:45:14.624Z] INFO: Job wifi-metrics-cleanup scheduled: 0 3 * * 0
[2026-07-30T08:45:14.625Z] INFO: Job report-delivery scheduled: * * * * *
[2026-07-30T08:45:14.627Z] INFO: Job stale-payment-cleanup scheduled: */30 * * * *
[2026-07-30T08:45:14.628Z] INFO: All cron jobs initialized
[2026-07-30T08:45:15.287Z] INFO: Email transporter verified successfully - emails will be sent
[2026-07-30T08:45:31.841Z] INFO: Audit log created: SETTINGS.REPORT_SCHEDULE_DELETE {"logId":"6a6b0f2bc5da6dcc8ea21896","performedBy":"69f8b601247c51deb2aa1753","companyId":"69f8b601247c51deb2aa1751"}
[2026-07-30T08:45:35.147Z] INFO: Audit log created: SETTINGS.REPORT_SCHEDULE_DELETE {"logId":"6a6b0f2fc5da6dcc8ea218a4","performedBy":"69f8b601247c51deb2aa1753","companyId":"69f8b601247c51deb2aa1751"}
[2026-07-30T08:46:00.062Z] INFO: [Report Delivery] Cron tick at 2026-07-30T08:46:00.061Z
[2026-07-30T08:46:00.097Z] INFO: [Report Delivery] Found 2 active schedule(s), evaluating each...
[2026-07-30T08:46:00.098Z] INFO: [Report Delivery] ashishshindeukvalley@gmail.com: evaluating (time=11:10, types=[daily], lastSent=Thu Jul 30 2026 14:05:04 GMT+0530 (India Standard Time), lastStatus=success)
[2026-07-30T08:46:00.101Z] INFO: [Schedule Check] ashishshindeukvalley@gmail.com | TZ: Asia/Kolkata | Current: 14:16 weekday=Thu(4) date=30 | Configured time: 11:10 | Types: daily
[2026-07-30T08:46:00.102Z] INFO: [Schedule Check] ashishshindeukvalley@gmail.com → SKIPPED: time mismatch (now=14:16 vs scheduled=11:10)
[2026-07-30T08:46:00.103Z] INFO: [Report Delivery] santoshshimpankar61@gmail.com: evaluating (time=12:02, types=[daily], lastSent=Thu Jul 30 2026 14:05:07 GMT+0530 (India Standard Time), lastStatus=success)
[2026-07-30T08:46:00.106Z] INFO: [Schedule Check] santoshshimpankar61@gmail.com | TZ: Asia/Kolkata | Current: 14:16 weekday=Thu(4) date=30 | Configured time: 12:02 | Types: daily
[2026-07-30T08:46:00.109Z] INFO: [Schedule Check] santoshshimpankar61@gmail.com → SKIPPED: time mismatch (now=14:16 vs scheduled=12:02)
[2026-07-30T08:46:00.112Z] INFO: [Report Delivery] Job complete: 0 sent, 2 not-due, 0 inactive-company, 0 errors (total: 2 schedules)
[2026-07-30T08:46:00.657Z] INFO: Audit log created: SETTINGS.REPORT_SCHEDULE_CREATE {"logId":"6a6b0f48c5da6dcc8ea21904","performedBy":"69f8b601247c51deb2aa1753","companyId":"69f8b601247c51deb2aa1751"}
[2026-07-30T08:47:00.599Z] INFO: [Report Delivery] Cron tick at 2026-07-30T08:47:00.599Z
[2026-07-30T08:47:00.866Z] INFO: [Report Delivery] Found 3 active schedule(s), evaluating each...
[2026-07-30T08:47:00.867Z] INFO: [Report Delivery] ashishshindeukvalley@gmail.com: evaluating (time=11:10, types=[daily], lastSent=Thu Jul 30 2026 14:05:04 GMT+0530 (India Standard Time), lastStatus=success)
[2026-07-30T08:47:00.868Z] INFO: [Schedule Check] ashishshindeukvalley@gmail.com | TZ: Asia/Kolkata | Current: 14:17 weekday=Thu(4) date=30 | Configured time: 11:10 | Types: daily
[2026-07-30T08:47:00.870Z] INFO: [Schedule Check] ashishshindeukvalley@gmail.com → SKIPPED: time mismatch (now=14:17 vs scheduled=11:10)
[2026-07-30T08:47:00.871Z] INFO: [Report Delivery] santoshshimpankar61@gmail.com: evaluating (time=12:02, types=[daily], lastSent=Thu Jul 30 2026 14:05:07 GMT+0530 (India Standard Time), lastStatus=success)
[2026-07-30T08:47:00.873Z] INFO: [Schedule Check] santoshshimpankar61@gmail.com | TZ: Asia/Kolkata | Current: 14:17 weekday=Thu(4) date=30 | Configured time: 12:02 | Types: daily
[2026-07-30T08:47:00.874Z] INFO: [Schedule Check] santoshshimpankar61@gmail.com → SKIPPED: time mismatch (now=14:17 vs scheduled=12:02)
[2026-07-30T08:47:00.874Z] INFO: [Report Delivery] pratikkumbharde141@gmail.com: evaluating (time=14:16, types=[daily], lastSent=Thu Jul 30 2026 14:17:00 GMT+0530 (India Standard Time), lastStatus=failed)
[2026-07-30T08:47:00.875Z] INFO: [Schedule Check] pratikkumbharde141@gmail.com → SKIPPED: failed 0min ago (2min cooldown)
[2026-07-30T08:47:00.876Z] INFO: [Report Delivery] Job complete: 0 sent, 3 not-due, 0 inactive-company, 0 errors (total: 3 schedules)
[2026-07-30T08:47:30.000Z] INFO: Email configuration check {"hasHost":true,"host":"smtp.gmail.com","port":587,"hasUser":true,"hasPass":true,"hasFrom":true}
[2026-07-30T08:47:30.011Z] INFO: Email service initialized successfully (SMTP) {"host":"smtp.gmail.com","port":587,"user":"santoshshimpankar.ukvalley@gmail.com"}
[2026-07-30T08:47:31.125Z] INFO: [WhatsApp] Twilio client initialized successfully
[2026-07-30T08:47:31.142Z] INFO: [Telegram] Bot token configured, service ready
[2026-07-30T08:47:32.285Z] INFO: Initializing cron jobs...
[2026-07-30T08:47:32.332Z] INFO: Job recharge-reminder scheduled: 0 9 * * *
[2026-07-30T08:47:32.338Z] INFO: Job inactive-sim-alert scheduled: 0 10 * * *
[2026-07-30T08:47:32.341Z] INFO: Job subscription-expiry-check scheduled: 0 8 * * *
[2026-07-30T08:47:32.343Z] INFO: Job data-cleanup scheduled: 0 2 * * 0
[2026-07-30T08:47:32.347Z] INFO: Job whatsapp-inactive-check scheduled: */5 * * * *
[2026-07-30T08:47:32.353Z] INFO: Job telegram-inactive-check scheduled: */5 * * * *
[2026-07-30T08:47:32.360Z] INFO: Job wifi-alert-check scheduled: */20 * * * *
[2026-07-30T08:47:32.363Z] INFO: Job wifi-metrics-cleanup scheduled: 0 3 * * 0
[2026-07-30T08:47:32.370Z] INFO: Job report-delivery scheduled: * * * * *
[2026-07-30T08:47:32.373Z] INFO: Job stale-payment-cleanup scheduled: */30 * * * *
[2026-07-30T08:47:32.376Z] INFO: All cron jobs initialized
[2026-07-30T08:47:33.012Z] INFO: Email transporter verified successfully - emails will be sent
[2026-07-30T08:48:00.602Z] INFO: [Report Delivery] Cron tick at 2026-07-30T08:48:00.602Z
[2026-07-30T08:48:00.633Z] INFO: [Report Delivery] Found 3 active schedule(s), evaluating each...
[2026-07-30T08:48:00.634Z] INFO: [Report Delivery] ashishshindeukvalley@gmail.com: evaluating (time=11:10, types=[daily], lastSent=Thu Jul 30 2026 14:05:04 GMT+0530 (India Standard Time), lastStatus=success)
[2026-07-30T08:48:00.637Z] INFO: [Schedule Check] ashishshindeukvalley@gmail.com | TZ: Asia/Kolkata | Current: 14:18 weekday=Thu(4) date=30 | Configured time: 11:10 | Types: daily
[2026-07-30T08:48:00.638Z] INFO: [Schedule Check] ashishshindeukvalley@gmail.com → SKIPPED: time mismatch (now=14:18 vs scheduled=11:10)
[2026-07-30T08:48:00.639Z] INFO: [Report Delivery] santoshshimpankar61@gmail.com: evaluating (time=12:02, types=[daily], lastSent=Thu Jul 30 2026 14:05:07 GMT+0530 (India Standard Time), lastStatus=success)
[2026-07-30T08:48:00.642Z] INFO: [Schedule Check] santoshshimpankar61@gmail.com | TZ: Asia/Kolkata | Current: 14:18 weekday=Thu(4) date=30 | Configured time: 12:02 | Types: daily
[2026-07-30T08:48:00.642Z] INFO: [Schedule Check] santoshshimpankar61@gmail.com → SKIPPED: time mismatch (now=14:18 vs scheduled=12:02)
[2026-07-30T08:48:00.644Z] INFO: [Report Delivery] pratikkumbharde141@gmail.com: evaluating (time=14:16, types=[daily], lastSent=Thu Jul 30 2026 14:17:00 GMT+0530 (India Standard Time), lastStatus=failed)
[2026-07-30T08:48:00.645Z] INFO: [Schedule Check] pratikkumbharde141@gmail.com → SKIPPED: failed 1min ago (2min cooldown)
[2026-07-30T08:48:00.646Z] INFO: [Report Delivery] Job complete: 0 sent, 3 not-due, 0 inactive-company, 0 errors (total: 3 schedules)
[2026-07-30T08:52:38.324Z] INFO: Email configuration check {"hasHost":true,"host":"smtp.gmail.com","port":587,"hasUser":true,"hasPass":true,"hasFrom":true}
[2026-07-30T08:52:38.351Z] INFO: Email service initialized successfully (SMTP) {"host":"smtp.gmail.com","port":587,"user":"santoshshimpankar.ukvalley@gmail.com"}
[2026-07-30T08:52:41.672Z] INFO: [WhatsApp] Twilio client initialized successfully
[2026-07-30T08:52:41.701Z] INFO: [Telegram] Bot token configured, service ready
[2026-07-30T08:52:43.017Z] INFO: Initializing cron jobs...
[2026-07-30T08:52:43.108Z] INFO: Job recharge-reminder scheduled: 0 9 * * *
[2026-07-30T08:52:43.110Z] INFO: Job inactive-sim-alert scheduled: 0 10 * * *
[2026-07-30T08:52:43.111Z] INFO: Job subscription-expiry-check scheduled: 0 8 * * *
[2026-07-30T08:52:43.113Z] INFO: Job data-cleanup scheduled: 0 2 * * 0
[2026-07-30T08:52:43.116Z] INFO: Job whatsapp-inactive-check scheduled: */5 * * * *
[2026-07-30T08:52:43.118Z] INFO: Job telegram-inactive-check scheduled: */5 * * * *
[2026-07-30T08:52:43.119Z] INFO: Job wifi-alert-check scheduled: */20 * * * *
[2026-07-30T08:52:43.120Z] INFO: Job wifi-metrics-cleanup scheduled: 0 3 * * 0
[2026-07-30T08:52:43.122Z] INFO: Job report-delivery scheduled: * * * * *
[2026-07-30T08:52:43.126Z] INFO: Job stale-payment-cleanup scheduled: */30 * * * *
[2026-07-30T08:52:43.128Z] INFO: All cron jobs initialized
[2026-07-30T08:52:43.748Z] INFO: Email transporter verified successfully - emails will be sent
[2026-07-30T08:53:00.278Z] INFO: [Report Delivery] Cron tick at 2026-07-30T08:53:00.278Z
[2026-07-30T08:53:00.335Z] INFO: [Report Delivery] Found 3 active schedule(s), evaluating each...
[2026-07-30T08:53:00.337Z] INFO: [Report Delivery] ashishshindeukvalley@gmail.com: evaluating (time=11:10, types=[daily], lastSent=Thu Jul 30 2026 14:05:04 GMT+0530 (India Standard Time), lastStatus=success)
[2026-07-30T08:53:00.343Z] INFO: [Schedule Check] ashishshindeukvalley@gmail.com | TZ: Asia/Kolkata | Current: 14:23 weekday=Thu(4) date=30 | Configured time: 11:10 | Types: daily
[2026-07-30T08:53:00.344Z] INFO: [Schedule Check] ashishshindeukvalley@gmail.com → SKIPPED: time mismatch (now=14:23 vs scheduled=11:10)
[2026-07-30T08:53:00.346Z] INFO: [Report Delivery] santoshshimpankar61@gmail.com: evaluating (time=12:02, types=[daily], lastSent=Thu Jul 30 2026 14:05:07 GMT+0530 (India Standard Time), lastStatus=success)
[2026-07-30T08:53:00.349Z] INFO: [Schedule Check] santoshshimpankar61@gmail.com | TZ: Asia/Kolkata | Current: 14:23 weekday=Thu(4) date=30 | Configured time: 12:02 | Types: daily
[2026-07-30T08:53:00.350Z] INFO: [Schedule Check] santoshshimpankar61@gmail.com → SKIPPED: time mismatch (now=14:23 vs scheduled=12:02)
[2026-07-30T08:53:00.351Z] INFO: [Report Delivery] pratikkumbharde141@gmail.com: evaluating (time=14:16, types=[daily], lastSent=Thu Jul 30 2026 14:17:00 GMT+0530 (India Standard Time), lastStatus=failed)
[2026-07-30T08:53:00.352Z] INFO: [Schedule Check] pratikkumbharde141@gmail.com → RETRY: failed 6min ago, retrying now
[2026-07-30T08:53:00.353Z] INFO: [Report Delivery] pratikkumbharde141@gmail.com: sending report...
[2026-07-30T08:53:00.355Z] INFO: [Report Send] pratikkumbharde141@gmail.com: using populated company "Yadnesh SolutionsoyYadnesh Solutionsoy" (69f8b601247c51deb2aa1751)
[2026-07-30T08:53:00.356Z] INFO: [Report Send] pratikkumbharde141@gmail.com: generating report data for company "Yadnesh SolutionsoyYadnesh Solutionsoy", types=[overview]
[2026-07-30T08:53:00.376Z] INFO: [Report Data] Generating report for company "Yadnesh SolutionsoyYadnesh Solutionsoy" (69f8b601247c51deb2aa1751), types=[overview]
[2026-07-30T08:53:00.516Z] INFO: [Report Data] Overview data loaded: sims={"total":21,"active":20,"inactive":1}, recharges={"monthlyTotal":0,"monthlyCount":0,"upcoming":[],"overdue":5}
[2026-07-30T08:53:00.555Z] INFO: [Report Send] pratikkumbharde141@gmail.com: report data generated successfully (sims=true, recharges=true, callStats=true)
[2026-07-30T08:53:00.556Z] INFO: [Report Send] pratikkumbharde141@gmail.com: sending email to pratikkumbharde141@gmail.com, subject="Overview — Yadnesh SolutionsoyYadnesh Solutionsoy"
[2026-07-30T08:53:00.602Z] INFO: [SMTP] Preparing scheduled report email: to="pratikkumbharde141@gmail.com" company="Yadnesh SolutionsoyYadnesh Solutionsoy" type="Overview"
[2026-07-30T08:53:00.604Z] INFO: [SMTP] Sending email to="pratikkumbharde141@gmail.com" subject="Overview — Yadnesh SolutionsoyYadnesh Solutionsoy [30/7/2026]" from="santoshshimpankar.ukvalley@gmail.com"
[2026-07-30T08:53:03.629Z] INFO: [SMTP] Email sent successfully to="pratikkumbharde141@gmail.com" messageId="<36e0cea8-8edd-89d0-29e5-5d4ad6b6c217@gmail.com>" response="250 2.0.0 OK  1785401584 5a478bee46e88-31504cc63fesm17279810eec.15 - gsmtp"
[2026-07-30T08:53:03.631Z] INFO: [SMTP] Scheduled report email SENT to="pratikkumbharde141@gmail.com" messageId="<36e0cea8-8edd-89d0-29e5-5d4ad6b6c217@gmail.com>"
[2026-07-30T08:53:03.632Z] INFO: [Report Send] pratikkumbharde141@gmail.com: email sent successfully (messageId=<36e0cea8-8edd-89d0-29e5-5d4ad6b6c217@gmail.com>)
[2026-07-30T08:53:03.670Z] INFO: [Report Send] pratikkumbharde141@gmail.com: SUCCESS — status saved
[2026-07-30T08:53:03.671Z] INFO: [Report Delivery] pratikkumbharde141@gmail.com: ✓ report sent successfully
[2026-07-30T08:53:03.672Z] INFO: [Report Delivery] Job complete: 1 sent, 2 not-due, 0 inactive-company, 0 errors (total: 3 schedules)
[2026-07-30T08:53:08.321Z] INFO: Audit log created: AUTH.USER_LOGIN {"logId":"6a6b10f44915495fbe59a6d0","performedBy":"69f8b601247c51deb2aa1753","companyId":"69f8b601247c51deb2aa1751"}
[2026-07-30T08:54:00.871Z] INFO: [Report Delivery] Cron tick at 2026-07-30T08:54:00.871Z
[2026-07-30T08:54:00.903Z] INFO: [Report Delivery] Found 3 active schedule(s), evaluating each...
[2026-07-30T08:54:00.905Z] INFO: [Report Delivery] ashishshindeukvalley@gmail.com: evaluating (time=11:10, types=[daily], lastSent=Thu Jul 30 2026 14:05:04 GMT+0530 (India Standard Time), lastStatus=success)
[2026-07-30T08:54:00.907Z] INFO: [Schedule Check] ashishshindeukvalley@gmail.com | TZ: Asia/Kolkata | Current: 14:24 weekday=Thu(4) date=30 | Configured time: 11:10 | Types: daily
[2026-07-30T08:54:00.908Z] INFO: [Schedule Check] ashishshindeukvalley@gmail.com → SKIPPED: time mismatch (now=14:24 vs scheduled=11:10)
[2026-07-30T08:54:00.909Z] INFO: [Report Delivery] santoshshimpankar61@gmail.com: evaluating (time=12:02, types=[daily], lastSent=Thu Jul 30 2026 14:05:07 GMT+0530 (India Standard Time), lastStatus=success)
[2026-07-30T08:54:00.912Z] INFO: [Schedule Check] santoshshimpankar61@gmail.com | TZ: Asia/Kolkata | Current: 14:24 weekday=Thu(4) date=30 | Configured time: 12:02 | Types: daily
[2026-07-30T08:54:00.913Z] INFO: [Schedule Check] santoshshimpankar61@gmail.com → SKIPPED: time mismatch (now=14:24 vs scheduled=12:02)
[2026-07-30T08:54:00.914Z] INFO: [Report Delivery] pratikkumbharde141@gmail.com: evaluating (time=14:16, types=[daily], lastSent=Thu Jul 30 2026 14:23:03 GMT+0530 (India Standard Time), lastStatus=success)
[2026-07-30T08:54:00.916Z] INFO: [Schedule Check] pratikkumbharde141@gmail.com | TZ: Asia/Kolkata | Current: 14:24 weekday=Thu(4) date=30 | Configured time: 14:16 | Types: daily
[2026-07-30T08:54:00.918Z] INFO: [Schedule Check] pratikkumbharde141@gmail.com → SKIPPED: time mismatch (now=14:24 vs scheduled=14:16)
[2026-07-30T08:54:00.920Z] INFO: [Report Delivery] Job complete: 0 sent, 3 not-due, 0 inactive-company, 0 errors (total: 3 schedules)
[2026-07-30T08:55:00.316Z] INFO: Starting WhatsApp inactive check job
[2026-07-30T08:55:00.319Z] INFO: [WhatsApp Cron] Processing inactive messages...
[2026-07-30T08:55:00.323Z] INFO: Starting Telegram inactive check job
[2026-07-30T08:55:00.326Z] INFO: [Telegram Cron] Processing inactive messages...
[2026-07-30T08:55:00.329Z] INFO: [Report Delivery] Cron tick at 2026-07-30T08:55:00.329Z
[2026-07-30T08:55:00.333Z] INFO: [WhatsApp Cron] Processed 0 messages, updated 0 SIMs
[2026-07-30T08:55:00.334Z] INFO: WhatsApp inactive check completed: 0 messages processed, 0 SIMs marked inactive
[2026-07-30T08:55:00.340Z] INFO: [Telegram Cron] Processed 0 messages, updated 0 SIMs
[2026-07-30T08:55:00.341Z] INFO: Telegram inactive check completed: 0 messages processed, 0 SIMs marked inactive
[2026-07-30T08:55:00.358Z] INFO: [Report Delivery] Found 3 active schedule(s), evaluating each...
[2026-07-30T08:55:00.359Z] INFO: [Report Delivery] ashishshindeukvalley@gmail.com: evaluating (time=11:10, types=[daily], lastSent=Thu Jul 30 2026 14:05:04 GMT+0530 (India Standard Time), lastStatus=success)
[2026-07-30T08:55:00.360Z] INFO: [Schedule Check] ashishshindeukvalley@gmail.com | TZ: Asia/Kolkata | Current: 14:25 weekday=Thu(4) date=30 | Configured time: 11:10 | Types: daily
[2026-07-30T08:55:00.361Z] INFO: [Schedule Check] ashishshindeukvalley@gmail.com → SKIPPED: time mismatch (now=14:25 vs scheduled=11:10)
[2026-07-30T08:55:00.362Z] INFO: [Report Delivery] santoshshimpankar61@gmail.com: evaluating (time=12:02, types=[daily], lastSent=Thu Jul 30 2026 14:05:07 GMT+0530 (India Standard Time), lastStatus=success)
[2026-07-30T08:55:00.363Z] INFO: [Schedule Check] santoshshimpankar61@gmail.com | TZ: Asia/Kolkata | Current: 14:25 weekday=Thu(4) date=30 | Configured time: 12:02 | Types: daily
[2026-07-30T08:55:00.364Z] INFO: [Schedule Check] santoshshimpankar61@gmail.com → SKIPPED: time mismatch (now=14:25 vs scheduled=12:02)
[2026-07-30T08:55:00.366Z] INFO: [Report Delivery] pratikkumbharde141@gmail.com: evaluating (time=14:16, types=[daily], lastSent=Thu Jul 30 2026 14:23:03 GMT+0530 (India Standard Time), lastStatus=success)
[2026-07-30T08:55:00.368Z] INFO: [Schedule Check] pratikkumbharde141@gmail.com | TZ: Asia/Kolkata | Current: 14:25 weekday=Thu(4) date=30 | Configured time: 14:16 | Types: daily
[2026-07-30T08:55:00.369Z] INFO: [Schedule Check] pratikkumbharde141@gmail.com → SKIPPED: time mismatch (now=14:25 vs scheduled=14:16)
[2026-07-30T08:55:00.370Z] INFO: [Report Delivery] Job complete: 0 sent, 3 not-due, 0 inactive-company, 0 errors (total: 3 schedules)
[2026-07-30T08:55:05.601Z] INFO: Email configuration check {"hasHost":true,"host":"smtp.gmail.com","port":587,"hasUser":true,"hasPass":true,"hasFrom":true}
[2026-07-30T08:55:05.612Z] INFO: Email service initialized successfully (SMTP) {"host":"smtp.gmail.com","port":587,"user":"santoshshimpankar.ukvalley@gmail.com"}
[2026-07-30T08:55:06.622Z] INFO: [WhatsApp] Twilio client initialized successfully
[2026-07-30T08:55:06.635Z] INFO: [Telegram] Bot token configured, service ready
[2026-07-30T08:55:47.277Z] INFO: Email configuration check {"hasHost":true,"host":"smtp.gmail.com","port":587,"hasUser":true,"hasPass":true,"hasFrom":true}
[2026-07-30T08:55:47.290Z] INFO: Email service initialized successfully (SMTP) {"host":"smtp.gmail.com","port":587,"user":"santoshshimpankar.ukvalley@gmail.com"}
[2026-07-30T08:55:48.314Z] INFO: [WhatsApp] Twilio client initialized successfully
[2026-07-30T08:55:48.331Z] INFO: [Telegram] Bot token configured, service ready
[2026-07-30T08:57:53.858Z] INFO: Email configuration check {"hasHost":true,"host":"smtp.gmail.com","port":587,"hasUser":true,"hasPass":true,"hasFrom":true}
[2026-07-30T08:57:53.875Z] INFO: Email service initialized successfully (SMTP) {"host":"smtp.gmail.com","port":587,"user":"santoshshimpankar.ukvalley@gmail.com"}
[2026-07-30T08:57:54.946Z] INFO: [WhatsApp] Twilio client initialized successfully
[2026-07-30T08:57:54.961Z] INFO: [Telegram] Bot token configured, service ready
[2026-07-30T08:57:56.418Z] INFO: Initializing cron jobs...
[2026-07-30T08:57:56.449Z] INFO: Job recharge-reminder scheduled: 0 9 * * *
[2026-07-30T08:57:56.451Z] INFO: Job inactive-sim-alert scheduled: 0 10 * * *
[2026-07-30T08:57:56.454Z] INFO: Job subscription-expiry-check scheduled: 0 8 * * *
[2026-07-30T08:57:56.459Z] INFO: Job data-cleanup scheduled: 0 2 * * 0
[2026-07-30T08:57:56.467Z] INFO: Job whatsapp-inactive-check scheduled: */5 * * * *
[2026-07-30T08:57:56.471Z] INFO: Job telegram-inactive-check scheduled: */5 * * * *
[2026-07-30T08:57:56.482Z] INFO: Job wifi-alert-check scheduled: */20 * * * *
[2026-07-30T08:57:56.487Z] INFO: Job wifi-metrics-cleanup scheduled: 0 3 * * 0
[2026-07-30T08:57:56.491Z] INFO: Job report-delivery scheduled: * * * * *
[2026-07-30T08:57:56.498Z] INFO: Job stale-payment-cleanup scheduled: */30 * * * *
[2026-07-30T08:57:56.501Z] INFO: All cron jobs initialized
[2026-07-30T08:57:56.952Z] INFO: Email transporter verified successfully - emails will be sent
[2026-07-30T08:58:00.503Z] INFO: [Report Delivery] Cron tick at 2026-07-30T08:58:00.503Z
[2026-07-30T08:58:00.562Z] INFO: [Report Delivery] Found 3 active schedule(s), evaluating each...
[2026-07-30T08:58:00.563Z] INFO: [Report Delivery] ashishshindeukvalley@gmail.com: evaluating (time=11:10, types=[daily], lastSent=Thu Jul 30 2026 14:05:04 GMT+0530 (India Standard Time), lastStatus=success)
[2026-07-30T08:58:00.569Z] INFO: [Schedule Check] ashishshindeukvalley@gmail.com | TZ: Asia/Kolkata | Current: 14:28 weekday=Thu(4) date=30 | Configured time: 11:10 | Types: daily
[2026-07-30T08:58:00.571Z] INFO: [Schedule Check] ashishshindeukvalley@gmail.com → SKIPPED: time mismatch (now=14:28 vs scheduled=11:10)
[2026-07-30T08:58:00.574Z] INFO: [Report Delivery] santoshshimpankar61@gmail.com: evaluating (time=12:02, types=[daily], lastSent=Thu Jul 30 2026 14:05:07 GMT+0530 (India Standard Time), lastStatus=success)
[2026-07-30T08:58:00.581Z] INFO: [Schedule Check] santoshshimpankar61@gmail.com | TZ: Asia/Kolkata | Current: 14:28 weekday=Thu(4) date=30 | Configured time: 12:02 | Types: daily
[2026-07-30T08:58:00.584Z] INFO: [Schedule Check] santoshshimpankar61@gmail.com → SKIPPED: time mismatch (now=14:28 vs scheduled=12:02)
[2026-07-30T08:58:00.587Z] INFO: [Report Delivery] pratikkumbharde141@gmail.com: evaluating (time=14:16, types=[daily], lastSent=Thu Jul 30 2026 14:23:03 GMT+0530 (India Standard Time), lastStatus=success)
[2026-07-30T08:58:00.592Z] INFO: [Schedule Check] pratikkumbharde141@gmail.com | TZ: Asia/Kolkata | Current: 14:28 weekday=Thu(4) date=30 | Configured time: 14:16 | Types: daily
[2026-07-30T08:58:00.596Z] INFO: [Schedule Check] pratikkumbharde141@gmail.com → SKIPPED: time mismatch (now=14:28 vs scheduled=14:16)
[2026-07-30T08:58:00.597Z] INFO: [Report Delivery] Job complete: 0 sent, 3 not-due, 0 inactive-company, 0 errors (total: 3 schedules)
[2026-07-30T08:58:07.963Z] INFO: Email configuration check {"hasHost":false,"port":587,"hasUser":false,"hasPass":false,"hasFrom":false}
[2026-07-30T08:58:07.965Z] WARN: Email configuration is incomplete. Email notifications will be disabled. {"hasHost":false,"hasUser":false,"hasPass":false}
[2026-07-30T08:58:15.101Z] INFO: Audit log created: SETTINGS.REPORT_SCHEDULE_DELETE {"logId":"6a6b12275fff43bbe6c296df","performedBy":"69f8b601247c51deb2aa1753","companyId":"69f8b601247c51deb2aa1751"}
[2026-07-30T08:58:35.610Z] INFO: Audit log created: SETTINGS.REPORT_SCHEDULE_CREATE {"logId":"6a6b123b5fff43bbe6c296ed","performedBy":"69f8b601247c51deb2aa1753","companyId":"69f8b601247c51deb2aa1751"}
[2026-07-30T08:58:45.419Z] INFO: Email configuration check {"hasHost":false,"port":587,"hasUser":false,"hasPass":false,"hasFrom":false}
[2026-07-30T08:58:45.422Z] WARN: Email configuration is incomplete. Email notifications will be disabled. {"hasHost":false,"hasUser":false,"hasPass":false}
[2026-07-30T08:58:55.997Z] INFO: Email configuration check {"hasHost":true,"host":"smtp.gmail.com","port":587,"hasUser":true,"hasPass":true,"hasFrom":true}
[2026-07-30T08:58:56.010Z] INFO: Email service initialized successfully (SMTP) {"host":"smtp.gmail.com","port":587,"user":"santoshshimpankar.ukvalley@gmail.com"}
[2026-07-30T08:58:56.941Z] INFO: [WhatsApp] Twilio client initialized successfully
[2026-07-30T08:58:56.957Z] INFO: [Telegram] Bot token configured, service ready
[2026-07-30T08:59:00.009Z] INFO: [Report Delivery] Cron tick at 2026-07-30T08:59:00.009Z
[2026-07-30T08:59:00.043Z] INFO: [Report Delivery] Found 3 active schedule(s), evaluating each...
[2026-07-30T08:59:00.045Z] INFO: [Report Delivery] ashishshindeukvalley@gmail.com: evaluating (time=11:10, types=[daily], lastSent=Thu Jul 30 2026 14:05:04 GMT+0530 (India Standard Time), lastStatus=success)
[2026-07-30T08:59:00.047Z] INFO: [Schedule Check] ashishshindeukvalley@gmail.com | TZ: Asia/Kolkata | Current: 14:29 weekday=Thu(4) date=30 | Configured time: 11:10 | Types: daily
[2026-07-30T08:59:00.048Z] INFO: [Schedule Check] ashishshindeukvalley@gmail.com → SKIPPED: time mismatch (now=14:29 vs scheduled=11:10)
[2026-07-30T08:59:00.049Z] INFO: [Report Delivery] santoshshimpankar61@gmail.com: evaluating (time=12:02, types=[daily], lastSent=Thu Jul 30 2026 14:05:07 GMT+0530 (India Standard Time), lastStatus=success)
[2026-07-30T08:59:00.051Z] INFO: [Schedule Check] santoshshimpankar61@gmail.com | TZ: Asia/Kolkata | Current: 14:29 weekday=Thu(4) date=30 | Configured time: 12:02 | Types: daily
[2026-07-30T08:59:00.053Z] INFO: [Schedule Check] santoshshimpankar61@gmail.com → SKIPPED: time mismatch (now=14:29 vs scheduled=12:02)
[2026-07-30T08:59:00.054Z] INFO: [Report Delivery] pratikumbharde141@gmail.com: evaluating (time=14:30, types=[daily], lastSent=Thu Jul 30 2026 14:29:00 GMT+0530 (India Standard Time), lastStatus=failed)
[2026-07-30T08:59:00.056Z] INFO: [Schedule Check] pratikumbharde141@gmail.com → SKIPPED: failed 0min ago (2min cooldown)
[2026-07-30T08:59:00.059Z] INFO: [Report Delivery] Job complete: 0 sent, 3 not-due, 0 inactive-company, 0 errors (total: 3 schedules)
[2026-07-30T09:00:00.546Z] INFO: Starting WhatsApp inactive check job
[2026-07-30T09:00:00.566Z] INFO: [WhatsApp Cron] Processing inactive messages...
[2026-07-30T09:00:00.591Z] INFO: Starting Telegram inactive check job
[2026-07-30T09:00:00.605Z] INFO: [Telegram Cron] Processing inactive messages...
[2026-07-30T09:00:00.628Z] INFO: [Report Delivery] Cron tick at 2026-07-30T09:00:00.628Z
[2026-07-30T09:00:00.633Z] INFO: Starting stale PayU payment cleanup job
[2026-07-30T09:00:00.648Z] INFO: [WhatsApp Cron] Processed 0 messages, updated 0 SIMs
[2026-07-30T09:00:00.649Z] INFO: WhatsApp inactive check completed: 0 messages processed, 0 SIMs marked inactive
[2026-07-30T09:00:00.659Z] INFO: [Telegram Cron] Processed 0 messages, updated 0 SIMs
[2026-07-30T09:00:00.662Z] INFO: Telegram inactive check completed: 0 messages processed, 0 SIMs marked inactive
[2026-07-30T09:00:00.664Z] INFO: [PayU] Cleaned up 0 stale payments
[2026-07-30T09:00:00.665Z] INFO: Stale payment cleanup completed: 0 payments cleaned up
[2026-07-30T09:00:00.671Z] INFO: [Report Delivery] Found 3 active schedule(s), evaluating each...
[2026-07-30T09:00:00.672Z] INFO: [Report Delivery] ashishshindeukvalley@gmail.com: evaluating (time=11:10, types=[daily], lastSent=Thu Jul 30 2026 14:05:04 GMT+0530 (India Standard Time), lastStatus=success)
[2026-07-30T09:00:00.677Z] INFO: [Schedule Check] ashishshindeukvalley@gmail.com | TZ: Asia/Kolkata | Current: 14:30 weekday=Thu(4) date=30 | Configured time: 11:10 | Types: daily
[2026-07-30T09:00:00.679Z] INFO: [Schedule Check] ashishshindeukvalley@gmail.com → SKIPPED: time mismatch (now=14:30 vs scheduled=11:10)
[2026-07-30T09:00:00.681Z] INFO: [Report Delivery] santoshshimpankar61@gmail.com: evaluating (time=12:02, types=[daily], lastSent=Thu Jul 30 2026 14:05:07 GMT+0530 (India Standard Time), lastStatus=success)
[2026-07-30T09:00:00.683Z] INFO: [Schedule Check] santoshshimpankar61@gmail.com | TZ: Asia/Kolkata | Current: 14:30 weekday=Thu(4) date=30 | Configured time: 12:02 | Types: daily
[2026-07-30T09:00:00.684Z] INFO: [Schedule Check] santoshshimpankar61@gmail.com → SKIPPED: time mismatch (now=14:30 vs scheduled=12:02)
[2026-07-30T09:00:00.686Z] INFO: [Report Delivery] pratikumbharde141@gmail.com: evaluating (time=14:30, types=[daily], lastSent=Thu Jul 30 2026 14:29:00 GMT+0530 (India Standard Time), lastStatus=failed)
[2026-07-30T09:00:00.687Z] INFO: [Schedule Check] pratikumbharde141@gmail.com → SKIPPED: failed 1min ago (2min cooldown)
[2026-07-30T09:00:00.688Z] INFO: [Report Delivery] Job complete: 0 sent, 3 not-due, 0 inactive-company, 0 errors (total: 3 schedules)
[2026-07-30T09:01:00.081Z] INFO: [Report Delivery] Cron tick at 2026-07-30T09:01:00.081Z
[2026-07-30T09:01:00.106Z] INFO: [Report Delivery] Found 3 active schedule(s), evaluating each...
[2026-07-30T09:01:00.107Z] INFO: [Report Delivery] ashishshindeukvalley@gmail.com: evaluating (time=11:10, types=[daily], lastSent=Thu Jul 30 2026 14:05:04 GMT+0530 (India Standard Time), lastStatus=success)
[2026-07-30T09:01:00.109Z] INFO: [Schedule Check] ashishshindeukvalley@gmail.com | TZ: Asia/Kolkata | Current: 14:31 weekday=Thu(4) date=30 | Configured time: 11:10 | Types: daily
[2026-07-30T09:01:00.110Z] INFO: [Schedule Check] ashishshindeukvalley@gmail.com → SKIPPED: time mismatch (now=14:31 vs scheduled=11:10)
[2026-07-30T09:01:00.111Z] INFO: [Report Delivery] santoshshimpankar61@gmail.com: evaluating (time=12:02, types=[daily], lastSent=Thu Jul 30 2026 14:05:07 GMT+0530 (India Standard Time), lastStatus=success)
[2026-07-30T09:01:00.115Z] INFO: [Schedule Check] santoshshimpankar61@gmail.com | TZ: Asia/Kolkata | Current: 14:31 weekday=Thu(4) date=30 | Configured time: 12:02 | Types: daily
[2026-07-30T09:01:00.117Z] INFO: [Schedule Check] santoshshimpankar61@gmail.com → SKIPPED: time mismatch (now=14:31 vs scheduled=12:02)
[2026-07-30T09:01:00.119Z] INFO: [Report Delivery] pratikumbharde141@gmail.com: evaluating (time=14:30, types=[daily], lastSent=Thu Jul 30 2026 14:29:00 GMT+0530 (India Standard Time), lastStatus=failed)
[2026-07-30T09:01:00.122Z] INFO: [Schedule Check] pratikumbharde141@gmail.com → SKIPPED: failed 2min ago (2min cooldown)
[2026-07-30T09:01:00.124Z] INFO: [Report Delivery] Job complete: 0 sent, 3 not-due, 0 inactive-company, 0 errors (total: 3 schedules)
[2026-07-30T09:02:14.904Z] INFO: Email configuration check {"hasHost":true,"host":"smtp.gmail.com","port":587,"hasUser":true,"hasPass":true,"hasFrom":true}
[2026-07-30T09:02:14.920Z] INFO: Email service initialized successfully (SMTP) {"host":"smtp.gmail.com","port":587,"user":"santoshshimpankar.ukvalley@gmail.com"}
[2026-07-30T09:02:21.660Z] INFO: [WhatsApp] Twilio client initialized successfully
[2026-07-30T09:02:21.709Z] INFO: [Telegram] Bot token configured, service ready
[2026-07-30T09:02:23.396Z] INFO: Initializing cron jobs...
[2026-07-30T09:02:23.460Z] INFO: Job recharge-reminder scheduled: 0 9 * * *
[2026-07-30T09:02:23.464Z] INFO: Job inactive-sim-alert scheduled: 0 10 * * *
[2026-07-30T09:02:23.475Z] INFO: Job subscription-expiry-check scheduled: 0 8 * * *
[2026-07-30T09:02:23.479Z] INFO: Job data-cleanup scheduled: 0 2 * * 0
[2026-07-30T09:02:23.494Z] INFO: Job whatsapp-inactive-check scheduled: */5 * * * *
[2026-07-30T09:02:23.505Z] INFO: Job telegram-inactive-check scheduled: */5 * * * *
[2026-07-30T09:02:23.516Z] INFO: Job wifi-alert-check scheduled: */20 * * * *
[2026-07-30T09:02:23.531Z] INFO: Job wifi-metrics-cleanup scheduled: 0 3 * * 0
[2026-07-30T09:02:23.546Z] INFO: Job report-delivery scheduled: * * * * *
[2026-07-30T09:02:23.560Z] INFO: Job stale-payment-cleanup scheduled: */30 * * * *
[2026-07-30T09:02:23.579Z] INFO: All cron jobs initialized
[2026-07-30T09:02:24.096Z] INFO: Email transporter verified successfully - emails will be sent
[2026-07-30T09:02:50.080Z] INFO: Audit log created: AUTH.USER_LOGIN {"logId":"6a6b133a50c3387df42d518e","performedBy":"69f8b601247c51deb2aa1753","companyId":"69f8b601247c51deb2aa1751"}
[2026-07-30T09:03:14.312Z] INFO: Email configuration check {"hasHost":false,"port":587,"hasUser":false,"hasPass":false,"hasFrom":false}
[2026-07-30T09:03:14.314Z] WARN: Email configuration is incomplete. Email notifications will be disabled. {"hasHost":false,"hasUser":false,"hasPass":false}
[2026-07-30T09:03:35.307Z] INFO: Audit log created: SETTINGS.REPORT_SCHEDULE_UPDATE {"logId":"6a6b136750c3387df42d529c","performedBy":"69f8b601247c51deb2aa1753","companyId":"69f8b601247c51deb2aa1751"}
[2026-07-30T09:03:44.651Z] INFO: Audit log created: SETTINGS.REPORT_SCHEDULE_UPDATE {"logId":"6a6b137050c3387df42d52fa","performedBy":"69f8b601247c51deb2aa1753","companyId":"69f8b601247c51deb2aa1751"}
[2026-07-30T09:03:55.602Z] INFO: Audit log created: SETTINGS.REPORT_SCHEDULE_UPDATE {"logId":"6a6b137b50c3387df42d5358","performedBy":"69f8b601247c51deb2aa1753","companyId":"69f8b601247c51deb2aa1751"}
[2026-07-30T09:04:00.401Z] INFO: [Report Delivery] Cron tick at 2026-07-30T09:04:00.401Z
[2026-07-30T09:04:00.446Z] INFO: [Report Delivery] Found 3 active schedule(s), evaluating each...
[2026-07-30T09:04:00.454Z] INFO: [Report Delivery] ashishshindeukvalley@gmail.com: evaluating (time=11:10, types=[daily], lastSent=Thu Jul 30 2026 14:05:04 GMT+0530 (India Standard Time), lastStatus=success)
[2026-07-30T09:04:00.472Z] INFO: [Schedule Check] ashishshindeukvalley@gmail.com | TZ: Asia/Kolkata | Current: 14:34 weekday=Thu(4) date=30 | Configured time: 11:10 | Types: daily | timeMatch=false
[2026-07-30T09:04:00.478Z] INFO: [Schedule Check] ashishshindeukvalley@gmail.com → SKIPPED: time mismatch (now=14:34 vs scheduled=11:10)
[2026-07-30T09:04:00.483Z] INFO: [Report Delivery] santoshshimpankar61@gmail.com: evaluating (time=12:02, types=[daily], lastSent=Thu Jul 30 2026 14:05:07 GMT+0530 (India Standard Time), lastStatus=success)
[2026-07-30T09:04:00.487Z] INFO: [Schedule Check] santoshshimpankar61@gmail.com | TZ: Asia/Kolkata | Current: 14:34 weekday=Thu(4) date=30 | Configured time: 12:02 | Types: daily | timeMatch=false
[2026-07-30T09:04:00.488Z] INFO: [Schedule Check] santoshshimpankar61@gmail.com → SKIPPED: time mismatch (now=14:34 vs scheduled=12:02)
[2026-07-30T09:04:00.489Z] INFO: [Report Delivery] pratikumbharde141@gmail.com: evaluating (time=14:39, types=[daily], lastSent=Thu Jul 30 2026 14:33:00 GMT+0530 (India Standard Time), lastStatus=failed)
[2026-07-30T09:04:00.491Z] INFO: [Schedule Check] pratikumbharde141@gmail.com | TZ: Asia/Kolkata | Current: 14:34 weekday=Thu(4) date=30 | Configured time: 14:39 | Types: daily | timeMatch=false
[2026-07-30T09:04:00.492Z] INFO: [Schedule Check] pratikumbharde141@gmail.com → SKIPPED: failed 1min ago, not at scheduled time, 2min cooldown active
[2026-07-30T09:04:00.496Z] INFO: [Report Delivery] Job complete: 0 sent, 3 not-due, 0 inactive-company, 0 errors (total: 3 schedules)
[2026-07-30T09:04:06.430Z] INFO: Audit log created: SETTINGS.REPORT_SCHEDULE_DELETE {"logId":"6a6b138650c3387df42d53b6","performedBy":"69f8b601247c51deb2aa1753","companyId":"69f8b601247c51deb2aa1751"}
[2026-07-30T09:04:21.352Z] INFO: Audit log created: SETTINGS.REPORT_SCHEDULE_CREATE {"logId":"6a6b139550c3387df42d53c4","performedBy":"69f8b601247c51deb2aa1753","companyId":"69f8b601247c51deb2aa1751"}
[2026-07-30T09:04:28.243Z] INFO: Audit log created: SETTINGS.REPORT_SCHEDULE_DELETE {"logId":"6a6b139c50c3387df42d5420","performedBy":"69f8b601247c51deb2aa1753","companyId":"69f8b601247c51deb2aa1751"}
[2026-07-30T09:04:43.902Z] INFO: Audit log created: SETTINGS.REPORT_SCHEDULE_CREATE {"logId":"6a6b13ab50c3387df42d542e","performedBy":"69f8b601247c51deb2aa1753","companyId":"69f8b601247c51deb2aa1751"}
[2026-07-30T09:05:00.756Z] INFO: Starting WhatsApp inactive check job
[2026-07-30T09:05:00.758Z] INFO: [WhatsApp Cron] Processing inactive messages...
[2026-07-30T09:05:00.772Z] INFO: [WhatsApp Cron] Processed 0 messages, updated 0 SIMs
[2026-07-30T09:05:00.774Z] INFO: WhatsApp inactive check completed: 0 messages processed, 0 SIMs marked inactive
[2026-07-30T09:05:00.849Z] INFO: Starting Telegram inactive check job
[2026-07-30T09:05:00.852Z] INFO: [Telegram Cron] Processing inactive messages...
[2026-07-30T09:05:00.859Z] INFO: [Report Delivery] Cron tick at 2026-07-30T09:05:00.859Z
[2026-07-30T09:05:00.876Z] INFO: [Telegram Cron] Processed 0 messages, updated 0 SIMs
[2026-07-30T09:05:00.877Z] INFO: Telegram inactive check completed: 0 messages processed, 0 SIMs marked inactive
[2026-07-30T09:05:00.900Z] INFO: [Report Delivery] Found 3 active schedule(s), evaluating each...
[2026-07-30T09:05:00.906Z] INFO: [Report Delivery] ashishshindeukvalley@gmail.com: evaluating (time=11:10, types=[daily], lastSent=Thu Jul 30 2026 14:05:04 GMT+0530 (India Standard Time), lastStatus=success)
[2026-07-30T09:05:00.910Z] INFO: [Schedule Check] ashishshindeukvalley@gmail.com | TZ: Asia/Kolkata | Current: 14:35 weekday=Thu(4) date=30 | Configured time: 11:10 | Types: daily | timeMatch=false
[2026-07-30T09:05:00.912Z] INFO: [Schedule Check] ashishshindeukvalley@gmail.com → SKIPPED: time mismatch (now=14:35 vs scheduled=11:10)
[2026-07-30T09:05:00.916Z] INFO: [Report Delivery] santoshshimpankar61@gmail.com: evaluating (time=12:02, types=[daily], lastSent=Thu Jul 30 2026 14:05:07 GMT+0530 (India Standard Time), lastStatus=success)
[2026-07-30T09:05:00.920Z] INFO: [Schedule Check] santoshshimpankar61@gmail.com | TZ: Asia/Kolkata | Current: 14:35 weekday=Thu(4) date=30 | Configured time: 12:02 | Types: daily | timeMatch=false
[2026-07-30T09:05:00.923Z] INFO: [Schedule Check] santoshshimpankar61@gmail.com → SKIPPED: time mismatch (now=14:35 vs scheduled=12:02)
[2026-07-30T09:05:00.924Z] INFO: [Report Delivery] pratikumbharde141@gmail.com: evaluating (time=14:35, types=[daily], lastSent=Thu Jul 30 2026 14:35:00 GMT+0530 (India Standard Time), lastStatus=failed)
[2026-07-30T09:05:00.926Z] INFO: [Schedule Check] pratikumbharde141@gmail.com | TZ: Asia/Kolkata | Current: 14:35 weekday=Thu(4) date=30 | Configured time: 14:35 | Types: daily | timeMatch=true
[2026-07-30T09:05:00.929Z] INFO: [Schedule Check] pratikumbharde141@gmail.com → MATCH (retry of failed send 0min ago): will send report now
[2026-07-30T09:05:00.978Z] INFO: [Report Delivery] pratikumbharde141@gmail.com: sending report...
[2026-07-30T09:05:00.979Z] INFO: [Report Send] pratikumbharde141@gmail.com: using populated company "Yadnesh SolutionsoyYadnesh Solutionsoy" (69f8b601247c51deb2aa1751)
[2026-07-30T09:05:00.981Z] INFO: [Report Send] pratikumbharde141@gmail.com: generating report data for company "Yadnesh SolutionsoyYadnesh Solutionsoy", types=[overview]
[2026-07-30T09:05:01.002Z] INFO: [Report Data] Generating report for company "Yadnesh SolutionsoyYadnesh Solutionsoy" (69f8b601247c51deb2aa1751), types=[overview]
[2026-07-30T09:05:01.117Z] INFO: [Report Data] Overview data loaded: sims={"total":21,"active":20,"inactive":1}, recharges={"monthlyTotal":0,"monthlyCount":0,"upcoming":[],"overdue":5}
[2026-07-30T09:05:01.146Z] INFO: [Report Send] pratikumbharde141@gmail.com: report data generated successfully (sims=true, recharges=true, callStats=true)
[2026-07-30T09:05:01.151Z] INFO: [Report Send] pratikumbharde141@gmail.com: sending email to pratikumbharde141@gmail.com, subject="Overview — Yadnesh SolutionsoyYadnesh Solutionsoy"
[2026-07-30T09:05:01.200Z] INFO: [SMTP] Preparing scheduled report email: to="pratikumbharde141@gmail.com" company="Yadnesh SolutionsoyYadnesh Solutionsoy" type="Overview"
[2026-07-30T09:05:01.202Z] INFO: [SMTP] Sending email to="pratikumbharde141@gmail.com" subject="Overview — Yadnesh SolutionsoyYadnesh Solutionsoy [30/7/2026]" from="santoshshimpankar.ukvalley@gmail.com"
[2026-07-30T09:05:04.334Z] INFO: [SMTP] Email sent successfully to="pratikumbharde141@gmail.com" messageId="<f2948bfc-c432-e513-c520-dd959a282b6f@gmail.com>" response="250 2.0.0 OK  1785402305 a92af1059eb24-13e7265be48sm18483802c88.8 - gsmtp"
[2026-07-30T09:05:04.335Z] INFO: [SMTP] Scheduled report email SENT to="pratikumbharde141@gmail.com" messageId="<f2948bfc-c432-e513-c520-dd959a282b6f@gmail.com>"
[2026-07-30T09:05:04.337Z] INFO: [Report Send] pratikumbharde141@gmail.com: email sent successfully (messageId=<f2948bfc-c432-e513-c520-dd959a282b6f@gmail.com>)
[2026-07-30T09:05:04.362Z] INFO: [Report Send] pratikumbharde141@gmail.com: SUCCESS — status saved
[2026-07-30T09:05:04.382Z] INFO: [Report Delivery] pratikumbharde141@gmail.com: ✓ report sent successfully
[2026-07-30T09:05:04.405Z] INFO: [Report Delivery] Job complete: 1 sent, 2 not-due, 0 inactive-company, 0 errors (total: 3 schedules)
[2026-07-30T09:06:00.265Z] INFO: Email configuration check {"hasHost":true,"host":"smtp.gmail.com","port":587,"hasUser":true,"hasPass":true,"hasFrom":true}
[2026-07-30T09:06:00.277Z] INFO: Email service initialized successfully (SMTP) {"host":"smtp.gmail.com","port":587,"user":"santoshshimpankar.ukvalley@gmail.com"}
[2026-07-30T09:06:04.827Z] INFO: [WhatsApp] Twilio client initialized successfully
[2026-07-30T09:06:04.867Z] INFO: [Telegram] Bot token configured, service ready
[2026-07-30T09:06:07.406Z] INFO: Initializing cron jobs...
[2026-07-30T09:06:07.534Z] INFO: Job recharge-reminder scheduled: 0 9 * * *
[2026-07-30T09:06:07.538Z] INFO: Job inactive-sim-alert scheduled: 0 10 * * *
[2026-07-30T09:06:07.541Z] INFO: Job subscription-expiry-check scheduled: 0 8 * * *
[2026-07-30T09:06:07.564Z] INFO: Job data-cleanup scheduled: 0 2 * * 0
[2026-07-30T09:06:07.576Z] INFO: Job whatsapp-inactive-check scheduled: */5 * * * *
[2026-07-30T09:06:07.583Z] INFO: Job telegram-inactive-check scheduled: */5 * * * *
[2026-07-30T09:06:07.593Z] INFO: Job wifi-alert-check scheduled: */20 * * * *
[2026-07-30T09:06:07.595Z] INFO: Job wifi-metrics-cleanup scheduled: 0 3 * * 0
[2026-07-30T09:06:07.603Z] INFO: Job report-delivery scheduled: * * * * *
[2026-07-30T09:06:07.614Z] INFO: Job stale-payment-cleanup scheduled: */30 * * * *
[2026-07-30T09:06:07.621Z] INFO: All cron jobs initialized
[2026-07-30T09:06:07.683Z] INFO: Email transporter verified successfully - emails will be sent
[2026-07-30T09:06:08.202Z] INFO: Audit log created: AUTH.USER_LOGIN {"logId":"6a6b1400e02d74a05a632b68","performedBy":"69f8b601247c51deb2aa1753","companyId":"69f8b601247c51deb2aa1751"}
[2026-07-30T09:06:17.555Z] INFO: Audit log created: SETTINGS.REPORT_SCHEDULE_DELETE {"logId":"6a6b1409e02d74a05a632c2c","performedBy":"69f8b601247c51deb2aa1753","companyId":"69f8b601247c51deb2aa1751"}
[2026-07-30T09:06:33.882Z] INFO: Audit log created: SETTINGS.REPORT_SCHEDULE_CREATE {"logId":"6a6b1419e02d74a05a632c3a","performedBy":"69f8b601247c51deb2aa1753","companyId":"69f8b601247c51deb2aa1751"}
[2026-07-30T09:07:00.038Z] INFO: [Report Delivery] Cron tick at 2026-07-30T09:07:00.038Z
[2026-07-30T09:07:00.078Z] INFO: [Report Delivery] Found 3 active schedule(s), evaluating each...
[2026-07-30T09:07:00.079Z] INFO: [Report Delivery] pratikumbharde141@gmail.com: evaluating (time=02:37, types=[daily], lastSent=never, lastStatus=none)
[2026-07-30T09:07:00.082Z] INFO: [Schedule Check] pratikumbharde141@gmail.com | TZ: Asia/Kolkata | Current: 14:37 weekday=Thu(4) date=30 | Configured time: 2:37 | Types: daily | timeMatch=false
[2026-07-30T09:07:00.083Z] INFO: [Schedule Check] pratikumbharde141@gmail.com → SKIPPED: time mismatch (now=14:37 vs scheduled=2:37)
[2026-07-30T09:07:00.086Z] INFO: [Report Delivery] ashishshindeukvalley@gmail.com: evaluating (time=11:10, types=[daily], lastSent=Thu Jul 30 2026 14:05:04 GMT+0530 (India Standard Time), lastStatus=success)
[2026-07-30T09:07:00.088Z] INFO: [Schedule Check] ashishshindeukvalley@gmail.com | TZ: Asia/Kolkata | Current: 14:37 weekday=Thu(4) date=30 | Configured time: 11:10 | Types: daily | timeMatch=false
[2026-07-30T09:07:00.089Z] INFO: [Schedule Check] ashishshindeukvalley@gmail.com → SKIPPED: time mismatch (now=14:37 vs scheduled=11:10)
[2026-07-30T09:07:00.090Z] INFO: [Report Delivery] santoshshimpankar61@gmail.com: evaluating (time=12:02, types=[daily], lastSent=Thu Jul 30 2026 14:05:07 GMT+0530 (India Standard Time), lastStatus=success)
[2026-07-30T09:07:00.091Z] INFO: [Schedule Check] santoshshimpankar61@gmail.com | TZ: Asia/Kolkata | Current: 14:37 weekday=Thu(4) date=30 | Configured time: 12:02 | Types: daily | timeMatch=false
[2026-07-30T09:07:00.092Z] INFO: [Schedule Check] santoshshimpankar61@gmail.com → SKIPPED: time mismatch (now=14:37 vs scheduled=12:02)
[2026-07-30T09:07:00.093Z] INFO: [Report Delivery] Job complete: 0 sent, 3 not-due, 0 inactive-company, 0 errors (total: 3 schedules)
[2026-07-30T09:08:00.599Z] INFO: [Report Delivery] Cron tick at 2026-07-30T09:08:00.599Z
[2026-07-30T09:08:00.628Z] INFO: [Report Delivery] Found 3 active schedule(s), evaluating each...
[2026-07-30T09:08:00.629Z] INFO: [Report Delivery] pratikumbharde141@gmail.com: evaluating (time=02:37, types=[daily], lastSent=never, lastStatus=none)
[2026-07-30T09:08:00.630Z] INFO: [Schedule Check] pratikumbharde141@gmail.com | TZ: Asia/Kolkata | Current: 14:38 weekday=Thu(4) date=30 | Configured time: 2:37 | Types: daily | timeMatch=false
[2026-07-30T09:08:00.632Z] INFO: [Schedule Check] pratikumbharde141@gmail.com → SKIPPED: time mismatch (now=14:38 vs scheduled=2:37)
[2026-07-30T09:08:00.633Z] INFO: [Report Delivery] ashishshindeukvalley@gmail.com: evaluating (time=11:10, types=[daily], lastSent=Thu Jul 30 2026 14:05:04 GMT+0530 (India Standard Time), lastStatus=success)
[2026-07-30T09:08:00.635Z] INFO: [Schedule Check] ashishshindeukvalley@gmail.com | TZ: Asia/Kolkata | Current: 14:38 weekday=Thu(4) date=30 | Configured time: 11:10 | Types: daily | timeMatch=false
[2026-07-30T09:08:00.637Z] INFO: [Schedule Check] ashishshindeukvalley@gmail.com → SKIPPED: time mismatch (now=14:38 vs scheduled=11:10)
[2026-07-30T09:08:00.638Z] INFO: [Report Delivery] santoshshimpankar61@gmail.com: evaluating (time=12:02, types=[daily], lastSent=Thu Jul 30 2026 14:05:07 GMT+0530 (India Standard Time), lastStatus=success)
[2026-07-30T09:08:00.639Z] INFO: [Schedule Check] santoshshimpankar61@gmail.com | TZ: Asia/Kolkata | Current: 14:38 weekday=Thu(4) date=30 | Configured time: 12:02 | Types: daily | timeMatch=false
[2026-07-30T09:08:00.639Z] INFO: [Schedule Check] santoshshimpankar61@gmail.com → SKIPPED: time mismatch (now=14:38 vs scheduled=12:02)
[2026-07-30T09:08:00.640Z] INFO: [Report Delivery] Job complete: 0 sent, 3 not-due, 0 inactive-company, 0 errors (total: 3 schedules)
[2026-07-30T09:08:53.489Z] INFO: Audit log created: SETTINGS.REPORT_SCHEDULE_UPDATE {"logId":"6a6b14a5e02d74a05a632e3f","performedBy":"69f8b601247c51deb2aa1753","companyId":"69f8b601247c51deb2aa1751"}
[2026-07-30T09:09:00.091Z] INFO: [Report Delivery] Cron tick at 2026-07-30T09:09:00.091Z
[2026-07-30T09:09:00.118Z] INFO: [Report Delivery] Found 3 active schedule(s), evaluating each...
[2026-07-30T09:09:00.119Z] INFO: [Report Delivery] ashishshindeukvalley@gmail.com: evaluating (time=11:10, types=[daily], lastSent=Thu Jul 30 2026 14:05:04 GMT+0530 (India Standard Time), lastStatus=success)
[2026-07-30T09:09:00.120Z] INFO: [Schedule Check] ashishshindeukvalley@gmail.com | TZ: Asia/Kolkata | Current: 14:39 weekday=Thu(4) date=30 | Configured time: 11:10 | Types: daily | timeMatch=false
[2026-07-30T09:09:00.120Z] INFO: [Schedule Check] ashishshindeukvalley@gmail.com → SKIPPED: time mismatch (now=14:39 vs scheduled=11:10)
[2026-07-30T09:09:00.121Z] INFO: [Report Delivery] santoshshimpankar61@gmail.com: evaluating (time=12:02, types=[daily], lastSent=Thu Jul 30 2026 14:05:07 GMT+0530 (India Standard Time), lastStatus=success)
[2026-07-30T09:09:00.122Z] INFO: [Schedule Check] santoshshimpankar61@gmail.com | TZ: Asia/Kolkata | Current: 14:39 weekday=Thu(4) date=30 | Configured time: 12:02 | Types: daily | timeMatch=false
[2026-07-30T09:09:00.122Z] INFO: [Schedule Check] santoshshimpankar61@gmail.com → SKIPPED: time mismatch (now=14:39 vs scheduled=12:02)
[2026-07-30T09:09:00.123Z] INFO: [Report Delivery] pratikumbharde141@gmail.com: evaluating (time=14:39, types=[daily], lastSent=never, lastStatus=none)
[2026-07-30T09:09:00.124Z] INFO: [Schedule Check] pratikumbharde141@gmail.com | TZ: Asia/Kolkata | Current: 14:39 weekday=Thu(4) date=30 | Configured time: 14:39 | Types: daily | timeMatch=true
[2026-07-30T09:09:00.125Z] INFO: [Schedule Check] pratikumbharde141@gmail.com → MATCH: will send report now
[2026-07-30T09:09:00.152Z] INFO: [Report Delivery] pratikumbharde141@gmail.com: sending report...
[2026-07-30T09:09:00.154Z] INFO: [Report Send] pratikumbharde141@gmail.com: using populated company "Yadnesh SolutionsoyYadnesh Solutionsoy" (69f8b601247c51deb2aa1751)
[2026-07-30T09:09:00.155Z] INFO: [Report Send] pratikumbharde141@gmail.com: generating report data for company "Yadnesh SolutionsoyYadnesh Solutionsoy", types=[overview]
[2026-07-30T09:09:00.168Z] INFO: [Report Data] Generating report for company "Yadnesh SolutionsoyYadnesh Solutionsoy" (69f8b601247c51deb2aa1751), types=[overview]
[2026-07-30T09:09:00.262Z] INFO: [Report Data] Overview data loaded: sims={"total":21,"active":20,"inactive":1}, recharges={"monthlyTotal":0,"monthlyCount":0,"upcoming":[],"overdue":5}
[2026-07-30T09:09:00.291Z] INFO: [Report Send] pratikumbharde141@gmail.com: report data generated successfully (sims=true, recharges=true, callStats=true)
[2026-07-30T09:09:00.292Z] INFO: [Report Send] pratikumbharde141@gmail.com: sending email to pratikumbharde141@gmail.com, subject="Overview — Yadnesh SolutionsoyYadnesh Solutionsoy"
[2026-07-30T09:09:00.333Z] INFO: [SMTP] Preparing scheduled report email: to="pratikumbharde141@gmail.com" company="Yadnesh SolutionsoyYadnesh Solutionsoy" type="Overview"
[2026-07-30T09:09:00.337Z] INFO: [SMTP] Sending email to="pratikumbharde141@gmail.com" subject="Overview — Yadnesh SolutionsoyYadnesh Solutionsoy [30/7/2026]" from="santoshshimpankar.ukvalley@gmail.com"
[2026-07-30T09:09:03.523Z] INFO: [SMTP] Email sent successfully to="pratikumbharde141@gmail.com" messageId="<957654f7-97ce-5ef1-3ff6-8d72c7064dd5@gmail.com>" response="250 2.0.0 OK  1785402544 5a478bee46e88-31504b124e4sm17742237eec.6 - gsmtp"
[2026-07-30T09:09:03.524Z] INFO: [SMTP] Scheduled report email SENT to="pratikumbharde141@gmail.com" messageId="<957654f7-97ce-5ef1-3ff6-8d72c7064dd5@gmail.com>"
[2026-07-30T09:09:03.525Z] INFO: [Report Send] pratikumbharde141@gmail.com: email sent successfully (messageId=<957654f7-97ce-5ef1-3ff6-8d72c7064dd5@gmail.com>)
[2026-07-30T09:09:03.548Z] INFO: [Report Send] pratikumbharde141@gmail.com: SUCCESS — status saved
[2026-07-30T09:09:03.549Z] INFO: [Report Delivery] pratikumbharde141@gmail.com: ✓ report sent successfully
[2026-07-30T09:09:03.550Z] INFO: [Report Delivery] Job complete: 1 sent, 2 not-due, 0 inactive-company, 0 errors (total: 3 schedules)
[2026-07-30T09:10:00.652Z] INFO: Starting WhatsApp inactive check job
[2026-07-30T09:10:00.655Z] INFO: [WhatsApp Cron] Processing inactive messages...
[2026-07-30T09:10:00.663Z] INFO: Starting Telegram inactive check job
[2026-07-30T09:10:00.666Z] INFO: [Telegram Cron] Processing inactive messages...
[2026-07-30T09:10:00.671Z] INFO: Starting WiFi alert check job
[2026-07-30T09:10:00.674Z] INFO: [WhatsApp Cron] Processed 0 messages, updated 0 SIMs
[2026-07-30T09:10:00.675Z] INFO: WhatsApp inactive check completed: 0 messages processed, 0 SIMs marked inactive
[2026-07-30T09:10:00.677Z] INFO: [Report Delivery] Cron tick at 2026-07-30T09:10:00.677Z
[2026-07-30T09:10:00.682Z] INFO: [Telegram Cron] Processed 0 messages, updated 0 SIMs
[2026-07-30T09:10:00.683Z] INFO: Telegram inactive check completed: 0 messages processed, 0 SIMs marked inactive
[2026-07-30T09:10:00.702Z] INFO: [Report Delivery] Found 3 active schedule(s), evaluating each...
[2026-07-30T09:10:00.703Z] INFO: [Report Delivery] ashishshindeukvalley@gmail.com: evaluating (time=11:10, types=[daily], lastSent=Thu Jul 30 2026 14:05:04 GMT+0530 (India Standard Time), lastStatus=success)
[2026-07-30T09:10:00.705Z] INFO: [Schedule Check] ashishshindeukvalley@gmail.com | TZ: Asia/Kolkata | Current: 14:40 weekday=Thu(4) date=30 | Configured time: 11:10 | Types: daily | timeMatch=false
[2026-07-30T09:10:00.705Z] INFO: [Schedule Check] ashishshindeukvalley@gmail.com → SKIPPED: time mismatch (now=14:40 vs scheduled=11:10)
[2026-07-30T09:10:00.706Z] INFO: [Report Delivery] santoshshimpankar61@gmail.com: evaluating (time=12:02, types=[daily], lastSent=Thu Jul 30 2026 14:05:07 GMT+0530 (India Standard Time), lastStatus=success)
[2026-07-30T09:10:00.709Z] INFO: [Schedule Check] santoshshimpankar61@gmail.com | TZ: Asia/Kolkata | Current: 14:40 weekday=Thu(4) date=30 | Configured time: 12:02 | Types: daily | timeMatch=false
[2026-07-30T09:10:00.710Z] INFO: [Schedule Check] santoshshimpankar61@gmail.com → SKIPPED: time mismatch (now=14:40 vs scheduled=12:02)
[2026-07-30T09:10:00.711Z] INFO: [Report Delivery] pratikumbharde141@gmail.com: evaluating (time=14:39, types=[daily], lastSent=Thu Jul 30 2026 14:39:03 GMT+0530 (India Standard Time), lastStatus=success)
[2026-07-30T09:10:00.712Z] INFO: [Schedule Check] pratikumbharde141@gmail.com | TZ: Asia/Kolkata | Current: 14:40 weekday=Thu(4) date=30 | Configured time: 14:39 | Types: daily | timeMatch=false
[2026-07-30T09:10:00.713Z] INFO: [Schedule Check] pratikumbharde141@gmail.com → SKIPPED: time mismatch (now=14:40 vs scheduled=14:39)
[2026-07-30T09:10:00.714Z] INFO: [Report Delivery] Job complete: 0 sent, 3 not-due, 0 inactive-company, 0 errors (total: 3 schedules)
[2026-07-30T09:10:01.138Z] INFO: [WIFI ALERT] All checks completed {"checked":0,"skipped":3,"alertsCreated":0,"alertsUpdated":0,"alertsResolved":0,"emailsSent":0,"emailErrors":[],"errors":[],"offlineAlertsCreated":0,"wifiOffAlertsCreated":0,"disconnectedAlertsCreated":0,"notificationsCreated":0}
[2026-07-30T09:10:01.139Z] INFO: WiFi alert check job completed
[2026-07-30T09:11:00.236Z] INFO: [Report Delivery] Cron tick at 2026-07-30T09:11:00.236Z
[2026-07-30T09:11:00.337Z] INFO: [Report Delivery] Found 3 active schedule(s), evaluating each...
[2026-07-30T09:11:00.403Z] INFO: [Report Delivery] ashishshindeukvalley@gmail.com: evaluating (time=11:10, types=[daily], lastSent=Thu Jul 30 2026 14:05:04 GMT+0530 (India Standard Time), lastStatus=success)
[2026-07-30T09:11:00.410Z] INFO: [Schedule Check] ashishshindeukvalley@gmail.com | TZ: Asia/Kolkata | Current: 14:41 weekday=Thu(4) date=30 | Configured time: 11:10 | Types: daily | timeMatch=false
[2026-07-30T09:11:00.472Z] INFO: [Schedule Check] ashishshindeukvalley@gmail.com → SKIPPED: time mismatch (now=14:41 vs scheduled=11:10)
[2026-07-30T09:11:00.478Z] INFO: [Report Delivery] santoshshimpankar61@gmail.com: evaluating (time=12:02, types=[daily], lastSent=Thu Jul 30 2026 14:05:07 GMT+0530 (India Standard Time), lastStatus=success)
[2026-07-30T09:11:00.489Z] INFO: [Schedule Check] santoshshimpankar61@gmail.com | TZ: Asia/Kolkata | Current: 14:41 weekday=Thu(4) date=30 | Configured time: 12:02 | Types: daily | timeMatch=false
[2026-07-30T09:11:00.492Z] INFO: [Schedule Check] santoshshimpankar61@gmail.com → SKIPPED: time mismatch (now=14:41 vs scheduled=12:02)
[2026-07-30T09:11:00.523Z] INFO: [Report Delivery] pratikumbharde141@gmail.com: evaluating (time=14:39, types=[daily], lastSent=Thu Jul 30 2026 14:39:03 GMT+0530 (India Standard Time), lastStatus=success)
[2026-07-30T09:11:00.531Z] INFO: [Schedule Check] pratikumbharde141@gmail.com | TZ: Asia/Kolkata | Current: 14:41 weekday=Thu(4) date=30 | Configured time: 14:39 | Types: daily | timeMatch=false
[2026-07-30T09:11:00.534Z] INFO: [Schedule Check] pratikumbharde141@gmail.com → SKIPPED: time mismatch (now=14:41 vs scheduled=14:39)
[2026-07-30T09:11:00.538Z] INFO: [Report Delivery] Job complete: 0 sent, 3 not-due, 0 inactive-company, 0 errors (total: 3 schedules)
